"Date","Official Bank Rate  						[a] [b] 						IUDBEDR","Quarterly average of official Bank Rate  						[a] [b] 						IUQABEDR","End quarter official Bank Rate  						[a] [b] 						IUQLBEDR"
"21 Sep 26","3.75","n/a","n/a"
"18 Sep 26","3.75","n/a","n/a"
"17 Sep 26","3.75","n/a","n/a"
"16 Sep 26","3.75","n/a","n/a"
"15 Sep 26","3.75","n/a","n/a"
"14 Sep 26","3.75","n/a","n/a"
"11 Sep 26","3.75","n/a","n/a"
"10 Sep 26","3.75","n/a","n/a"
"09 Sep 26","3.75","n/a","n/a"
"08 Sep 26","3.75","n/a","n/a"
"07 Sep 26","3.75","n/a","n/a"
"04 Sep 26","3.75","n/a","n/a"
"03 Sep 26","3.75","n/a","n/a"
"02 Sep 26","3.75","n/a","n/a"
"01 Sep 26","3.75","n/a","n/a"
"28 Aug 26","3.75","n/a","n/a"
"27 Aug 26","3.75","n/a","n/a"
"26 Aug 26","3.75","n/a","n/a"
"25 Aug 26","3.75","n/a","n/a"
"24 Aug 26","3.75","n/a","n/a"
"21 Aug 26","3.75","n/a","n/a"
"20 Aug 26","3.75","n/a","n/a"
"19 Aug 26","3.75","n/a","n/a"
"18 Aug 26","3.75","n/a","n/a"
"17 Aug 26","3.75","n/a","n/a"
"14 Aug 26","3.75","n/a","n/a"
"13 Aug 26","3.75","n/a","n/a"
"12 Aug 26","3.75","n/a","n/a"
"11 Aug 26","3.75","n/a","n/a"
"10 Aug 26","3.75","n/a","n/a"
"07 Aug 26","3.75","n/a","n/a"
"06 Aug 26","3.75","n/a","n/a"
"05 Aug 26","3.75","n/a","n/a"
"04 Aug 26","3.75","n/a","n/a"
"03 Aug 26","3.75","n/a","n/a"
"31 Jul 26","3.75","n/a","n/a"
"30 Jul 26","3.75","n/a","n/a"
"29 Jul 26","3.75","n/a","n/a"
"28 Jul 26","3.75","n/a","n/a"
"27 Jul 26","3.75","n/a","n/a"
"24 Jul 26","3.75","n/a","n/a"
"23 Jul 26","3.75","n/a","n/a"
"22 Jul 26","3.75","n/a","n/a"
"21 Jul 26","3.75","n/a","n/a"
"20 Jul 26","3.75","n/a","n/a"
"17 Jul 26","3.75","n/a","n/a"
"16 Jul 26","3.75","n/a","n/a"
"15 Jul 26","3.75","n/a","n/a"
"14 Jul 26","3.75","n/a","n/a"
"13 Jul 26","3.75","n/a","n/a"
"10 Jul 26","3.75","n/a","n/a"
"09 Jul 26","3.75","n/a","n/a"
"08 Jul 26","3.75","n/a","n/a"
"07 Jul 26","3.75","n/a","n/a"
"06 Jul 26","3.75","n/a","n/a"
"03 Jul 26","3.75","n/a","n/a"
"02 Jul 26","3.75","n/a","n/a"
"01 Jul 26","3.75","n/a","n/a"
"30 Jun 26","3.75","3.75","3.75"
"29 Jun 26","3.75","n/a","n/a"
"26 Jun 26","3.75","n/a","n/a"
"25 Jun 26","3.75","n/a","n/a"
"24 Jun 26","3.75","n/a","n/a"
"23 Jun 26","3.75","n/a","n/a"
"22 Jun 26","3.75","n/a","n/a"
"19 Jun 26","3.75","n/a","n/a"
"18 Jun 26","3.75","n/a","n/a"
"17 Jun 26","3.75","n/a","n/a"
"16 Jun 26","3.75","n/a","n/a"
"15 Jun 26","3.75","n/a","n/a"
"12 Jun 26","3.75","n/a","n/a"
"11 Jun 26","3.75","n/a","n/a"
"10 Jun 26","3.75","n/a","n/a"
"09 Jun 26","3.75","n/a","n/a"
"08 Jun 26","3.75","n/a","n/a"
"05 Jun 26","3.75","n/a","n/a"
"04 Jun 26","3.75","n/a","n/a"
"03 Jun 26","3.75","n/a","n/a"
"02 Jun 26","3.75","n/a","n/a"
"01 Jun 26","3.75","n/a","n/a"
"29 May 26","3.75","n/a","n/a"
"28 May 26","3.75","n/a","n/a"
"27 May 26","3.75","n/a","n/a"
"26 May 26","3.75","n/a","n/a"
"22 May 26","3.75","n/a","n/a"
"21 May 26","3.75","n/a","n/a"
"20 May 26","3.75","n/a","n/a"
"19 May 26","3.75","n/a","n/a"
"18 May 26","3.75","n/a","n/a"
"15 May 26","3.75","n/a","n/a"
"14 May 26","3.75","n/a","n/a"
"13 May 26","3.75","n/a","n/a"
"12 May 26","3.75","n/a","n/a"
"11 May 26","3.75","n/a","n/a"
"08 May 26","3.75","n/a","n/a"
"07 May 26","3.75","n/a","n/a"
"06 May 26","3.75","n/a","n/a"
"05 May 26","3.75","n/a","n/a"
"01 May 26","3.75","n/a","n/a"
"30 Apr 26","3.75","n/a","n/a"
"29 Apr 26","3.75","n/a","n/a"
"28 Apr 26","3.75","n/a","n/a"
"27 Apr 26","3.75","n/a","n/a"
"24 Apr 26","3.75","n/a","n/a"
"23 Apr 26","3.75","n/a","n/a"
"22 Apr 26","3.75","n/a","n/a"
"21 Apr 26","3.75","n/a","n/a"
"20 Apr 26","3.75","n/a","n/a"
"17 Apr 26","3.75","n/a","n/a"
"16 Apr 26","3.75","n/a","n/a"
"15 Apr 26","3.75","n/a","n/a"
"14 Apr 26","3.75","n/a","n/a"
"13 Apr 26","3.75","n/a","n/a"
"10 Apr 26","3.75","n/a","n/a"
"09 Apr 26","3.75","n/a","n/a"
"08 Apr 26","3.75","n/a","n/a"
"07 Apr 26","3.75","n/a","n/a"
"02 Apr 26","3.75","n/a","n/a"
"01 Apr 26","3.75","n/a","n/a"
"31 Mar 26","3.75","3.75","3.75"
"30 Mar 26","3.75","n/a","n/a"
"27 Mar 26","3.75","n/a","n/a"
"26 Mar 26","3.75","n/a","n/a"
"25 Mar 26","3.75","n/a","n/a"
"24 Mar 26","3.75","n/a","n/a"
"23 Mar 26","3.75","n/a","n/a"
"20 Mar 26","3.75","n/a","n/a"
"19 Mar 26","3.75","n/a","n/a"
"18 Mar 26","3.75","n/a","n/a"
"17 Mar 26","3.75","n/a","n/a"
"16 Mar 26","3.75","n/a","n/a"
"13 Mar 26","3.75","n/a","n/a"
"12 Mar 26","3.75","n/a","n/a"
"11 Mar 26","3.75","n/a","n/a"
"10 Mar 26","3.75","n/a","n/a"
"09 Mar 26","3.75","n/a","n/a"
"06 Mar 26","3.75","n/a","n/a"
"05 Mar 26","3.75","n/a","n/a"
"04 Mar 26","3.75","n/a","n/a"
"03 Mar 26","3.75","n/a","n/a"
"02 Mar 26","3.75","n/a","n/a"
"27 Feb 26","3.75","n/a","n/a"
"26 Feb 26","3.75","n/a","n/a"
"25 Feb 26","3.75","n/a","n/a"
"24 Feb 26","3.75","n/a","n/a"
"23 Feb 26","3.75","n/a","n/a"
"20 Feb 26","3.75","n/a","n/a"
"19 Feb 26","3.75","n/a","n/a"
"18 Feb 26","3.75","n/a","n/a"
"17 Feb 26","3.75","n/a","n/a"
"16 Feb 26","3.75","n/a","n/a"
"13 Feb 26","3.75","n/a","n/a"
"12 Feb 26","3.75","n/a","n/a"
"11 Feb 26","3.75","n/a","n/a"
"10 Feb 26","3.75","n/a","n/a"
"09 Feb 26","3.75","n/a","n/a"
"06 Feb 26","3.75","n/a","n/a"
"05 Feb 26","3.75","n/a","n/a"
"04 Feb 26","3.75","n/a","n/a"
"03 Feb 26","3.75","n/a","n/a"
"02 Feb 26","3.75","n/a","n/a"
"30 Jan 26","3.75","n/a","n/a"
"29 Jan 26","3.75","n/a","n/a"
"28 Jan 26","3.75","n/a","n/a"
"27 Jan 26","3.75","n/a","n/a"
"26 Jan 26","3.75","n/a","n/a"
"23 Jan 26","3.75","n/a","n/a"
"22 Jan 26","3.75","n/a","n/a"
"21 Jan 26","3.75","n/a","n/a"
"20 Jan 26","3.75","n/a","n/a"
"19 Jan 26","3.75","n/a","n/a"
"16 Jan 26","3.75","n/a","n/a"
"15 Jan 26","3.75","n/a","n/a"
"14 Jan 26","3.75","n/a","n/a"
"13 Jan 26","3.75","n/a","n/a"
"12 Jan 26","3.75","n/a","n/a"
"09 Jan 26","3.75","n/a","n/a"
"08 Jan 26","3.75","n/a","n/a"
"07 Jan 26","3.75","n/a","n/a"
"06 Jan 26","3.75","n/a","n/a"
"05 Jan 26","3.75","n/a","n/a"
"02 Jan 26","3.75","n/a","n/a"
"31 Dec 25","3.75","3.9688","3.75"
"30 Dec 25","3.75","n/a","n/a"
"29 Dec 25","3.75","n/a","n/a"
"24 Dec 25","3.75","n/a","n/a"
"23 Dec 25","3.75","n/a","n/a"
"22 Dec 25","3.75","n/a","n/a"
"19 Dec 25","3.75","n/a","n/a"
"18 Dec 25","3.75","n/a","n/a"
"17 Dec 25","4","n/a","n/a"
"16 Dec 25","4","n/a","n/a"
"15 Dec 25","4","n/a","n/a"
"12 Dec 25","4","n/a","n/a"
"11 Dec 25","4","n/a","n/a"
"10 Dec 25","4","n/a","n/a"
"09 Dec 25","4","n/a","n/a"
"08 Dec 25","4","n/a","n/a"
"05 Dec 25","4","n/a","n/a"
"04 Dec 25","4","n/a","n/a"
"03 Dec 25","4","n/a","n/a"
"02 Dec 25","4","n/a","n/a"
"01 Dec 25","4","n/a","n/a"
"28 Nov 25","4","n/a","n/a"
"27 Nov 25","4","n/a","n/a"
"26 Nov 25","4","n/a","n/a"
"25 Nov 25","4","n/a","n/a"
"24 Nov 25","4","n/a","n/a"
"21 Nov 25","4","n/a","n/a"
"20 Nov 25","4","n/a","n/a"
"19 Nov 25","4","n/a","n/a"
"18 Nov 25","4","n/a","n/a"
"17 Nov 25","4","n/a","n/a"
"14 Nov 25","4","n/a","n/a"
"13 Nov 25","4","n/a","n/a"
"12 Nov 25","4","n/a","n/a"
"11 Nov 25","4","n/a","n/a"
"10 Nov 25","4","n/a","n/a"
"07 Nov 25","4","n/a","n/a"
"06 Nov 25","4","n/a","n/a"
"05 Nov 25","4","n/a","n/a"
"04 Nov 25","4","n/a","n/a"
"03 Nov 25","4","n/a","n/a"
"31 Oct 25","4","n/a","n/a"
"30 Oct 25","4","n/a","n/a"
"29 Oct 25","4","n/a","n/a"
"28 Oct 25","4","n/a","n/a"
"27 Oct 25","4","n/a","n/a"
"24 Oct 25","4","n/a","n/a"
"23 Oct 25","4","n/a","n/a"
"22 Oct 25","4","n/a","n/a"
"21 Oct 25","4","n/a","n/a"
"20 Oct 25","4","n/a","n/a"
"17 Oct 25","4","n/a","n/a"
"16 Oct 25","4","n/a","n/a"
"15 Oct 25","4","n/a","n/a"
"14 Oct 25","4","n/a","n/a"
"13 Oct 25","4","n/a","n/a"
"10 Oct 25","4","n/a","n/a"
"09 Oct 25","4","n/a","n/a"
"08 Oct 25","4","n/a","n/a"
"07 Oct 25","4","n/a","n/a"
"06 Oct 25","4","n/a","n/a"
"03 Oct 25","4","n/a","n/a"
"02 Oct 25","4","n/a","n/a"
"01 Oct 25","4","n/a","n/a"
"30 Sep 25","4","4.1038","4"
"29 Sep 25","4","n/a","n/a"
"26 Sep 25","4","n/a","n/a"
"25 Sep 25","4","n/a","n/a"
"24 Sep 25","4","n/a","n/a"
"23 Sep 25","4","n/a","n/a"
"22 Sep 25","4","n/a","n/a"
"19 Sep 25","4","n/a","n/a"
"18 Sep 25","4","n/a","n/a"
"17 Sep 25","4","n/a","n/a"
"16 Sep 25","4","n/a","n/a"
"15 Sep 25","4","n/a","n/a"
"12 Sep 25","4","n/a","n/a"
"11 Sep 25","4","n/a","n/a"
"10 Sep 25","4","n/a","n/a"
"09 Sep 25","4","n/a","n/a"
"08 Sep 25","4","n/a","n/a"
"05 Sep 25","4","n/a","n/a"
"04 Sep 25","4","n/a","n/a"
"03 Sep 25","4","n/a","n/a"
"02 Sep 25","4","n/a","n/a"
"01 Sep 25","4","n/a","n/a"
"29 Aug 25","4","n/a","n/a"
"28 Aug 25","4","n/a","n/a"
"27 Aug 25","4","n/a","n/a"
"26 Aug 25","4","n/a","n/a"
"22 Aug 25","4","n/a","n/a"
"21 Aug 25","4","n/a","n/a"
"20 Aug 25","4","n/a","n/a"
"19 Aug 25","4","n/a","n/a"
"18 Aug 25","4","n/a","n/a"
"15 Aug 25","4","n/a","n/a"
"14 Aug 25","4","n/a","n/a"
"13 Aug 25","4","n/a","n/a"
"12 Aug 25","4","n/a","n/a"
"11 Aug 25","4","n/a","n/a"
"08 Aug 25","4","n/a","n/a"
"07 Aug 25","4","n/a","n/a"
"06 Aug 25","4.25","n/a","n/a"
"05 Aug 25","4.25","n/a","n/a"
"04 Aug 25","4.25","n/a","n/a"
"01 Aug 25","4.25","n/a","n/a"
"31 Jul 25","4.25","n/a","n/a"
"30 Jul 25","4.25","n/a","n/a"
"29 Jul 25","4.25","n/a","n/a"
"28 Jul 25","4.25","n/a","n/a"
"25 Jul 25","4.25","n/a","n/a"
"24 Jul 25","4.25","n/a","n/a"
"23 Jul 25","4.25","n/a","n/a"
"22 Jul 25","4.25","n/a","n/a"
"21 Jul 25","4.25","n/a","n/a"
"18 Jul 25","4.25","n/a","n/a"
"17 Jul 25","4.25","n/a","n/a"
"16 Jul 25","4.25","n/a","n/a"
"15 Jul 25","4.25","n/a","n/a"
"14 Jul 25","4.25","n/a","n/a"
"11 Jul 25","4.25","n/a","n/a"
"10 Jul 25","4.25","n/a","n/a"
"09 Jul 25","4.25","n/a","n/a"
"08 Jul 25","4.25","n/a","n/a"
"07 Jul 25","4.25","n/a","n/a"
"04 Jul 25","4.25","n/a","n/a"
"03 Jul 25","4.25","n/a","n/a"
"02 Jul 25","4.25","n/a","n/a"
"01 Jul 25","4.25","n/a","n/a"
"30 Jun 25","4.25","4.3484","4.25"
"27 Jun 25","4.25","n/a","n/a"
"26 Jun 25","4.25","n/a","n/a"
"25 Jun 25","4.25","n/a","n/a"
"24 Jun 25","4.25","n/a","n/a"
"23 Jun 25","4.25","n/a","n/a"
"20 Jun 25","4.25","n/a","n/a"
"19 Jun 25","4.25","n/a","n/a"
"18 Jun 25","4.25","n/a","n/a"
"17 Jun 25","4.25","n/a","n/a"
"16 Jun 25","4.25","n/a","n/a"
"13 Jun 25","4.25","n/a","n/a"
"12 Jun 25","4.25","n/a","n/a"
"11 Jun 25","4.25","n/a","n/a"
"10 Jun 25","4.25","n/a","n/a"
"09 Jun 25","4.25","n/a","n/a"
"06 Jun 25","4.25","n/a","n/a"
"05 Jun 25","4.25","n/a","n/a"
"04 Jun 25","4.25","n/a","n/a"
"03 Jun 25","4.25","n/a","n/a"
"02 Jun 25","4.25","n/a","n/a"
"30 May 25","4.25","n/a","n/a"
"29 May 25","4.25","n/a","n/a"
"28 May 25","4.25","n/a","n/a"
"27 May 25","4.25","n/a","n/a"
"23 May 25","4.25","n/a","n/a"
"22 May 25","4.25","n/a","n/a"
"21 May 25","4.25","n/a","n/a"
"20 May 25","4.25","n/a","n/a"
"19 May 25","4.25","n/a","n/a"
"16 May 25","4.25","n/a","n/a"
"15 May 25","4.25","n/a","n/a"
"14 May 25","4.25","n/a","n/a"
"13 May 25","4.25","n/a","n/a"
"12 May 25","4.25","n/a","n/a"
"09 May 25","4.25","n/a","n/a"
"08 May 25","4.25","n/a","n/a"
"07 May 25","4.5","n/a","n/a"
"06 May 25","4.5","n/a","n/a"
"02 May 25","4.5","n/a","n/a"
"01 May 25","4.5","n/a","n/a"
"30 Apr 25","4.5","n/a","n/a"
"29 Apr 25","4.5","n/a","n/a"
"28 Apr 25","4.5","n/a","n/a"
"25 Apr 25","4.5","n/a","n/a"
"24 Apr 25","4.5","n/a","n/a"
"23 Apr 25","4.5","n/a","n/a"
"22 Apr 25","4.5","n/a","n/a"
"17 Apr 25","4.5","n/a","n/a"
"16 Apr 25","4.5","n/a","n/a"
"15 Apr 25","4.5","n/a","n/a"
"14 Apr 25","4.5","n/a","n/a"
"11 Apr 25","4.5","n/a","n/a"
"10 Apr 25","4.5","n/a","n/a"
"09 Apr 25","4.5","n/a","n/a"
"08 Apr 25","4.5","n/a","n/a"
"07 Apr 25","4.5","n/a","n/a"
"04 Apr 25","4.5","n/a","n/a"
"03 Apr 25","4.5","n/a","n/a"
"02 Apr 25","4.5","n/a","n/a"
"01 Apr 25","4.5","n/a","n/a"
"31 Mar 25","4.5","4.5992","4.5"
"28 Mar 25","4.5","n/a","n/a"
"27 Mar 25","4.5","n/a","n/a"
"26 Mar 25","4.5","n/a","n/a"
"25 Mar 25","4.5","n/a","n/a"
"24 Mar 25","4.5","n/a","n/a"
"21 Mar 25","4.5","n/a","n/a"
"20 Mar 25","4.5","n/a","n/a"
"19 Mar 25","4.5","n/a","n/a"
"18 Mar 25","4.5","n/a","n/a"
"17 Mar 25","4.5","n/a","n/a"
"14 Mar 25","4.5","n/a","n/a"
"13 Mar 25","4.5","n/a","n/a"
"12 Mar 25","4.5","n/a","n/a"
"11 Mar 25","4.5","n/a","n/a"
"10 Mar 25","4.5","n/a","n/a"
"07 Mar 25","4.5","n/a","n/a"
"06 Mar 25","4.5","n/a","n/a"
"05 Mar 25","4.5","n/a","n/a"
"04 Mar 25","4.5","n/a","n/a"
"03 Mar 25","4.5","n/a","n/a"
"28 Feb 25","4.5","n/a","n/a"
"27 Feb 25","4.5","n/a","n/a"
"26 Feb 25","4.5","n/a","n/a"
"25 Feb 25","4.5","n/a","n/a"
"24 Feb 25","4.5","n/a","n/a"
"21 Feb 25","4.5","n/a","n/a"
"20 Feb 25","4.5","n/a","n/a"
"19 Feb 25","4.5","n/a","n/a"
"18 Feb 25","4.5","n/a","n/a"
"17 Feb 25","4.5","n/a","n/a"
"14 Feb 25","4.5","n/a","n/a"
"13 Feb 25","4.5","n/a","n/a"
"12 Feb 25","4.5","n/a","n/a"
"11 Feb 25","4.5","n/a","n/a"
"10 Feb 25","4.5","n/a","n/a"
"07 Feb 25","4.5","n/a","n/a"
"06 Feb 25","4.5","n/a","n/a"
"05 Feb 25","4.75","n/a","n/a"
"04 Feb 25","4.75","n/a","n/a"
"03 Feb 25","4.75","n/a","n/a"
"31 Jan 25","4.75","n/a","n/a"
"30 Jan 25","4.75","n/a","n/a"
"29 Jan 25","4.75","n/a","n/a"
"28 Jan 25","4.75","n/a","n/a"
"27 Jan 25","4.75","n/a","n/a"
"24 Jan 25","4.75","n/a","n/a"
"23 Jan 25","4.75","n/a","n/a"
"22 Jan 25","4.75","n/a","n/a"
"21 Jan 25","4.75","n/a","n/a"
"20 Jan 25","4.75","n/a","n/a"
"17 Jan 25","4.75","n/a","n/a"
"16 Jan 25","4.75","n/a","n/a"
"15 Jan 25","4.75","n/a","n/a"
"14 Jan 25","4.75","n/a","n/a"
"13 Jan 25","4.75","n/a","n/a"
"10 Jan 25","4.75","n/a","n/a"
"09 Jan 25","4.75","n/a","n/a"
"08 Jan 25","4.75","n/a","n/a"
"07 Jan 25","4.75","n/a","n/a"
"06 Jan 25","4.75","n/a","n/a"
"03 Jan 25","4.75","n/a","n/a"
"02 Jan 25","4.75","n/a","n/a"
"31 Dec 24","4.75","4.8555","4.75"
"30 Dec 24","4.75","n/a","n/a"
"27 Dec 24","4.75","n/a","n/a"
"24 Dec 24","4.75","n/a","n/a"
"23 Dec 24","4.75","n/a","n/a"
"20 Dec 24","4.75","n/a","n/a"
"19 Dec 24","4.75","n/a","n/a"
"18 Dec 24","4.75","n/a","n/a"
"17 Dec 24","4.75","n/a","n/a"
"16 Dec 24","4.75","n/a","n/a"
"13 Dec 24","4.75","n/a","n/a"
"12 Dec 24","4.75","n/a","n/a"
"11 Dec 24","4.75","n/a","n/a"
"10 Dec 24","4.75","n/a","n/a"
"09 Dec 24","4.75","n/a","n/a"
"06 Dec 24","4.75","n/a","n/a"
"05 Dec 24","4.75","n/a","n/a"
"04 Dec 24","4.75","n/a","n/a"
"03 Dec 24","4.75","n/a","n/a"
"02 Dec 24","4.75","n/a","n/a"
"29 Nov 24","4.75","n/a","n/a"
"28 Nov 24","4.75","n/a","n/a"
"27 Nov 24","4.75","n/a","n/a"
"26 Nov 24","4.75","n/a","n/a"
"25 Nov 24","4.75","n/a","n/a"
"22 Nov 24","4.75","n/a","n/a"
"21 Nov 24","4.75","n/a","n/a"
"20 Nov 24","4.75","n/a","n/a"
"19 Nov 24","4.75","n/a","n/a"
"18 Nov 24","4.75","n/a","n/a"
"15 Nov 24","4.75","n/a","n/a"
"14 Nov 24","4.75","n/a","n/a"
"13 Nov 24","4.75","n/a","n/a"
"12 Nov 24","4.75","n/a","n/a"
"11 Nov 24","4.75","n/a","n/a"
"08 Nov 24","4.75","n/a","n/a"
"07 Nov 24","4.75","n/a","n/a"
"06 Nov 24","5","n/a","n/a"
"05 Nov 24","5","n/a","n/a"
"04 Nov 24","5","n/a","n/a"
"01 Nov 24","5","n/a","n/a"
"31 Oct 24","5","n/a","n/a"
"30 Oct 24","5","n/a","n/a"
"29 Oct 24","5","n/a","n/a"
"28 Oct 24","5","n/a","n/a"
"25 Oct 24","5","n/a","n/a"
"24 Oct 24","5","n/a","n/a"
"23 Oct 24","5","n/a","n/a"
"22 Oct 24","5","n/a","n/a"
"21 Oct 24","5","n/a","n/a"
"18 Oct 24","5","n/a","n/a"
"17 Oct 24","5","n/a","n/a"
"16 Oct 24","5","n/a","n/a"
"15 Oct 24","5","n/a","n/a"
"14 Oct 24","5","n/a","n/a"
"11 Oct 24","5","n/a","n/a"
"10 Oct 24","5","n/a","n/a"
"09 Oct 24","5","n/a","n/a"
"08 Oct 24","5","n/a","n/a"
"07 Oct 24","5","n/a","n/a"
"04 Oct 24","5","n/a","n/a"
"03 Oct 24","5","n/a","n/a"
"02 Oct 24","5","n/a","n/a"
"01 Oct 24","5","n/a","n/a"
"30 Sep 24","5","5.0885","5"
"27 Sep 24","5","n/a","n/a"
"26 Sep 24","5","n/a","n/a"
"25 Sep 24","5","n/a","n/a"
"24 Sep 24","5","n/a","n/a"
"23 Sep 24","5","n/a","n/a"
"20 Sep 24","5","n/a","n/a"
"19 Sep 24","5","n/a","n/a"
"18 Sep 24","5","n/a","n/a"
"17 Sep 24","5","n/a","n/a"
"16 Sep 24","5","n/a","n/a"
"13 Sep 24","5","n/a","n/a"
"12 Sep 24","5","n/a","n/a"
"11 Sep 24","5","n/a","n/a"
"10 Sep 24","5","n/a","n/a"
"09 Sep 24","5","n/a","n/a"
"06 Sep 24","5","n/a","n/a"
"05 Sep 24","5","n/a","n/a"
"04 Sep 24","5","n/a","n/a"
"03 Sep 24","5","n/a","n/a"
"02 Sep 24","5","n/a","n/a"
"30 Aug 24","5","n/a","n/a"
"29 Aug 24","5","n/a","n/a"
"28 Aug 24","5","n/a","n/a"
"27 Aug 24","5","n/a","n/a"
"23 Aug 24","5","n/a","n/a"
"22 Aug 24","5","n/a","n/a"
"21 Aug 24","5","n/a","n/a"
"20 Aug 24","5","n/a","n/a"
"19 Aug 24","5","n/a","n/a"
"16 Aug 24","5","n/a","n/a"
"15 Aug 24","5","n/a","n/a"
"14 Aug 24","5","n/a","n/a"
"13 Aug 24","5","n/a","n/a"
"12 Aug 24","5","n/a","n/a"
"09 Aug 24","5","n/a","n/a"
"08 Aug 24","5","n/a","n/a"
"07 Aug 24","5","n/a","n/a"
"06 Aug 24","5","n/a","n/a"
"05 Aug 24","5","n/a","n/a"
"02 Aug 24","5","n/a","n/a"
"01 Aug 24","5","n/a","n/a"
"31 Jul 24","5.25","n/a","n/a"
"30 Jul 24","5.25","n/a","n/a"
"29 Jul 24","5.25","n/a","n/a"
"26 Jul 24","5.25","n/a","n/a"
"25 Jul 24","5.25","n/a","n/a"
"24 Jul 24","5.25","n/a","n/a"
"23 Jul 24","5.25","n/a","n/a"
"22 Jul 24","5.25","n/a","n/a"
"19 Jul 24","5.25","n/a","n/a"
"18 Jul 24","5.25","n/a","n/a"
"17 Jul 24","5.25","n/a","n/a"
"16 Jul 24","5.25","n/a","n/a"
"15 Jul 24","5.25","n/a","n/a"
"12 Jul 24","5.25","n/a","n/a"
"11 Jul 24","5.25","n/a","n/a"
"10 Jul 24","5.25","n/a","n/a"
"09 Jul 24","5.25","n/a","n/a"
"08 Jul 24","5.25","n/a","n/a"
"05 Jul 24","5.25","n/a","n/a"
"04 Jul 24","5.25","n/a","n/a"
"03 Jul 24","5.25","n/a","n/a"
"02 Jul 24","5.25","n/a","n/a"
"01 Jul 24","5.25","n/a","n/a"
"30 Jun 24","n/a","5.25","5.25"
"28 Jun 24","5.25","n/a","n/a"
"27 Jun 24","5.25","n/a","n/a"
"26 Jun 24","5.25","n/a","n/a"
"25 Jun 24","5.25","n/a","n/a"
"24 Jun 24","5.25","n/a","n/a"
"21 Jun 24","5.25","n/a","n/a"
"20 Jun 24","5.25","n/a","n/a"
"19 Jun 24","5.25","n/a","n/a"
"18 Jun 24","5.25","n/a","n/a"
"17 Jun 24","5.25","n/a","n/a"
"14 Jun 24","5.25","n/a","n/a"
"13 Jun 24","5.25","n/a","n/a"
"12 Jun 24","5.25","n/a","n/a"
"11 Jun 24","5.25","n/a","n/a"
"10 Jun 24","5.25","n/a","n/a"
"07 Jun 24","5.25","n/a","n/a"
"06 Jun 24","5.25","n/a","n/a"
"05 Jun 24","5.25","n/a","n/a"
"04 Jun 24","5.25","n/a","n/a"
"03 Jun 24","5.25","n/a","n/a"
"31 May 24","5.25","n/a","n/a"
"30 May 24","5.25","n/a","n/a"
"29 May 24","5.25","n/a","n/a"
"28 May 24","5.25","n/a","n/a"
"24 May 24","5.25","n/a","n/a"
"23 May 24","5.25","n/a","n/a"
"22 May 24","5.25","n/a","n/a"
"21 May 24","5.25","n/a","n/a"
"20 May 24","5.25","n/a","n/a"
"17 May 24","5.25","n/a","n/a"
"16 May 24","5.25","n/a","n/a"
"15 May 24","5.25","n/a","n/a"
"14 May 24","5.25","n/a","n/a"
"13 May 24","5.25","n/a","n/a"
"10 May 24","5.25","n/a","n/a"
"09 May 24","5.25","n/a","n/a"
"08 May 24","5.25","n/a","n/a"
"07 May 24","5.25","n/a","n/a"
"03 May 24","5.25","n/a","n/a"
"02 May 24","5.25","n/a","n/a"
"01 May 24","5.25","n/a","n/a"
"30 Apr 24","5.25","n/a","n/a"
"29 Apr 24","5.25","n/a","n/a"
"26 Apr 24","5.25","n/a","n/a"
"25 Apr 24","5.25","n/a","n/a"
"24 Apr 24","5.25","n/a","n/a"
"23 Apr 24","5.25","n/a","n/a"
"22 Apr 24","5.25","n/a","n/a"
"19 Apr 24","5.25","n/a","n/a"
"18 Apr 24","5.25","n/a","n/a"
"17 Apr 24","5.25","n/a","n/a"
"16 Apr 24","5.25","n/a","n/a"
"15 Apr 24","5.25","n/a","n/a"
"12 Apr 24","5.25","n/a","n/a"
"11 Apr 24","5.25","n/a","n/a"
"10 Apr 24","5.25","n/a","n/a"
"09 Apr 24","5.25","n/a","n/a"
"08 Apr 24","5.25","n/a","n/a"
"05 Apr 24","5.25","n/a","n/a"
"04 Apr 24","5.25","n/a","n/a"
"03 Apr 24","5.25","n/a","n/a"
"02 Apr 24","5.25","n/a","n/a"
"31 Mar 24","n/a","5.25","5.25"
"28 Mar 24","5.25","n/a","n/a"
"27 Mar 24","5.25","n/a","n/a"
"26 Mar 24","5.25","n/a","n/a"
"25 Mar 24","5.25","n/a","n/a"
"22 Mar 24","5.25","n/a","n/a"
"21 Mar 24","5.25","n/a","n/a"
"20 Mar 24","5.25","n/a","n/a"
"19 Mar 24","5.25","n/a","n/a"
"18 Mar 24","5.25","n/a","n/a"
"15 Mar 24","5.25","n/a","n/a"
"14 Mar 24","5.25","n/a","n/a"
"13 Mar 24","5.25","n/a","n/a"
"12 Mar 24","5.25","n/a","n/a"
"11 Mar 24","5.25","n/a","n/a"
"08 Mar 24","5.25","n/a","n/a"
"07 Mar 24","5.25","n/a","n/a"
"06 Mar 24","5.25","n/a","n/a"
"05 Mar 24","5.25","n/a","n/a"
"04 Mar 24","5.25","n/a","n/a"
"01 Mar 24","5.25","n/a","n/a"
"29 Feb 24","5.25","n/a","n/a"
"28 Feb 24","5.25","n/a","n/a"
"27 Feb 24","5.25","n/a","n/a"
"26 Feb 24","5.25","n/a","n/a"
"23 Feb 24","5.25","n/a","n/a"
"22 Feb 24","5.25","n/a","n/a"
"21 Feb 24","5.25","n/a","n/a"
"20 Feb 24","5.25","n/a","n/a"
"19 Feb 24","5.25","n/a","n/a"
"16 Feb 24","5.25","n/a","n/a"
"15 Feb 24","5.25","n/a","n/a"
"14 Feb 24","5.25","n/a","n/a"
"13 Feb 24","5.25","n/a","n/a"
"12 Feb 24","5.25","n/a","n/a"
"09 Feb 24","5.25","n/a","n/a"
"08 Feb 24","5.25","n/a","n/a"
"07 Feb 24","5.25","n/a","n/a"
"06 Feb 24","5.25","n/a","n/a"
"05 Feb 24","5.25","n/a","n/a"
"02 Feb 24","5.25","n/a","n/a"
"01 Feb 24","5.25","n/a","n/a"
"31 Jan 24","5.25","n/a","n/a"
"30 Jan 24","5.25","n/a","n/a"
"29 Jan 24","5.25","n/a","n/a"
"26 Jan 24","5.25","n/a","n/a"
"25 Jan 24","5.25","n/a","n/a"
"24 Jan 24","5.25","n/a","n/a"
"23 Jan 24","5.25","n/a","n/a"
"22 Jan 24","5.25","n/a","n/a"
"19 Jan 24","5.25","n/a","n/a"
"18 Jan 24","5.25","n/a","n/a"
"17 Jan 24","5.25","n/a","n/a"
"16 Jan 24","5.25","n/a","n/a"
"15 Jan 24","5.25","n/a","n/a"
"12 Jan 24","5.25","n/a","n/a"
"11 Jan 24","5.25","n/a","n/a"
"10 Jan 24","5.25","n/a","n/a"
"09 Jan 24","5.25","n/a","n/a"
"08 Jan 24","5.25","n/a","n/a"
"05 Jan 24","5.25","n/a","n/a"
"04 Jan 24","5.25","n/a","n/a"
"03 Jan 24","5.25","n/a","n/a"
"02 Jan 24","5.25","n/a","n/a"
"31 Dec 23","n/a","5.25","5.25"
"29 Dec 23","5.25","n/a","n/a"
"28 Dec 23","5.25","n/a","n/a"
"27 Dec 23","5.25","n/a","n/a"
"22 Dec 23","5.25","n/a","n/a"
"21 Dec 23","5.25","n/a","n/a"
"20 Dec 23","5.25","n/a","n/a"
"19 Dec 23","5.25","n/a","n/a"
"18 Dec 23","5.25","n/a","n/a"
"15 Dec 23","5.25","n/a","n/a"
"14 Dec 23","5.25","n/a","n/a"
"13 Dec 23","5.25","n/a","n/a"
"12 Dec 23","5.25","n/a","n/a"
"11 Dec 23","5.25","n/a","n/a"
"08 Dec 23","5.25","n/a","n/a"
"07 Dec 23","5.25","n/a","n/a"
"06 Dec 23","5.25","n/a","n/a"
"05 Dec 23","5.25","n/a","n/a"
"04 Dec 23","5.25","n/a","n/a"
"01 Dec 23","5.25","n/a","n/a"
"30 Nov 23","5.25","n/a","n/a"
"29 Nov 23","5.25","n/a","n/a"
"28 Nov 23","5.25","n/a","n/a"
"27 Nov 23","5.25","n/a","n/a"
"24 Nov 23","5.25","n/a","n/a"
"23 Nov 23","5.25","n/a","n/a"
"22 Nov 23","5.25","n/a","n/a"
"21 Nov 23","5.25","n/a","n/a"
"20 Nov 23","5.25","n/a","n/a"
"17 Nov 23","5.25","n/a","n/a"
"16 Nov 23","5.25","n/a","n/a"
"15 Nov 23","5.25","n/a","n/a"
"14 Nov 23","5.25","n/a","n/a"
"13 Nov 23","5.25","n/a","n/a"
"10 Nov 23","5.25","n/a","n/a"
"09 Nov 23","5.25","n/a","n/a"
"08 Nov 23","5.25","n/a","n/a"
"07 Nov 23","5.25","n/a","n/a"
"06 Nov 23","5.25","n/a","n/a"
"03 Nov 23","5.25","n/a","n/a"
"02 Nov 23","5.25","n/a","n/a"
"01 Nov 23","5.25","n/a","n/a"
"31 Oct 23","5.25","n/a","n/a"
"30 Oct 23","5.25","n/a","n/a"
"27 Oct 23","5.25","n/a","n/a"
"26 Oct 23","5.25","n/a","n/a"
"25 Oct 23","5.25","n/a","n/a"
"24 Oct 23","5.25","n/a","n/a"
"23 Oct 23","5.25","n/a","n/a"
"20 Oct 23","5.25","n/a","n/a"
"19 Oct 23","5.25","n/a","n/a"
"18 Oct 23","5.25","n/a","n/a"
"17 Oct 23","5.25","n/a","n/a"
"16 Oct 23","5.25","n/a","n/a"
"13 Oct 23","5.25","n/a","n/a"
"12 Oct 23","5.25","n/a","n/a"
"11 Oct 23","5.25","n/a","n/a"
"10 Oct 23","5.25","n/a","n/a"
"09 Oct 23","5.25","n/a","n/a"
"06 Oct 23","5.25","n/a","n/a"
"05 Oct 23","5.25","n/a","n/a"
"04 Oct 23","5.25","n/a","n/a"
"03 Oct 23","5.25","n/a","n/a"
"02 Oct 23","5.25","n/a","n/a"
"30 Sep 23","n/a","5.1602","5.25"
"29 Sep 23","5.25","n/a","n/a"
"28 Sep 23","5.25","n/a","n/a"
"27 Sep 23","5.25","n/a","n/a"
"26 Sep 23","5.25","n/a","n/a"
"25 Sep 23","5.25","n/a","n/a"
"22 Sep 23","5.25","n/a","n/a"
"21 Sep 23","5.25","n/a","n/a"
"20 Sep 23","5.25","n/a","n/a"
"19 Sep 23","5.25","n/a","n/a"
"18 Sep 23","5.25","n/a","n/a"
"15 Sep 23","5.25","n/a","n/a"
"14 Sep 23","5.25","n/a","n/a"
"13 Sep 23","5.25","n/a","n/a"
"12 Sep 23","5.25","n/a","n/a"
"11 Sep 23","5.25","n/a","n/a"
"08 Sep 23","5.25","n/a","n/a"
"07 Sep 23","5.25","n/a","n/a"
"06 Sep 23","5.25","n/a","n/a"
"05 Sep 23","5.25","n/a","n/a"
"04 Sep 23","5.25","n/a","n/a"
"01 Sep 23","5.25","n/a","n/a"
"31 Aug 23","5.25","n/a","n/a"
"30 Aug 23","5.25","n/a","n/a"
"29 Aug 23","5.25","n/a","n/a"
"25 Aug 23","5.25","n/a","n/a"
"24 Aug 23","5.25","n/a","n/a"
"23 Aug 23","5.25","n/a","n/a"
"22 Aug 23","5.25","n/a","n/a"
"21 Aug 23","5.25","n/a","n/a"
"18 Aug 23","5.25","n/a","n/a"
"17 Aug 23","5.25","n/a","n/a"
"16 Aug 23","5.25","n/a","n/a"
"15 Aug 23","5.25","n/a","n/a"
"14 Aug 23","5.25","n/a","n/a"
"11 Aug 23","5.25","n/a","n/a"
"10 Aug 23","5.25","n/a","n/a"
"09 Aug 23","5.25","n/a","n/a"
"08 Aug 23","5.25","n/a","n/a"
"07 Aug 23","5.25","n/a","n/a"
"04 Aug 23","5.25","n/a","n/a"
"03 Aug 23","5.25","n/a","n/a"
"02 Aug 23","5","n/a","n/a"
"01 Aug 23","5","n/a","n/a"
"31 Jul 23","5","n/a","n/a"
"28 Jul 23","5","n/a","n/a"
"27 Jul 23","5","n/a","n/a"
"26 Jul 23","5","n/a","n/a"
"25 Jul 23","5","n/a","n/a"
"24 Jul 23","5","n/a","n/a"
"21 Jul 23","5","n/a","n/a"
"20 Jul 23","5","n/a","n/a"
"19 Jul 23","5","n/a","n/a"
"18 Jul 23","5","n/a","n/a"
"17 Jul 23","5","n/a","n/a"
"14 Jul 23","5","n/a","n/a"
"13 Jul 23","5","n/a","n/a"
"12 Jul 23","5","n/a","n/a"
"11 Jul 23","5","n/a","n/a"
"10 Jul 23","5","n/a","n/a"
"07 Jul 23","5","n/a","n/a"
"06 Jul 23","5","n/a","n/a"
"05 Jul 23","5","n/a","n/a"
"04 Jul 23","5","n/a","n/a"
"03 Jul 23","5","n/a","n/a"
"30 Jun 23","5","4.4583","5"
"29 Jun 23","5","n/a","n/a"
"28 Jun 23","5","n/a","n/a"
"27 Jun 23","5","n/a","n/a"
"26 Jun 23","5","n/a","n/a"
"23 Jun 23","5","n/a","n/a"
"22 Jun 23","5","n/a","n/a"
"21 Jun 23","4.5","n/a","n/a"
"20 Jun 23","4.5","n/a","n/a"
"19 Jun 23","4.5","n/a","n/a"
"16 Jun 23","4.5","n/a","n/a"
"15 Jun 23","4.5","n/a","n/a"
"14 Jun 23","4.5","n/a","n/a"
"13 Jun 23","4.5","n/a","n/a"
"12 Jun 23","4.5","n/a","n/a"
"09 Jun 23","4.5","n/a","n/a"
"08 Jun 23","4.5","n/a","n/a"
"07 Jun 23","4.5","n/a","n/a"
"06 Jun 23","4.5","n/a","n/a"
"05 Jun 23","4.5","n/a","n/a"
"02 Jun 23","4.5","n/a","n/a"
"01 Jun 23","4.5","n/a","n/a"
"31 May 23","4.5","n/a","n/a"
"30 May 23","4.5","n/a","n/a"
"26 May 23","4.5","n/a","n/a"
"25 May 23","4.5","n/a","n/a"
"24 May 23","4.5","n/a","n/a"
"23 May 23","4.5","n/a","n/a"
"22 May 23","4.5","n/a","n/a"
"19 May 23","4.5","n/a","n/a"
"18 May 23","4.5","n/a","n/a"
"17 May 23","4.5","n/a","n/a"
"16 May 23","4.5","n/a","n/a"
"15 May 23","4.5","n/a","n/a"
"12 May 23","4.5","n/a","n/a"
"11 May 23","4.5","n/a","n/a"
"10 May 23","4.25","n/a","n/a"
"09 May 23","4.25","n/a","n/a"
"05 May 23","4.25","n/a","n/a"
"04 May 23","4.25","n/a","n/a"
"03 May 23","4.25","n/a","n/a"
"02 May 23","4.25","n/a","n/a"
"28 Apr 23","4.25","n/a","n/a"
"27 Apr 23","4.25","n/a","n/a"
"26 Apr 23","4.25","n/a","n/a"
"25 Apr 23","4.25","n/a","n/a"
"24 Apr 23","4.25","n/a","n/a"
"21 Apr 23","4.25","n/a","n/a"
"20 Apr 23","4.25","n/a","n/a"
"19 Apr 23","4.25","n/a","n/a"
"18 Apr 23","4.25","n/a","n/a"
"17 Apr 23","4.25","n/a","n/a"
"14 Apr 23","4.25","n/a","n/a"
"13 Apr 23","4.25","n/a","n/a"
"12 Apr 23","4.25","n/a","n/a"
"11 Apr 23","4.25","n/a","n/a"
"06 Apr 23","4.25","n/a","n/a"
"05 Apr 23","4.25","n/a","n/a"
"04 Apr 23","4.25","n/a","n/a"
"03 Apr 23","4.25","n/a","n/a"
"31 Mar 23","4.25","3.8555","4.25"
"30 Mar 23","4.25","n/a","n/a"
"29 Mar 23","4.25","n/a","n/a"
"28 Mar 23","4.25","n/a","n/a"
"27 Mar 23","4.25","n/a","n/a"
"24 Mar 23","4.25","n/a","n/a"
"23 Mar 23","4.25","n/a","n/a"
"22 Mar 23","4","n/a","n/a"
"21 Mar 23","4","n/a","n/a"
"20 Mar 23","4","n/a","n/a"
"17 Mar 23","4","n/a","n/a"
"16 Mar 23","4","n/a","n/a"
"15 Mar 23","4","n/a","n/a"
"14 Mar 23","4","n/a","n/a"
"13 Mar 23","4","n/a","n/a"
"10 Mar 23","4","n/a","n/a"
"09 Mar 23","4","n/a","n/a"
"08 Mar 23","4","n/a","n/a"
"07 Mar 23","4","n/a","n/a"
"06 Mar 23","4","n/a","n/a"
"03 Mar 23","4","n/a","n/a"
"02 Mar 23","4","n/a","n/a"
"01 Mar 23","4","n/a","n/a"
"28 Feb 23","4","n/a","n/a"
"27 Feb 23","4","n/a","n/a"
"24 Feb 23","4","n/a","n/a"
"23 Feb 23","4","n/a","n/a"
"22 Feb 23","4","n/a","n/a"
"21 Feb 23","4","n/a","n/a"
"20 Feb 23","4","n/a","n/a"
"17 Feb 23","4","n/a","n/a"
"16 Feb 23","4","n/a","n/a"
"15 Feb 23","4","n/a","n/a"
"14 Feb 23","4","n/a","n/a"
"13 Feb 23","4","n/a","n/a"
"10 Feb 23","4","n/a","n/a"
"09 Feb 23","4","n/a","n/a"
"08 Feb 23","4","n/a","n/a"
"07 Feb 23","4","n/a","n/a"
"06 Feb 23","4","n/a","n/a"
"03 Feb 23","4","n/a","n/a"
"02 Feb 23","4","n/a","n/a"
"01 Feb 23","3.5","n/a","n/a"
"31 Jan 23","3.5","n/a","n/a"
"30 Jan 23","3.5","n/a","n/a"
"27 Jan 23","3.5","n/a","n/a"
"26 Jan 23","3.5","n/a","n/a"
"25 Jan 23","3.5","n/a","n/a"
"24 Jan 23","3.5","n/a","n/a"
"23 Jan 23","3.5","n/a","n/a"
"20 Jan 23","3.5","n/a","n/a"
"19 Jan 23","3.5","n/a","n/a"
"18 Jan 23","3.5","n/a","n/a"
"17 Jan 23","3.5","n/a","n/a"
"16 Jan 23","3.5","n/a","n/a"
"13 Jan 23","3.5","n/a","n/a"
"12 Jan 23","3.5","n/a","n/a"
"11 Jan 23","3.5","n/a","n/a"
"10 Jan 23","3.5","n/a","n/a"
"09 Jan 23","3.5","n/a","n/a"
"06 Jan 23","3.5","n/a","n/a"
"05 Jan 23","3.5","n/a","n/a"
"04 Jan 23","3.5","n/a","n/a"
"03 Jan 23","3.5","n/a","n/a"
"31 Dec 22","n/a","2.8056","3.5"
"30 Dec 22","3.5","n/a","n/a"
"29 Dec 22","3.5","n/a","n/a"
"28 Dec 22","3.5","n/a","n/a"
"23 Dec 22","3.5","n/a","n/a"
"22 Dec 22","3.5","n/a","n/a"
"21 Dec 22","3.5","n/a","n/a"
"20 Dec 22","3.5","n/a","n/a"
"19 Dec 22","3.5","n/a","n/a"
"16 Dec 22","3.5","n/a","n/a"
"15 Dec 22","3.5","n/a","n/a"
"14 Dec 22","3","n/a","n/a"
"13 Dec 22","3","n/a","n/a"
"12 Dec 22","3","n/a","n/a"
"09 Dec 22","3","n/a","n/a"
"08 Dec 22","3","n/a","n/a"
"07 Dec 22","3","n/a","n/a"
"06 Dec 22","3","n/a","n/a"
"05 Dec 22","3","n/a","n/a"
"02 Dec 22","3","n/a","n/a"
"01 Dec 22","3","n/a","n/a"
"30 Nov 22","3","n/a","n/a"
"29 Nov 22","3","n/a","n/a"
"28 Nov 22","3","n/a","n/a"
"25 Nov 22","3","n/a","n/a"
"24 Nov 22","3","n/a","n/a"
"23 Nov 22","3","n/a","n/a"
"22 Nov 22","3","n/a","n/a"
"21 Nov 22","3","n/a","n/a"
"18 Nov 22","3","n/a","n/a"
"17 Nov 22","3","n/a","n/a"
"16 Nov 22","3","n/a","n/a"
"15 Nov 22","3","n/a","n/a"
"14 Nov 22","3","n/a","n/a"
"11 Nov 22","3","n/a","n/a"
"10 Nov 22","3","n/a","n/a"
"09 Nov 22","3","n/a","n/a"
"08 Nov 22","3","n/a","n/a"
"07 Nov 22","3","n/a","n/a"
"04 Nov 22","3","n/a","n/a"
"03 Nov 22","3","n/a","n/a"
"02 Nov 22","2.25","n/a","n/a"
"01 Nov 22","2.25","n/a","n/a"
"31 Oct 22","2.25","n/a","n/a"
"28 Oct 22","2.25","n/a","n/a"
"27 Oct 22","2.25","n/a","n/a"
"26 Oct 22","2.25","n/a","n/a"
"25 Oct 22","2.25","n/a","n/a"
"24 Oct 22","2.25","n/a","n/a"
"21 Oct 22","2.25","n/a","n/a"
"20 Oct 22","2.25","n/a","n/a"
"19 Oct 22","2.25","n/a","n/a"
"18 Oct 22","2.25","n/a","n/a"
"17 Oct 22","2.25","n/a","n/a"
"14 Oct 22","2.25","n/a","n/a"
"13 Oct 22","2.25","n/a","n/a"
"12 Oct 22","2.25","n/a","n/a"
"11 Oct 22","2.25","n/a","n/a"
"10 Oct 22","2.25","n/a","n/a"
"07 Oct 22","2.25","n/a","n/a"
"06 Oct 22","2.25","n/a","n/a"
"05 Oct 22","2.25","n/a","n/a"
"04 Oct 22","2.25","n/a","n/a"
"03 Oct 22","2.25","n/a","n/a"
"30 Sep 22","2.25","1.6172","2.25"
"29 Sep 22","2.25","n/a","n/a"
"28 Sep 22","2.25","n/a","n/a"
"27 Sep 22","2.25","n/a","n/a"
"26 Sep 22","2.25","n/a","n/a"
"23 Sep 22","2.25","n/a","n/a"
"22 Sep 22","2.25","n/a","n/a"
"21 Sep 22","1.75","n/a","n/a"
"20 Sep 22","1.75","n/a","n/a"
"16 Sep 22","1.75","n/a","n/a"
"15 Sep 22","1.75","n/a","n/a"
"14 Sep 22","1.75","n/a","n/a"
"13 Sep 22","1.75","n/a","n/a"
"12 Sep 22","1.75","n/a","n/a"
"09 Sep 22","1.75","n/a","n/a"
"08 Sep 22","1.75","n/a","n/a"
"07 Sep 22","1.75","n/a","n/a"
"06 Sep 22","1.75","n/a","n/a"
"05 Sep 22","1.75","n/a","n/a"
"02 Sep 22","1.75","n/a","n/a"
"01 Sep 22","1.75","n/a","n/a"
"31 Aug 22","1.75","n/a","n/a"
"30 Aug 22","1.75","n/a","n/a"
"26 Aug 22","1.75","n/a","n/a"
"25 Aug 22","1.75","n/a","n/a"
"24 Aug 22","1.75","n/a","n/a"
"23 Aug 22","1.75","n/a","n/a"
"22 Aug 22","1.75","n/a","n/a"
"19 Aug 22","1.75","n/a","n/a"
"18 Aug 22","1.75","n/a","n/a"
"17 Aug 22","1.75","n/a","n/a"
"16 Aug 22","1.75","n/a","n/a"
"15 Aug 22","1.75","n/a","n/a"
"12 Aug 22","1.75","n/a","n/a"
"11 Aug 22","1.75","n/a","n/a"
"10 Aug 22","1.75","n/a","n/a"
"09 Aug 22","1.75","n/a","n/a"
"08 Aug 22","1.75","n/a","n/a"
"05 Aug 22","1.75","n/a","n/a"
"04 Aug 22","1.75","n/a","n/a"
"03 Aug 22","1.25","n/a","n/a"
"02 Aug 22","1.25","n/a","n/a"
"01 Aug 22","1.25","n/a","n/a"
"29 Jul 22","1.25","n/a","n/a"
"28 Jul 22","1.25","n/a","n/a"
"27 Jul 22","1.25","n/a","n/a"
"26 Jul 22","1.25","n/a","n/a"
"25 Jul 22","1.25","n/a","n/a"
"22 Jul 22","1.25","n/a","n/a"
"21 Jul 22","1.25","n/a","n/a"
"20 Jul 22","1.25","n/a","n/a"
"19 Jul 22","1.25","n/a","n/a"
"18 Jul 22","1.25","n/a","n/a"
"15 Jul 22","1.25","n/a","n/a"
"14 Jul 22","1.25","n/a","n/a"
"13 Jul 22","1.25","n/a","n/a"
"12 Jul 22","1.25","n/a","n/a"
"11 Jul 22","1.25","n/a","n/a"
"08 Jul 22","1.25","n/a","n/a"
"07 Jul 22","1.25","n/a","n/a"
"06 Jul 22","1.25","n/a","n/a"
"05 Jul 22","1.25","n/a","n/a"
"04 Jul 22","1.25","n/a","n/a"
"01 Jul 22","1.25","n/a","n/a"
"30 Jun 22","1.25","0.9583","1.25"
"29 Jun 22","1.25","n/a","n/a"
"28 Jun 22","1.25","n/a","n/a"
"27 Jun 22","1.25","n/a","n/a"
"24 Jun 22","1.25","n/a","n/a"
"23 Jun 22","1.25","n/a","n/a"
"22 Jun 22","1.25","n/a","n/a"
"21 Jun 22","1.25","n/a","n/a"
"20 Jun 22","1.25","n/a","n/a"
"17 Jun 22","1.25","n/a","n/a"
"16 Jun 22","1.25","n/a","n/a"
"15 Jun 22","1","n/a","n/a"
"14 Jun 22","1","n/a","n/a"
"13 Jun 22","1","n/a","n/a"
"10 Jun 22","1","n/a","n/a"
"09 Jun 22","1","n/a","n/a"
"08 Jun 22","1","n/a","n/a"
"07 Jun 22","1","n/a","n/a"
"06 Jun 22","1","n/a","n/a"
"01 Jun 22","1","n/a","n/a"
"31 May 22","1","n/a","n/a"
"30 May 22","1","n/a","n/a"
"27 May 22","1","n/a","n/a"
"26 May 22","1","n/a","n/a"
"25 May 22","1","n/a","n/a"
"24 May 22","1","n/a","n/a"
"23 May 22","1","n/a","n/a"
"20 May 22","1","n/a","n/a"
"19 May 22","1","n/a","n/a"
"18 May 22","1","n/a","n/a"
"17 May 22","1","n/a","n/a"
"16 May 22","1","n/a","n/a"
"13 May 22","1","n/a","n/a"
"12 May 22","1","n/a","n/a"
"11 May 22","1","n/a","n/a"
"10 May 22","1","n/a","n/a"
"09 May 22","1","n/a","n/a"
"06 May 22","1","n/a","n/a"
"05 May 22","1","n/a","n/a"
"04 May 22","0.75","n/a","n/a"
"03 May 22","0.75","n/a","n/a"
"29 Apr 22","0.75","n/a","n/a"
"28 Apr 22","0.75","n/a","n/a"
"27 Apr 22","0.75","n/a","n/a"
"26 Apr 22","0.75","n/a","n/a"
"25 Apr 22","0.75","n/a","n/a"
"22 Apr 22","0.75","n/a","n/a"
"21 Apr 22","0.75","n/a","n/a"
"20 Apr 22","0.75","n/a","n/a"
"19 Apr 22","0.75","n/a","n/a"
"14 Apr 22","0.75","n/a","n/a"
"13 Apr 22","0.75","n/a","n/a"
"12 Apr 22","0.75","n/a","n/a"
"11 Apr 22","0.75","n/a","n/a"
"08 Apr 22","0.75","n/a","n/a"
"07 Apr 22","0.75","n/a","n/a"
"06 Apr 22","0.75","n/a","n/a"
"05 Apr 22","0.75","n/a","n/a"
"04 Apr 22","0.75","n/a","n/a"
"01 Apr 22","0.75","n/a","n/a"
"31 Mar 22","0.75","0.4563","0.75"
"30 Mar 22","0.75","n/a","n/a"
"29 Mar 22","0.75","n/a","n/a"
"28 Mar 22","0.75","n/a","n/a"
"25 Mar 22","0.75","n/a","n/a"
"24 Mar 22","0.75","n/a","n/a"
"23 Mar 22","0.75","n/a","n/a"
"22 Mar 22","0.75","n/a","n/a"
"21 Mar 22","0.75","n/a","n/a"
"18 Mar 22","0.75","n/a","n/a"
"17 Mar 22","0.75","n/a","n/a"
"16 Mar 22","0.5","n/a","n/a"
"15 Mar 22","0.5","n/a","n/a"
"14 Mar 22","0.5","n/a","n/a"
"11 Mar 22","0.5","n/a","n/a"
"10 Mar 22","0.5","n/a","n/a"
"09 Mar 22","0.5","n/a","n/a"
"08 Mar 22","0.5","n/a","n/a"
"07 Mar 22","0.5","n/a","n/a"
"04 Mar 22","0.5","n/a","n/a"
"03 Mar 22","0.5","n/a","n/a"
"02 Mar 22","0.5","n/a","n/a"
"01 Mar 22","0.5","n/a","n/a"
"28 Feb 22","0.5","n/a","n/a"
"25 Feb 22","0.5","n/a","n/a"
"24 Feb 22","0.5","n/a","n/a"
"23 Feb 22","0.5","n/a","n/a"
"22 Feb 22","0.5","n/a","n/a"
"21 Feb 22","0.5","n/a","n/a"
"18 Feb 22","0.5","n/a","n/a"
"17 Feb 22","0.5","n/a","n/a"
"16 Feb 22","0.5","n/a","n/a"
"15 Feb 22","0.5","n/a","n/a"
"14 Feb 22","0.5","n/a","n/a"
"11 Feb 22","0.5","n/a","n/a"
"10 Feb 22","0.5","n/a","n/a"
"09 Feb 22","0.5","n/a","n/a"
"08 Feb 22","0.5","n/a","n/a"
"07 Feb 22","0.5","n/a","n/a"
"04 Feb 22","0.5","n/a","n/a"
"03 Feb 22","0.5","n/a","n/a"
"02 Feb 22","0.25","n/a","n/a"
"01 Feb 22","0.25","n/a","n/a"
"31 Jan 22","0.25","n/a","n/a"
"28 Jan 22","0.25","n/a","n/a"
"27 Jan 22","0.25","n/a","n/a"
"26 Jan 22","0.25","n/a","n/a"
"25 Jan 22","0.25","n/a","n/a"
"24 Jan 22","0.25","n/a","n/a"
"21 Jan 22","0.25","n/a","n/a"
"20 Jan 22","0.25","n/a","n/a"
"19 Jan 22","0.25","n/a","n/a"
"18 Jan 22","0.25","n/a","n/a"
"17 Jan 22","0.25","n/a","n/a"
"14 Jan 22","0.25","n/a","n/a"
"13 Jan 22","0.25","n/a","n/a"
"12 Jan 22","0.25","n/a","n/a"
"11 Jan 22","0.25","n/a","n/a"
"10 Jan 22","0.25","n/a","n/a"
"07 Jan 22","0.25","n/a","n/a"
"06 Jan 22","0.25","n/a","n/a"
"05 Jan 22","0.25","n/a","n/a"
"04 Jan 22","0.25","n/a","n/a"
"31 Dec 21","0.25","0.1234","0.25"
"30 Dec 21","0.25","n/a","n/a"
"29 Dec 21","0.25","n/a","n/a"
"24 Dec 21","0.25","n/a","n/a"
"23 Dec 21","0.25","n/a","n/a"
"22 Dec 21","0.25","n/a","n/a"
"21 Dec 21","0.25","n/a","n/a"
"20 Dec 21","0.25","n/a","n/a"
"17 Dec 21","0.25","n/a","n/a"
"16 Dec 21","0.25","n/a","n/a"
"15 Dec 21","0.1","n/a","n/a"
"14 Dec 21","0.1","n/a","n/a"
"13 Dec 21","0.1","n/a","n/a"
"10 Dec 21","0.1","n/a","n/a"
"09 Dec 21","0.1","n/a","n/a"
"08 Dec 21","0.1","n/a","n/a"
"07 Dec 21","0.1","n/a","n/a"
"06 Dec 21","0.1","n/a","n/a"
"03 Dec 21","0.1","n/a","n/a"
"02 Dec 21","0.1","n/a","n/a"
"01 Dec 21","0.1","n/a","n/a"
"30 Nov 21","0.1","n/a","n/a"
"29 Nov 21","0.1","n/a","n/a"
"26 Nov 21","0.1","n/a","n/a"
"25 Nov 21","0.1","n/a","n/a"
"24 Nov 21","0.1","n/a","n/a"
"23 Nov 21","0.1","n/a","n/a"
"22 Nov 21","0.1","n/a","n/a"
"19 Nov 21","0.1","n/a","n/a"
"18 Nov 21","0.1","n/a","n/a"
"17 Nov 21","0.1","n/a","n/a"
"16 Nov 21","0.1","n/a","n/a"
"15 Nov 21","0.1","n/a","n/a"
"12 Nov 21","0.1","n/a","n/a"
"11 Nov 21","0.1","n/a","n/a"
"10 Nov 21","0.1","n/a","n/a"
"09 Nov 21","0.1","n/a","n/a"
"08 Nov 21","0.1","n/a","n/a"
"05 Nov 21","0.1","n/a","n/a"
"04 Nov 21","0.1","n/a","n/a"
"03 Nov 21","0.1","n/a","n/a"
"02 Nov 21","0.1","n/a","n/a"
"01 Nov 21","0.1","n/a","n/a"
"29 Oct 21","0.1","n/a","n/a"
"28 Oct 21","0.1","n/a","n/a"
"27 Oct 21","0.1","n/a","n/a"
"26 Oct 21","0.1","n/a","n/a"
"25 Oct 21","0.1","n/a","n/a"
"22 Oct 21","0.1","n/a","n/a"
"21 Oct 21","0.1","n/a","n/a"
"20 Oct 21","0.1","n/a","n/a"
"19 Oct 21","0.1","n/a","n/a"
"18 Oct 21","0.1","n/a","n/a"
"15 Oct 21","0.1","n/a","n/a"
"14 Oct 21","0.1","n/a","n/a"
"13 Oct 21","0.1","n/a","n/a"
"12 Oct 21","0.1","n/a","n/a"
"11 Oct 21","0.1","n/a","n/a"
"08 Oct 21","0.1","n/a","n/a"
"07 Oct 21","0.1","n/a","n/a"
"06 Oct 21","0.1","n/a","n/a"
"05 Oct 21","0.1","n/a","n/a"
"04 Oct 21","0.1","n/a","n/a"
"01 Oct 21","0.1","n/a","n/a"
"30 Sep 21","0.1","0.1","0.1"
"29 Sep 21","0.1","n/a","n/a"
"28 Sep 21","0.1","n/a","n/a"
"27 Sep 21","0.1","n/a","n/a"
"24 Sep 21","0.1","n/a","n/a"
"23 Sep 21","0.1","n/a","n/a"
"22 Sep 21","0.1","n/a","n/a"
"21 Sep 21","0.1","n/a","n/a"
"20 Sep 21","0.1","n/a","n/a"
"17 Sep 21","0.1","n/a","n/a"
"16 Sep 21","0.1","n/a","n/a"
"15 Sep 21","0.1","n/a","n/a"
"14 Sep 21","0.1","n/a","n/a"
"13 Sep 21","0.1","n/a","n/a"
"10 Sep 21","0.1","n/a","n/a"
"09 Sep 21","0.1","n/a","n/a"
"08 Sep 21","0.1","n/a","n/a"
"07 Sep 21","0.1","n/a","n/a"
"06 Sep 21","0.1","n/a","n/a"
"03 Sep 21","0.1","n/a","n/a"
"02 Sep 21","0.1","n/a","n/a"
"01 Sep 21","0.1","n/a","n/a"
"31 Aug 21","0.1","n/a","n/a"
"27 Aug 21","0.1","n/a","n/a"
"26 Aug 21","0.1","n/a","n/a"
"25 Aug 21","0.1","n/a","n/a"
"24 Aug 21","0.1","n/a","n/a"
"23 Aug 21","0.1","n/a","n/a"
"20 Aug 21","0.1","n/a","n/a"
"19 Aug 21","0.1","n/a","n/a"
"18 Aug 21","0.1","n/a","n/a"
"17 Aug 21","0.1","n/a","n/a"
"16 Aug 21","0.1","n/a","n/a"
"13 Aug 21","0.1","n/a","n/a"
"12 Aug 21","0.1","n/a","n/a"
"11 Aug 21","0.1","n/a","n/a"
"10 Aug 21","0.1","n/a","n/a"
"09 Aug 21","0.1","n/a","n/a"
"06 Aug 21","0.1","n/a","n/a"
"05 Aug 21","0.1","n/a","n/a"
"04 Aug 21","0.1","n/a","n/a"
"03 Aug 21","0.1","n/a","n/a"
"02 Aug 21","0.1","n/a","n/a"
"30 Jul 21","0.1","n/a","n/a"
"29 Jul 21","0.1","n/a","n/a"
"28 Jul 21","0.1","n/a","n/a"
"27 Jul 21","0.1","n/a","n/a"
"26 Jul 21","0.1","n/a","n/a"
"23 Jul 21","0.1","n/a","n/a"
"22 Jul 21","0.1","n/a","n/a"
"21 Jul 21","0.1","n/a","n/a"
"20 Jul 21","0.1","n/a","n/a"
"19 Jul 21","0.1","n/a","n/a"
"16 Jul 21","0.1","n/a","n/a"
"15 Jul 21","0.1","n/a","n/a"
"14 Jul 21","0.1","n/a","n/a"
"13 Jul 21","0.1","n/a","n/a"
"12 Jul 21","0.1","n/a","n/a"
"09 Jul 21","0.1","n/a","n/a"
"08 Jul 21","0.1","n/a","n/a"
"07 Jul 21","0.1","n/a","n/a"
"06 Jul 21","0.1","n/a","n/a"
"05 Jul 21","0.1","n/a","n/a"
"02 Jul 21","0.1","n/a","n/a"
"01 Jul 21","0.1","n/a","n/a"
"30 Jun 21","0.1","0.1","0.1"
"29 Jun 21","0.1","n/a","n/a"
"28 Jun 21","0.1","n/a","n/a"
"25 Jun 21","0.1","n/a","n/a"
"24 Jun 21","0.1","n/a","n/a"
"23 Jun 21","0.1","n/a","n/a"
"22 Jun 21","0.1","n/a","n/a"
"21 Jun 21","0.1","n/a","n/a"
"18 Jun 21","0.1","n/a","n/a"
"17 Jun 21","0.1","n/a","n/a"
"16 Jun 21","0.1","n/a","n/a"
"15 Jun 21","0.1","n/a","n/a"
"14 Jun 21","0.1","n/a","n/a"
"11 Jun 21","0.1","n/a","n/a"
"10 Jun 21","0.1","n/a","n/a"
"09 Jun 21","0.1","n/a","n/a"
"08 Jun 21","0.1","n/a","n/a"
"07 Jun 21","0.1","n/a","n/a"
"04 Jun 21","0.1","n/a","n/a"
"03 Jun 21","0.1","n/a","n/a"
"02 Jun 21","0.1","n/a","n/a"
"01 Jun 21","0.1","n/a","n/a"
"28 May 21","0.1","n/a","n/a"
"27 May 21","0.1","n/a","n/a"
"26 May 21","0.1","n/a","n/a"
"25 May 21","0.1","n/a","n/a"
"24 May 21","0.1","n/a","n/a"
"21 May 21","0.1","n/a","n/a"
"20 May 21","0.1","n/a","n/a"
"19 May 21","0.1","n/a","n/a"
"18 May 21","0.1","n/a","n/a"
"17 May 21","0.1","n/a","n/a"
"14 May 21","0.1","n/a","n/a"
"13 May 21","0.1","n/a","n/a"
"12 May 21","0.1","n/a","n/a"
"11 May 21","0.1","n/a","n/a"
"10 May 21","0.1","n/a","n/a"
"07 May 21","0.1","n/a","n/a"
"06 May 21","0.1","n/a","n/a"
"05 May 21","0.1","n/a","n/a"
"04 May 21","0.1","n/a","n/a"
"30 Apr 21","0.1","n/a","n/a"
"29 Apr 21","0.1","n/a","n/a"
"28 Apr 21","0.1","n/a","n/a"
"27 Apr 21","0.1","n/a","n/a"
"26 Apr 21","0.1","n/a","n/a"
"23 Apr 21","0.1","n/a","n/a"
"22 Apr 21","0.1","n/a","n/a"
"21 Apr 21","0.1","n/a","n/a"
"20 Apr 21","0.1","n/a","n/a"
"19 Apr 21","0.1","n/a","n/a"
"16 Apr 21","0.1","n/a","n/a"
"15 Apr 21","0.1","n/a","n/a"
"14 Apr 21","0.1","n/a","n/a"
"13 Apr 21","0.1","n/a","n/a"
"12 Apr 21","0.1","n/a","n/a"
"09 Apr 21","0.1","n/a","n/a"
"08 Apr 21","0.1","n/a","n/a"
"07 Apr 21","0.1","n/a","n/a"
"06 Apr 21","0.1","n/a","n/a"
"01 Apr 21","0.1","n/a","n/a"
"31 Mar 21","0.1","0.1","0.1"
"30 Mar 21","0.1","n/a","n/a"
"29 Mar 21","0.1","n/a","n/a"
"26 Mar 21","0.1","n/a","n/a"
"25 Mar 21","0.1","n/a","n/a"
"24 Mar 21","0.1","n/a","n/a"
"23 Mar 21","0.1","n/a","n/a"
"22 Mar 21","0.1","n/a","n/a"
"19 Mar 21","0.1","n/a","n/a"
"18 Mar 21","0.1","n/a","n/a"
"17 Mar 21","0.1","n/a","n/a"
"16 Mar 21","0.1","n/a","n/a"
"15 Mar 21","0.1","n/a","n/a"
"12 Mar 21","0.1","n/a","n/a"
"11 Mar 21","0.1","n/a","n/a"
"10 Mar 21","0.1","n/a","n/a"
"09 Mar 21","0.1","n/a","n/a"
"08 Mar 21","0.1","n/a","n/a"
"05 Mar 21","0.1","n/a","n/a"
"04 Mar 21","0.1","n/a","n/a"
"03 Mar 21","0.1","n/a","n/a"
"02 Mar 21","0.1","n/a","n/a"
"01 Mar 21","0.1","n/a","n/a"
"26 Feb 21","0.1","n/a","n/a"
"25 Feb 21","0.1","n/a","n/a"
"24 Feb 21","0.1","n/a","n/a"
"23 Feb 21","0.1","n/a","n/a"
"22 Feb 21","0.1","n/a","n/a"
"19 Feb 21","0.1","n/a","n/a"
"18 Feb 21","0.1","n/a","n/a"
"17 Feb 21","0.1","n/a","n/a"
"16 Feb 21","0.1","n/a","n/a"
"15 Feb 21","0.1","n/a","n/a"
"12 Feb 21","0.1","n/a","n/a"
"11 Feb 21","0.1","n/a","n/a"
"10 Feb 21","0.1","n/a","n/a"
"09 Feb 21","0.1","n/a","n/a"
"08 Feb 21","0.1","n/a","n/a"
"05 Feb 21","0.1","n/a","n/a"
"04 Feb 21","0.1","n/a","n/a"
"03 Feb 21","0.1","n/a","n/a"
"02 Feb 21","0.1","n/a","n/a"
"01 Feb 21","0.1","n/a","n/a"
"29 Jan 21","0.1","n/a","n/a"
"28 Jan 21","0.1","n/a","n/a"
"27 Jan 21","0.1","n/a","n/a"
"26 Jan 21","0.1","n/a","n/a"
"25 Jan 21","0.1","n/a","n/a"
"22 Jan 21","0.1","n/a","n/a"
"21 Jan 21","0.1","n/a","n/a"
"20 Jan 21","0.1","n/a","n/a"
"19 Jan 21","0.1","n/a","n/a"
"18 Jan 21","0.1","n/a","n/a"
"15 Jan 21","0.1","n/a","n/a"
"14 Jan 21","0.1","n/a","n/a"
"13 Jan 21","0.1","n/a","n/a"
"12 Jan 21","0.1","n/a","n/a"
"11 Jan 21","0.1","n/a","n/a"
"08 Jan 21","0.1","n/a","n/a"
"07 Jan 21","0.1","n/a","n/a"
"06 Jan 21","0.1","n/a","n/a"
"05 Jan 21","0.1","n/a","n/a"
"04 Jan 21","0.1","n/a","n/a"
"31 Dec 20","0.1","0.1","0.1"
"30 Dec 20","0.1","n/a","n/a"
"29 Dec 20","0.1","n/a","n/a"
"24 Dec 20","0.1","n/a","n/a"
"23 Dec 20","0.1","n/a","n/a"
"22 Dec 20","0.1","n/a","n/a"
"21 Dec 20","0.1","n/a","n/a"
"18 Dec 20","0.1","n/a","n/a"
"17 Dec 20","0.1","n/a","n/a"
"16 Dec 20","0.1","n/a","n/a"
"15 Dec 20","0.1","n/a","n/a"
"14 Dec 20","0.1","n/a","n/a"
"11 Dec 20","0.1","n/a","n/a"
"10 Dec 20","0.1","n/a","n/a"
"09 Dec 20","0.1","n/a","n/a"
"08 Dec 20","0.1","n/a","n/a"
"07 Dec 20","0.1","n/a","n/a"
"04 Dec 20","0.1","n/a","n/a"
"03 Dec 20","0.1","n/a","n/a"
"02 Dec 20","0.1","n/a","n/a"
"01 Dec 20","0.1","n/a","n/a"
"30 Nov 20","0.1","n/a","n/a"
"27 Nov 20","0.1","n/a","n/a"
"26 Nov 20","0.1","n/a","n/a"
"25 Nov 20","0.1","n/a","n/a"
"24 Nov 20","0.1","n/a","n/a"
"23 Nov 20","0.1","n/a","n/a"
"20 Nov 20","0.1","n/a","n/a"
"19 Nov 20","0.1","n/a","n/a"
"18 Nov 20","0.1","n/a","n/a"
"17 Nov 20","0.1","n/a","n/a"
"16 Nov 20","0.1","n/a","n/a"
"13 Nov 20","0.1","n/a","n/a"
"12 Nov 20","0.1","n/a","n/a"
"11 Nov 20","0.1","n/a","n/a"
"10 Nov 20","0.1","n/a","n/a"
"09 Nov 20","0.1","n/a","n/a"
"06 Nov 20","0.1","n/a","n/a"
"05 Nov 20","0.1","n/a","n/a"
"04 Nov 20","0.1","n/a","n/a"
"03 Nov 20","0.1","n/a","n/a"
"02 Nov 20","0.1","n/a","n/a"
"30 Oct 20","0.1","n/a","n/a"
"29 Oct 20","0.1","n/a","n/a"
"28 Oct 20","0.1","n/a","n/a"
"27 Oct 20","0.1","n/a","n/a"
"26 Oct 20","0.1","n/a","n/a"
"23 Oct 20","0.1","n/a","n/a"
"22 Oct 20","0.1","n/a","n/a"
"21 Oct 20","0.1","n/a","n/a"
"20 Oct 20","0.1","n/a","n/a"
"19 Oct 20","0.1","n/a","n/a"
"16 Oct 20","0.1","n/a","n/a"
"15 Oct 20","0.1","n/a","n/a"
"14 Oct 20","0.1","n/a","n/a"
"13 Oct 20","0.1","n/a","n/a"
"12 Oct 20","0.1","n/a","n/a"
"09 Oct 20","0.1","n/a","n/a"
"08 Oct 20","0.1","n/a","n/a"
"07 Oct 20","0.1","n/a","n/a"
"06 Oct 20","0.1","n/a","n/a"
"05 Oct 20","0.1","n/a","n/a"
"02 Oct 20","0.1","n/a","n/a"
"01 Oct 20","0.1","n/a","n/a"
"30 Sep 20","0.1","0.1","0.1"
"29 Sep 20","0.1","n/a","n/a"
"28 Sep 20","0.1","n/a","n/a"
"25 Sep 20","0.1","n/a","n/a"
"24 Sep 20","0.1","n/a","n/a"
"23 Sep 20","0.1","n/a","n/a"
"22 Sep 20","0.1","n/a","n/a"
"21 Sep 20","0.1","n/a","n/a"
"18 Sep 20","0.1","n/a","n/a"
"17 Sep 20","0.1","n/a","n/a"
"16 Sep 20","0.1","n/a","n/a"
"15 Sep 20","0.1","n/a","n/a"
"14 Sep 20","0.1","n/a","n/a"
"11 Sep 20","0.1","n/a","n/a"
"10 Sep 20","0.1","n/a","n/a"
"09 Sep 20","0.1","n/a","n/a"
"08 Sep 20","0.1","n/a","n/a"
"07 Sep 20","0.1","n/a","n/a"
"04 Sep 20","0.1","n/a","n/a"
"03 Sep 20","0.1","n/a","n/a"
"02 Sep 20","0.1","n/a","n/a"
"01 Sep 20","0.1","n/a","n/a"
"28 Aug 20","0.1","n/a","n/a"
"27 Aug 20","0.1","n/a","n/a"
"26 Aug 20","0.1","n/a","n/a"
"25 Aug 20","0.1","n/a","n/a"
"24 Aug 20","0.1","n/a","n/a"
"21 Aug 20","0.1","n/a","n/a"
"20 Aug 20","0.1","n/a","n/a"
"19 Aug 20","0.1","n/a","n/a"
"18 Aug 20","0.1","n/a","n/a"
"17 Aug 20","0.1","n/a","n/a"
"14 Aug 20","0.1","n/a","n/a"
"13 Aug 20","0.1","n/a","n/a"
"12 Aug 20","0.1","n/a","n/a"
"11 Aug 20","0.1","n/a","n/a"
"10 Aug 20","0.1","n/a","n/a"
"07 Aug 20","0.1","n/a","n/a"
"06 Aug 20","0.1","n/a","n/a"
"05 Aug 20","0.1","n/a","n/a"
"04 Aug 20","0.1","n/a","n/a"
"03 Aug 20","0.1","n/a","n/a"
"31 Jul 20","0.1","n/a","n/a"
"30 Jul 20","0.1","n/a","n/a"
"29 Jul 20","0.1","n/a","n/a"
"28 Jul 20","0.1","n/a","n/a"
"27 Jul 20","0.1","n/a","n/a"
"24 Jul 20","0.1","n/a","n/a"
"23 Jul 20","0.1","n/a","n/a"
"22 Jul 20","0.1","n/a","n/a"
"21 Jul 20","0.1","n/a","n/a"
"20 Jul 20","0.1","n/a","n/a"
"17 Jul 20","0.1","n/a","n/a"
"16 Jul 20","0.1","n/a","n/a"
"15 Jul 20","0.1","n/a","n/a"
"14 Jul 20","0.1","n/a","n/a"
"13 Jul 20","0.1","n/a","n/a"
"10 Jul 20","0.1","n/a","n/a"
"09 Jul 20","0.1","n/a","n/a"
"08 Jul 20","0.1","n/a","n/a"
"07 Jul 20","0.1","n/a","n/a"
"06 Jul 20","0.1","n/a","n/a"
"03 Jul 20","0.1","n/a","n/a"
"02 Jul 20","0.1","n/a","n/a"
"01 Jul 20","0.1","n/a","n/a"
"30 Jun 20","0.1","0.1","0.1"
"29 Jun 20","0.1","n/a","n/a"
"26 Jun 20","0.1","n/a","n/a"
"25 Jun 20","0.1","n/a","n/a"
"24 Jun 20","0.1","n/a","n/a"
"23 Jun 20","0.1","n/a","n/a"
"22 Jun 20","0.1","n/a","n/a"
"19 Jun 20","0.1","n/a","n/a"
"18 Jun 20","0.1","n/a","n/a"
"17 Jun 20","0.1","n/a","n/a"
"16 Jun 20","0.1","n/a","n/a"
"15 Jun 20","0.1","n/a","n/a"
"12 Jun 20","0.1","n/a","n/a"
"11 Jun 20","0.1","n/a","n/a"
"10 Jun 20","0.1","n/a","n/a"
"09 Jun 20","0.1","n/a","n/a"
"08 Jun 20","0.1","n/a","n/a"
"05 Jun 20","0.1","n/a","n/a"
"04 Jun 20","0.1","n/a","n/a"
"03 Jun 20","0.1","n/a","n/a"
"02 Jun 20","0.1","n/a","n/a"
"01 Jun 20","0.1","n/a","n/a"
"29 May 20","0.1","n/a","n/a"
"28 May 20","0.1","n/a","n/a"
"27 May 20","0.1","n/a","n/a"
"26 May 20","0.1","n/a","n/a"
"22 May 20","0.1","n/a","n/a"
"21 May 20","0.1","n/a","n/a"
"20 May 20","0.1","n/a","n/a"
"19 May 20","0.1","n/a","n/a"
"18 May 20","0.1","n/a","n/a"
"15 May 20","0.1","n/a","n/a"
"14 May 20","0.1","n/a","n/a"
"13 May 20","0.1","n/a","n/a"
"12 May 20","0.1","n/a","n/a"
"11 May 20","0.1","n/a","n/a"
"07 May 20","0.1","n/a","n/a"
"06 May 20","0.1","n/a","n/a"
"05 May 20","0.1","n/a","n/a"
"04 May 20","0.1","n/a","n/a"
"01 May 20","0.1","n/a","n/a"
"30 Apr 20","0.1","n/a","n/a"
"29 Apr 20","0.1","n/a","n/a"
"28 Apr 20","0.1","n/a","n/a"
"27 Apr 20","0.1","n/a","n/a"
"24 Apr 20","0.1","n/a","n/a"
"23 Apr 20","0.1","n/a","n/a"
"22 Apr 20","0.1","n/a","n/a"
"21 Apr 20","0.1","n/a","n/a"
"20 Apr 20","0.1","n/a","n/a"
"17 Apr 20","0.1","n/a","n/a"
"16 Apr 20","0.1","n/a","n/a"
"15 Apr 20","0.1","n/a","n/a"
"14 Apr 20","0.1","n/a","n/a"
"09 Apr 20","0.1","n/a","n/a"
"08 Apr 20","0.1","n/a","n/a"
"07 Apr 20","0.1","n/a","n/a"
"06 Apr 20","0.1","n/a","n/a"
"03 Apr 20","0.1","n/a","n/a"
"02 Apr 20","0.1","n/a","n/a"
"01 Apr 20","0.1","n/a","n/a"
"31 Mar 20","0.1","0.6117","0.1"
"30 Mar 20","0.1","n/a","n/a"
"27 Mar 20","0.1","n/a","n/a"
"26 Mar 20","0.1","n/a","n/a"
"25 Mar 20","0.1","n/a","n/a"
"24 Mar 20","0.1","n/a","n/a"
"23 Mar 20","0.1","n/a","n/a"
"20 Mar 20","0.1","n/a","n/a"
"19 Mar 20","0.1","n/a","n/a"
"18 Mar 20","0.25","n/a","n/a"
"17 Mar 20","0.25","n/a","n/a"
"16 Mar 20","0.25","n/a","n/a"
"13 Mar 20","0.25","n/a","n/a"
"12 Mar 20","0.25","n/a","n/a"
"11 Mar 20","0.25","n/a","n/a"
"10 Mar 20","0.75","n/a","n/a"
"09 Mar 20","0.75","n/a","n/a"
"06 Mar 20","0.75","n/a","n/a"
"05 Mar 20","0.75","n/a","n/a"
"04 Mar 20","0.75","n/a","n/a"
"03 Mar 20","0.75","n/a","n/a"
"02 Mar 20","0.75","n/a","n/a"
"28 Feb 20","0.75","n/a","n/a"
"27 Feb 20","0.75","n/a","n/a"
"26 Feb 20","0.75","n/a","n/a"
"25 Feb 20","0.75","n/a","n/a"
"24 Feb 20","0.75","n/a","n/a"
"21 Feb 20","0.75","n/a","n/a"
"20 Feb 20","0.75","n/a","n/a"
"19 Feb 20","0.75","n/a","n/a"
"18 Feb 20","0.75","n/a","n/a"
"17 Feb 20","0.75","n/a","n/a"
"14 Feb 20","0.75","n/a","n/a"
"13 Feb 20","0.75","n/a","n/a"
"12 Feb 20","0.75","n/a","n/a"
"11 Feb 20","0.75","n/a","n/a"
"10 Feb 20","0.75","n/a","n/a"
"07 Feb 20","0.75","n/a","n/a"
"06 Feb 20","0.75","n/a","n/a"
"05 Feb 20","0.75","n/a","n/a"
"04 Feb 20","0.75","n/a","n/a"
"03 Feb 20","0.75","n/a","n/a"
"31 Jan 20","0.75","n/a","n/a"
"30 Jan 20","0.75","n/a","n/a"
"29 Jan 20","0.75","n/a","n/a"
"28 Jan 20","0.75","n/a","n/a"
"27 Jan 20","0.75","n/a","n/a"
"24 Jan 20","0.75","n/a","n/a"
"23 Jan 20","0.75","n/a","n/a"
"22 Jan 20","0.75","n/a","n/a"
"21 Jan 20","0.75","n/a","n/a"
"20 Jan 20","0.75","n/a","n/a"
"17 Jan 20","0.75","n/a","n/a"
"16 Jan 20","0.75","n/a","n/a"
"15 Jan 20","0.75","n/a","n/a"
"14 Jan 20","0.75","n/a","n/a"
"13 Jan 20","0.75","n/a","n/a"
"10 Jan 20","0.75","n/a","n/a"
"09 Jan 20","0.75","n/a","n/a"
"08 Jan 20","0.75","n/a","n/a"
"07 Jan 20","0.75","n/a","n/a"
"06 Jan 20","0.75","n/a","n/a"
"03 Jan 20","0.75","n/a","n/a"
"02 Jan 20","0.75","n/a","n/a"
"31 Dec 19","0.75","0.75","0.75"
"30 Dec 19","0.75","n/a","n/a"
"27 Dec 19","0.75","n/a","n/a"
"24 Dec 19","0.75","n/a","n/a"
"23 Dec 19","0.75","n/a","n/a"
"20 Dec 19","0.75","n/a","n/a"
"19 Dec 19","0.75","n/a","n/a"
"18 Dec 19","0.75","n/a","n/a"
"17 Dec 19","0.75","n/a","n/a"
"16 Dec 19","0.75","n/a","n/a"
"13 Dec 19","0.75","n/a","n/a"
"12 Dec 19","0.75","n/a","n/a"
"11 Dec 19","0.75","n/a","n/a"
"10 Dec 19","0.75","n/a","n/a"
"09 Dec 19","0.75","n/a","n/a"
"06 Dec 19","0.75","n/a","n/a"
"05 Dec 19","0.75","n/a","n/a"
"04 Dec 19","0.75","n/a","n/a"
"03 Dec 19","0.75","n/a","n/a"
"02 Dec 19","0.75","n/a","n/a"
"29 Nov 19","0.75","n/a","n/a"
"28 Nov 19","0.75","n/a","n/a"
"27 Nov 19","0.75","n/a","n/a"
"26 Nov 19","0.75","n/a","n/a"
"25 Nov 19","0.75","n/a","n/a"
"22 Nov 19","0.75","n/a","n/a"
"21 Nov 19","0.75","n/a","n/a"
"20 Nov 19","0.75","n/a","n/a"
"19 Nov 19","0.75","n/a","n/a"
"18 Nov 19","0.75","n/a","n/a"
"15 Nov 19","0.75","n/a","n/a"
"14 Nov 19","0.75","n/a","n/a"
"13 Nov 19","0.75","n/a","n/a"
"12 Nov 19","0.75","n/a","n/a"
"11 Nov 19","0.75","n/a","n/a"
"08 Nov 19","0.75","n/a","n/a"
"07 Nov 19","0.75","n/a","n/a"
"06 Nov 19","0.75","n/a","n/a"
"05 Nov 19","0.75","n/a","n/a"
"04 Nov 19","0.75","n/a","n/a"
"01 Nov 19","0.75","n/a","n/a"
"31 Oct 19","0.75","n/a","n/a"
"30 Oct 19","0.75","n/a","n/a"
"29 Oct 19","0.75","n/a","n/a"
"28 Oct 19","0.75","n/a","n/a"
"25 Oct 19","0.75","n/a","n/a"
"24 Oct 19","0.75","n/a","n/a"
"23 Oct 19","0.75","n/a","n/a"
"22 Oct 19","0.75","n/a","n/a"
"21 Oct 19","0.75","n/a","n/a"
"18 Oct 19","0.75","n/a","n/a"
"17 Oct 19","0.75","n/a","n/a"
"16 Oct 19","0.75","n/a","n/a"
"15 Oct 19","0.75","n/a","n/a"
"14 Oct 19","0.75","n/a","n/a"
"11 Oct 19","0.75","n/a","n/a"
"10 Oct 19","0.75","n/a","n/a"
"09 Oct 19","0.75","n/a","n/a"
"08 Oct 19","0.75","n/a","n/a"
"07 Oct 19","0.75","n/a","n/a"
"04 Oct 19","0.75","n/a","n/a"
"03 Oct 19","0.75","n/a","n/a"
"02 Oct 19","0.75","n/a","n/a"
"01 Oct 19","0.75","n/a","n/a"
"30 Sep 19","0.75","0.75","0.75"
"27 Sep 19","0.75","n/a","n/a"
"26 Sep 19","0.75","n/a","n/a"
"25 Sep 19","0.75","n/a","n/a"
"24 Sep 19","0.75","n/a","n/a"
"23 Sep 19","0.75","n/a","n/a"
"20 Sep 19","0.75","n/a","n/a"
"19 Sep 19","0.75","n/a","n/a"
"18 Sep 19","0.75","n/a","n/a"
"17 Sep 19","0.75","n/a","n/a"
"16 Sep 19","0.75","n/a","n/a"
"13 Sep 19","0.75","n/a","n/a"
"12 Sep 19","0.75","n/a","n/a"
"11 Sep 19","0.75","n/a","n/a"
"10 Sep 19","0.75","n/a","n/a"
"09 Sep 19","0.75","n/a","n/a"
"06 Sep 19","0.75","n/a","n/a"
"05 Sep 19","0.75","n/a","n/a"
"04 Sep 19","0.75","n/a","n/a"
"03 Sep 19","0.75","n/a","n/a"
"02 Sep 19","0.75","n/a","n/a"
"30 Aug 19","0.75","n/a","n/a"
"29 Aug 19","0.75","n/a","n/a"
"28 Aug 19","0.75","n/a","n/a"
"27 Aug 19","0.75","n/a","n/a"
"23 Aug 19","0.75","n/a","n/a"
"22 Aug 19","0.75","n/a","n/a"
"21 Aug 19","0.75","n/a","n/a"
"20 Aug 19","0.75","n/a","n/a"
"19 Aug 19","0.75","n/a","n/a"
"16 Aug 19","0.75","n/a","n/a"
"15 Aug 19","0.75","n/a","n/a"
"14 Aug 19","0.75","n/a","n/a"
"13 Aug 19","0.75","n/a","n/a"
"12 Aug 19","0.75","n/a","n/a"
"09 Aug 19","0.75","n/a","n/a"
"08 Aug 19","0.75","n/a","n/a"
"07 Aug 19","0.75","n/a","n/a"
"06 Aug 19","0.75","n/a","n/a"
"05 Aug 19","0.75","n/a","n/a"
"02 Aug 19","0.75","n/a","n/a"
"01 Aug 19","0.75","n/a","n/a"
"31 Jul 19","0.75","n/a","n/a"
"30 Jul 19","0.75","n/a","n/a"
"29 Jul 19","0.75","n/a","n/a"
"26 Jul 19","0.75","n/a","n/a"
"25 Jul 19","0.75","n/a","n/a"
"24 Jul 19","0.75","n/a","n/a"
"23 Jul 19","0.75","n/a","n/a"
"22 Jul 19","0.75","n/a","n/a"
"19 Jul 19","0.75","n/a","n/a"
"18 Jul 19","0.75","n/a","n/a"
"17 Jul 19","0.75","n/a","n/a"
"16 Jul 19","0.75","n/a","n/a"
"15 Jul 19","0.75","n/a","n/a"
"12 Jul 19","0.75","n/a","n/a"
"11 Jul 19","0.75","n/a","n/a"
"10 Jul 19","0.75","n/a","n/a"
"09 Jul 19","0.75","n/a","n/a"
"08 Jul 19","0.75","n/a","n/a"
"05 Jul 19","0.75","n/a","n/a"
"04 Jul 19","0.75","n/a","n/a"
"03 Jul 19","0.75","n/a","n/a"
"02 Jul 19","0.75","n/a","n/a"
"01 Jul 19","0.75","n/a","n/a"
"30 Jun 19","n/a","0.75","0.75"
"28 Jun 19","0.75","n/a","n/a"
"27 Jun 19","0.75","n/a","n/a"
"26 Jun 19","0.75","n/a","n/a"
"25 Jun 19","0.75","n/a","n/a"
"24 Jun 19","0.75","n/a","n/a"
"21 Jun 19","0.75","n/a","n/a"
"20 Jun 19","0.75","n/a","n/a"
"19 Jun 19","0.75","n/a","n/a"
"18 Jun 19","0.75","n/a","n/a"
"17 Jun 19","0.75","n/a","n/a"
"14 Jun 19","0.75","n/a","n/a"
"13 Jun 19","0.75","n/a","n/a"
"12 Jun 19","0.75","n/a","n/a"
"11 Jun 19","0.75","n/a","n/a"
"10 Jun 19","0.75","n/a","n/a"
"07 Jun 19","0.75","n/a","n/a"
"06 Jun 19","0.75","n/a","n/a"
"05 Jun 19","0.75","n/a","n/a"
"04 Jun 19","0.75","n/a","n/a"
"03 Jun 19","0.75","n/a","n/a"
"31 May 19","0.75","n/a","n/a"
"30 May 19","0.75","n/a","n/a"
"29 May 19","0.75","n/a","n/a"
"28 May 19","0.75","n/a","n/a"
"24 May 19","0.75","n/a","n/a"
"23 May 19","0.75","n/a","n/a"
"22 May 19","0.75","n/a","n/a"
"21 May 19","0.75","n/a","n/a"
"20 May 19","0.75","n/a","n/a"
"17 May 19","0.75","n/a","n/a"
"16 May 19","0.75","n/a","n/a"
"15 May 19","0.75","n/a","n/a"
"14 May 19","0.75","n/a","n/a"
"13 May 19","0.75","n/a","n/a"
"10 May 19","0.75","n/a","n/a"
"09 May 19","0.75","n/a","n/a"
"08 May 19","0.75","n/a","n/a"
"07 May 19","0.75","n/a","n/a"
"03 May 19","0.75","n/a","n/a"
"02 May 19","0.75","n/a","n/a"
"01 May 19","0.75","n/a","n/a"
"30 Apr 19","0.75","n/a","n/a"
"29 Apr 19","0.75","n/a","n/a"
"26 Apr 19","0.75","n/a","n/a"
"25 Apr 19","0.75","n/a","n/a"
"24 Apr 19","0.75","n/a","n/a"
"23 Apr 19","0.75","n/a","n/a"
"18 Apr 19","0.75","n/a","n/a"
"17 Apr 19","0.75","n/a","n/a"
"16 Apr 19","0.75","n/a","n/a"
"15 Apr 19","0.75","n/a","n/a"
"12 Apr 19","0.75","n/a","n/a"
"11 Apr 19","0.75","n/a","n/a"
"10 Apr 19","0.75","n/a","n/a"
"09 Apr 19","0.75","n/a","n/a"
"08 Apr 19","0.75","n/a","n/a"
"05 Apr 19","0.75","n/a","n/a"
"04 Apr 19","0.75","n/a","n/a"
"03 Apr 19","0.75","n/a","n/a"
"02 Apr 19","0.75","n/a","n/a"
"01 Apr 19","0.75","n/a","n/a"
"31 Mar 19","n/a","0.75","0.75"
"29 Mar 19","0.75","n/a","n/a"
"28 Mar 19","0.75","n/a","n/a"
"27 Mar 19","0.75","n/a","n/a"
"26 Mar 19","0.75","n/a","n/a"
"25 Mar 19","0.75","n/a","n/a"
"22 Mar 19","0.75","n/a","n/a"
"21 Mar 19","0.75","n/a","n/a"
"20 Mar 19","0.75","n/a","n/a"
"19 Mar 19","0.75","n/a","n/a"
"18 Mar 19","0.75","n/a","n/a"
"15 Mar 19","0.75","n/a","n/a"
"14 Mar 19","0.75","n/a","n/a"
"13 Mar 19","0.75","n/a","n/a"
"12 Mar 19","0.75","n/a","n/a"
"11 Mar 19","0.75","n/a","n/a"
"08 Mar 19","0.75","n/a","n/a"
"07 Mar 19","0.75","n/a","n/a"
"06 Mar 19","0.75","n/a","n/a"
"05 Mar 19","0.75","n/a","n/a"
"04 Mar 19","0.75","n/a","n/a"
"01 Mar 19","0.75","n/a","n/a"
"28 Feb 19","0.75","n/a","n/a"
"27 Feb 19","0.75","n/a","n/a"
"26 Feb 19","0.75","n/a","n/a"
"25 Feb 19","0.75","n/a","n/a"
"22 Feb 19","0.75","n/a","n/a"
"21 Feb 19","0.75","n/a","n/a"
"20 Feb 19","0.75","n/a","n/a"
"19 Feb 19","0.75","n/a","n/a"
"18 Feb 19","0.75","n/a","n/a"
"15 Feb 19","0.75","n/a","n/a"
"14 Feb 19","0.75","n/a","n/a"
"13 Feb 19","0.75","n/a","n/a"
"12 Feb 19","0.75","n/a","n/a"
"11 Feb 19","0.75","n/a","n/a"
"08 Feb 19","0.75","n/a","n/a"
"07 Feb 19","0.75","n/a","n/a"
"06 Feb 19","0.75","n/a","n/a"
"05 Feb 19","0.75","n/a","n/a"
"04 Feb 19","0.75","n/a","n/a"
"01 Feb 19","0.75","n/a","n/a"
"31 Jan 19","0.75","n/a","n/a"
"30 Jan 19","0.75","n/a","n/a"
"29 Jan 19","0.75","n/a","n/a"
"28 Jan 19","0.75","n/a","n/a"
"25 Jan 19","0.75","n/a","n/a"
"24 Jan 19","0.75","n/a","n/a"
"23 Jan 19","0.75","n/a","n/a"
"22 Jan 19","0.75","n/a","n/a"
"21 Jan 19","0.75","n/a","n/a"
"18 Jan 19","0.75","n/a","n/a"
"17 Jan 19","0.75","n/a","n/a"
"16 Jan 19","0.75","n/a","n/a"
"15 Jan 19","0.75","n/a","n/a"
"14 Jan 19","0.75","n/a","n/a"
"11 Jan 19","0.75","n/a","n/a"
"10 Jan 19","0.75","n/a","n/a"
"09 Jan 19","0.75","n/a","n/a"
"08 Jan 19","0.75","n/a","n/a"
"07 Jan 19","0.75","n/a","n/a"
"04 Jan 19","0.75","n/a","n/a"
"03 Jan 19","0.75","n/a","n/a"
"02 Jan 19","0.75","n/a","n/a"
"31 Dec 18","0.75","0.75","0.75"
"28 Dec 18","0.75","n/a","n/a"
"27 Dec 18","0.75","n/a","n/a"
"24 Dec 18","0.75","n/a","n/a"
"21 Dec 18","0.75","n/a","n/a"
"20 Dec 18","0.75","n/a","n/a"
"19 Dec 18","0.75","n/a","n/a"
"18 Dec 18","0.75","n/a","n/a"
"17 Dec 18","0.75","n/a","n/a"
"14 Dec 18","0.75","n/a","n/a"
"13 Dec 18","0.75","n/a","n/a"
"12 Dec 18","0.75","n/a","n/a"
"11 Dec 18","0.75","n/a","n/a"
"10 Dec 18","0.75","n/a","n/a"
"07 Dec 18","0.75","n/a","n/a"
"06 Dec 18","0.75","n/a","n/a"
"05 Dec 18","0.75","n/a","n/a"
"04 Dec 18","0.75","n/a","n/a"
"03 Dec 18","0.75","n/a","n/a"
"30 Nov 18","0.75","n/a","n/a"
"29 Nov 18","0.75","n/a","n/a"
"28 Nov 18","0.75","n/a","n/a"
"27 Nov 18","0.75","n/a","n/a"
"26 Nov 18","0.75","n/a","n/a"
"23 Nov 18","0.75","n/a","n/a"
"22 Nov 18","0.75","n/a","n/a"
"21 Nov 18","0.75","n/a","n/a"
"20 Nov 18","0.75","n/a","n/a"
"19 Nov 18","0.75","n/a","n/a"
"16 Nov 18","0.75","n/a","n/a"
"15 Nov 18","0.75","n/a","n/a"
"14 Nov 18","0.75","n/a","n/a"
"13 Nov 18","0.75","n/a","n/a"
"12 Nov 18","0.75","n/a","n/a"
"09 Nov 18","0.75","n/a","n/a"
"08 Nov 18","0.75","n/a","n/a"
"07 Nov 18","0.75","n/a","n/a"
"06 Nov 18","0.75","n/a","n/a"
"05 Nov 18","0.75","n/a","n/a"
"02 Nov 18","0.75","n/a","n/a"
"01 Nov 18","0.75","n/a","n/a"
"31 Oct 18","0.75","n/a","n/a"
"30 Oct 18","0.75","n/a","n/a"
"29 Oct 18","0.75","n/a","n/a"
"26 Oct 18","0.75","n/a","n/a"
"25 Oct 18","0.75","n/a","n/a"
"24 Oct 18","0.75","n/a","n/a"
"23 Oct 18","0.75","n/a","n/a"
"22 Oct 18","0.75","n/a","n/a"
"19 Oct 18","0.75","n/a","n/a"
"18 Oct 18","0.75","n/a","n/a"
"17 Oct 18","0.75","n/a","n/a"
"16 Oct 18","0.75","n/a","n/a"
"15 Oct 18","0.75","n/a","n/a"
"12 Oct 18","0.75","n/a","n/a"
"11 Oct 18","0.75","n/a","n/a"
"10 Oct 18","0.75","n/a","n/a"
"09 Oct 18","0.75","n/a","n/a"
"08 Oct 18","0.75","n/a","n/a"
"05 Oct 18","0.75","n/a","n/a"
"04 Oct 18","0.75","n/a","n/a"
"03 Oct 18","0.75","n/a","n/a"
"02 Oct 18","0.75","n/a","n/a"
"01 Oct 18","0.75","n/a","n/a"
"30 Sep 18","n/a","0.6602","0.75"
"28 Sep 18","0.75","n/a","n/a"
"27 Sep 18","0.75","n/a","n/a"
"26 Sep 18","0.75","n/a","n/a"
"25 Sep 18","0.75","n/a","n/a"
"24 Sep 18","0.75","n/a","n/a"
"21 Sep 18","0.75","n/a","n/a"
"20 Sep 18","0.75","n/a","n/a"
"19 Sep 18","0.75","n/a","n/a"
"18 Sep 18","0.75","n/a","n/a"
"17 Sep 18","0.75","n/a","n/a"
"14 Sep 18","0.75","n/a","n/a"
"13 Sep 18","0.75","n/a","n/a"
"12 Sep 18","0.75","n/a","n/a"
"11 Sep 18","0.75","n/a","n/a"
"10 Sep 18","0.75","n/a","n/a"
"07 Sep 18","0.75","n/a","n/a"
"06 Sep 18","0.75","n/a","n/a"
"05 Sep 18","0.75","n/a","n/a"
"04 Sep 18","0.75","n/a","n/a"
"03 Sep 18","0.75","n/a","n/a"
"31 Aug 18","0.75","n/a","n/a"
"30 Aug 18","0.75","n/a","n/a"
"29 Aug 18","0.75","n/a","n/a"
"28 Aug 18","0.75","n/a","n/a"
"24 Aug 18","0.75","n/a","n/a"
"23 Aug 18","0.75","n/a","n/a"
"22 Aug 18","0.75","n/a","n/a"
"21 Aug 18","0.75","n/a","n/a"
"20 Aug 18","0.75","n/a","n/a"
"17 Aug 18","0.75","n/a","n/a"
"16 Aug 18","0.75","n/a","n/a"
"15 Aug 18","0.75","n/a","n/a"
"14 Aug 18","0.75","n/a","n/a"
"13 Aug 18","0.75","n/a","n/a"
"10 Aug 18","0.75","n/a","n/a"
"09 Aug 18","0.75","n/a","n/a"
"08 Aug 18","0.75","n/a","n/a"
"07 Aug 18","0.75","n/a","n/a"
"06 Aug 18","0.75","n/a","n/a"
"03 Aug 18","0.75","n/a","n/a"
"02 Aug 18","0.75","n/a","n/a"
"01 Aug 18","0.5","n/a","n/a"
"31 Jul 18","0.5","n/a","n/a"
"30 Jul 18","0.5","n/a","n/a"
"27 Jul 18","0.5","n/a","n/a"
"26 Jul 18","0.5","n/a","n/a"
"25 Jul 18","0.5","n/a","n/a"
"24 Jul 18","0.5","n/a","n/a"
"23 Jul 18","0.5","n/a","n/a"
"20 Jul 18","0.5","n/a","n/a"
"19 Jul 18","0.5","n/a","n/a"
"18 Jul 18","0.5","n/a","n/a"
"17 Jul 18","0.5","n/a","n/a"
"16 Jul 18","0.5","n/a","n/a"
"13 Jul 18","0.5","n/a","n/a"
"12 Jul 18","0.5","n/a","n/a"
"11 Jul 18","0.5","n/a","n/a"
"10 Jul 18","0.5","n/a","n/a"
"09 Jul 18","0.5","n/a","n/a"
"06 Jul 18","0.5","n/a","n/a"
"05 Jul 18","0.5","n/a","n/a"
"04 Jul 18","0.5","n/a","n/a"
"03 Jul 18","0.5","n/a","n/a"
"02 Jul 18","0.5","n/a","n/a"
"30 Jun 18","n/a","0.5","0.5"
"29 Jun 18","0.5","n/a","n/a"
"28 Jun 18","0.5","n/a","n/a"
"27 Jun 18","0.5","n/a","n/a"
"26 Jun 18","0.5","n/a","n/a"
"25 Jun 18","0.5","n/a","n/a"
"22 Jun 18","0.5","n/a","n/a"
"21 Jun 18","0.5","n/a","n/a"
"20 Jun 18","0.5","n/a","n/a"
"19 Jun 18","0.5","n/a","n/a"
"18 Jun 18","0.5","n/a","n/a"
"15 Jun 18","0.5","n/a","n/a"
"14 Jun 18","0.5","n/a","n/a"
"13 Jun 18","0.5","n/a","n/a"
"12 Jun 18","0.5","n/a","n/a"
"11 Jun 18","0.5","n/a","n/a"
"08 Jun 18","0.5","n/a","n/a"
"07 Jun 18","0.5","n/a","n/a"
"06 Jun 18","0.5","n/a","n/a"
"05 Jun 18","0.5","n/a","n/a"
"04 Jun 18","0.5","n/a","n/a"
"01 Jun 18","0.5","n/a","n/a"
"31 May 18","0.5","n/a","n/a"
"30 May 18","0.5","n/a","n/a"
"29 May 18","0.5","n/a","n/a"
"25 May 18","0.5","n/a","n/a"
"24 May 18","0.5","n/a","n/a"
"23 May 18","0.5","n/a","n/a"
"22 May 18","0.5","n/a","n/a"
"21 May 18","0.5","n/a","n/a"
"18 May 18","0.5","n/a","n/a"
"17 May 18","0.5","n/a","n/a"
"16 May 18","0.5","n/a","n/a"
"15 May 18","0.5","n/a","n/a"
"14 May 18","0.5","n/a","n/a"
"11 May 18","0.5","n/a","n/a"
"10 May 18","0.5","n/a","n/a"
"09 May 18","0.5","n/a","n/a"
"08 May 18","0.5","n/a","n/a"
"04 May 18","0.5","n/a","n/a"
"03 May 18","0.5","n/a","n/a"
"02 May 18","0.5","n/a","n/a"
"01 May 18","0.5","n/a","n/a"
"30 Apr 18","0.5","n/a","n/a"
"27 Apr 18","0.5","n/a","n/a"
"26 Apr 18","0.5","n/a","n/a"
"25 Apr 18","0.5","n/a","n/a"
"24 Apr 18","0.5","n/a","n/a"
"23 Apr 18","0.5","n/a","n/a"
"20 Apr 18","0.5","n/a","n/a"
"19 Apr 18","0.5","n/a","n/a"
"18 Apr 18","0.5","n/a","n/a"
"17 Apr 18","0.5","n/a","n/a"
"16 Apr 18","0.5","n/a","n/a"
"13 Apr 18","0.5","n/a","n/a"
"12 Apr 18","0.5","n/a","n/a"
"11 Apr 18","0.5","n/a","n/a"
"10 Apr 18","0.5","n/a","n/a"
"09 Apr 18","0.5","n/a","n/a"
"06 Apr 18","0.5","n/a","n/a"
"05 Apr 18","0.5","n/a","n/a"
"04 Apr 18","0.5","n/a","n/a"
"03 Apr 18","0.5","n/a","n/a"
"31 Mar 18","n/a","0.5","0.5"
"29 Mar 18","0.5","n/a","n/a"
"28 Mar 18","0.5","n/a","n/a"
"27 Mar 18","0.5","n/a","n/a"
"26 Mar 18","0.5","n/a","n/a"
"23 Mar 18","0.5","n/a","n/a"
"22 Mar 18","0.5","n/a","n/a"
"21 Mar 18","0.5","n/a","n/a"
"20 Mar 18","0.5","n/a","n/a"
"19 Mar 18","0.5","n/a","n/a"
"16 Mar 18","0.5","n/a","n/a"
"15 Mar 18","0.5","n/a","n/a"
"14 Mar 18","0.5","n/a","n/a"
"13 Mar 18","0.5","n/a","n/a"
"12 Mar 18","0.5","n/a","n/a"
"09 Mar 18","0.5","n/a","n/a"
"08 Mar 18","0.5","n/a","n/a"
"07 Mar 18","0.5","n/a","n/a"
"06 Mar 18","0.5","n/a","n/a"
"05 Mar 18","0.5","n/a","n/a"
"02 Mar 18","0.5","n/a","n/a"
"01 Mar 18","0.5","n/a","n/a"
"28 Feb 18","0.5","n/a","n/a"
"27 Feb 18","0.5","n/a","n/a"
"26 Feb 18","0.5","n/a","n/a"
"23 Feb 18","0.5","n/a","n/a"
"22 Feb 18","0.5","n/a","n/a"
"21 Feb 18","0.5","n/a","n/a"
"20 Feb 18","0.5","n/a","n/a"
"19 Feb 18","0.5","n/a","n/a"
"16 Feb 18","0.5","n/a","n/a"
"15 Feb 18","0.5","n/a","n/a"
"14 Feb 18","0.5","n/a","n/a"
"13 Feb 18","0.5","n/a","n/a"
"12 Feb 18","0.5","n/a","n/a"
"09 Feb 18","0.5","n/a","n/a"
"08 Feb 18","0.5","n/a","n/a"
"07 Feb 18","0.5","n/a","n/a"
"06 Feb 18","0.5","n/a","n/a"
"05 Feb 18","0.5","n/a","n/a"
"02 Feb 18","0.5","n/a","n/a"
"01 Feb 18","0.5","n/a","n/a"
"31 Jan 18","0.5","n/a","n/a"
"30 Jan 18","0.5","n/a","n/a"
"29 Jan 18","0.5","n/a","n/a"
"26 Jan 18","0.5","n/a","n/a"
"25 Jan 18","0.5","n/a","n/a"
"24 Jan 18","0.5","n/a","n/a"
"23 Jan 18","0.5","n/a","n/a"
"22 Jan 18","0.5","n/a","n/a"
"19 Jan 18","0.5","n/a","n/a"
"18 Jan 18","0.5","n/a","n/a"
"17 Jan 18","0.5","n/a","n/a"
"16 Jan 18","0.5","n/a","n/a"
"15 Jan 18","0.5","n/a","n/a"
"12 Jan 18","0.5","n/a","n/a"
"11 Jan 18","0.5","n/a","n/a"
"10 Jan 18","0.5","n/a","n/a"
"09 Jan 18","0.5","n/a","n/a"
"08 Jan 18","0.5","n/a","n/a"
"05 Jan 18","0.5","n/a","n/a"
"04 Jan 18","0.5","n/a","n/a"
"03 Jan 18","0.5","n/a","n/a"
"02 Jan 18","0.5","n/a","n/a"
"31 Dec 17","n/a","0.4087","0.5"
"29 Dec 17","0.5","n/a","n/a"
"28 Dec 17","0.5","n/a","n/a"
"27 Dec 17","0.5","n/a","n/a"
"22 Dec 17","0.5","n/a","n/a"
"21 Dec 17","0.5","n/a","n/a"
"20 Dec 17","0.5","n/a","n/a"
"19 Dec 17","0.5","n/a","n/a"
"18 Dec 17","0.5","n/a","n/a"
"15 Dec 17","0.5","n/a","n/a"
"14 Dec 17","0.5","n/a","n/a"
"13 Dec 17","0.5","n/a","n/a"
"12 Dec 17","0.5","n/a","n/a"
"11 Dec 17","0.5","n/a","n/a"
"08 Dec 17","0.5","n/a","n/a"
"07 Dec 17","0.5","n/a","n/a"
"06 Dec 17","0.5","n/a","n/a"
"05 Dec 17","0.5","n/a","n/a"
"04 Dec 17","0.5","n/a","n/a"
"01 Dec 17","0.5","n/a","n/a"
"30 Nov 17","0.5","n/a","n/a"
"29 Nov 17","0.5","n/a","n/a"
"28 Nov 17","0.5","n/a","n/a"
"27 Nov 17","0.5","n/a","n/a"
"24 Nov 17","0.5","n/a","n/a"
"23 Nov 17","0.5","n/a","n/a"
"22 Nov 17","0.5","n/a","n/a"
"21 Nov 17","0.5","n/a","n/a"
"20 Nov 17","0.5","n/a","n/a"
"17 Nov 17","0.5","n/a","n/a"
"16 Nov 17","0.5","n/a","n/a"
"15 Nov 17","0.5","n/a","n/a"
"14 Nov 17","0.5","n/a","n/a"
"13 Nov 17","0.5","n/a","n/a"
"10 Nov 17","0.5","n/a","n/a"
"09 Nov 17","0.5","n/a","n/a"
"08 Nov 17","0.5","n/a","n/a"
"07 Nov 17","0.5","n/a","n/a"
"06 Nov 17","0.5","n/a","n/a"
"03 Nov 17","0.5","n/a","n/a"
"02 Nov 17","0.5","n/a","n/a"
"01 Nov 17","0.25","n/a","n/a"
"31 Oct 17","0.25","n/a","n/a"
"30 Oct 17","0.25","n/a","n/a"
"27 Oct 17","0.25","n/a","n/a"
"26 Oct 17","0.25","n/a","n/a"
"25 Oct 17","0.25","n/a","n/a"
"24 Oct 17","0.25","n/a","n/a"
"23 Oct 17","0.25","n/a","n/a"
"20 Oct 17","0.25","n/a","n/a"
"19 Oct 17","0.25","n/a","n/a"
"18 Oct 17","0.25","n/a","n/a"
"17 Oct 17","0.25","n/a","n/a"
"16 Oct 17","0.25","n/a","n/a"
"13 Oct 17","0.25","n/a","n/a"
"12 Oct 17","0.25","n/a","n/a"
"11 Oct 17","0.25","n/a","n/a"
"10 Oct 17","0.25","n/a","n/a"
"09 Oct 17","0.25","n/a","n/a"
"06 Oct 17","0.25","n/a","n/a"
"05 Oct 17","0.25","n/a","n/a"
"04 Oct 17","0.25","n/a","n/a"
"03 Oct 17","0.25","n/a","n/a"
"02 Oct 17","0.25","n/a","n/a"
"30 Sep 17","n/a","0.25","0.25"
"29 Sep 17","0.25","n/a","n/a"
"28 Sep 17","0.25","n/a","n/a"
"27 Sep 17","0.25","n/a","n/a"
"26 Sep 17","0.25","n/a","n/a"
"25 Sep 17","0.25","n/a","n/a"
"22 Sep 17","0.25","n/a","n/a"
"21 Sep 17","0.25","n/a","n/a"
"20 Sep 17","0.25","n/a","n/a"
"19 Sep 17","0.25","n/a","n/a"
"18 Sep 17","0.25","n/a","n/a"
"15 Sep 17","0.25","n/a","n/a"
"14 Sep 17","0.25","n/a","n/a"
"13 Sep 17","0.25","n/a","n/a"
"12 Sep 17","0.25","n/a","n/a"
"11 Sep 17","0.25","n/a","n/a"
"08 Sep 17","0.25","n/a","n/a"
"07 Sep 17","0.25","n/a","n/a"
"06 Sep 17","0.25","n/a","n/a"
"05 Sep 17","0.25","n/a","n/a"
"04 Sep 17","0.25","n/a","n/a"
"01 Sep 17","0.25","n/a","n/a"
"31 Aug 17","0.25","n/a","n/a"
"30 Aug 17","0.25","n/a","n/a"
"29 Aug 17","0.25","n/a","n/a"
"25 Aug 17","0.25","n/a","n/a"
"24 Aug 17","0.25","n/a","n/a"
"23 Aug 17","0.25","n/a","n/a"
"22 Aug 17","0.25","n/a","n/a"
"21 Aug 17","0.25","n/a","n/a"
"18 Aug 17","0.25","n/a","n/a"
"17 Aug 17","0.25","n/a","n/a"
"16 Aug 17","0.25","n/a","n/a"
"15 Aug 17","0.25","n/a","n/a"
"14 Aug 17","0.25","n/a","n/a"
"11 Aug 17","0.25","n/a","n/a"
"10 Aug 17","0.25","n/a","n/a"
"09 Aug 17","0.25","n/a","n/a"
"08 Aug 17","0.25","n/a","n/a"
"07 Aug 17","0.25","n/a","n/a"
"04 Aug 17","0.25","n/a","n/a"
"03 Aug 17","0.25","n/a","n/a"
"02 Aug 17","0.25","n/a","n/a"
"01 Aug 17","0.25","n/a","n/a"
"31 Jul 17","0.25","n/a","n/a"
"28 Jul 17","0.25","n/a","n/a"
"27 Jul 17","0.25","n/a","n/a"
"26 Jul 17","0.25","n/a","n/a"
"25 Jul 17","0.25","n/a","n/a"
"24 Jul 17","0.25","n/a","n/a"
"21 Jul 17","0.25","n/a","n/a"
"20 Jul 17","0.25","n/a","n/a"
"19 Jul 17","0.25","n/a","n/a"
"18 Jul 17","0.25","n/a","n/a"
"17 Jul 17","0.25","n/a","n/a"
"14 Jul 17","0.25","n/a","n/a"
"13 Jul 17","0.25","n/a","n/a"
"12 Jul 17","0.25","n/a","n/a"
"11 Jul 17","0.25","n/a","n/a"
"10 Jul 17","0.25","n/a","n/a"
"07 Jul 17","0.25","n/a","n/a"
"06 Jul 17","0.25","n/a","n/a"
"05 Jul 17","0.25","n/a","n/a"
"04 Jul 17","0.25","n/a","n/a"
"03 Jul 17","0.25","n/a","n/a"
"30 Jun 17","0.25","0.25","0.25"
"29 Jun 17","0.25","n/a","n/a"
"28 Jun 17","0.25","n/a","n/a"
"27 Jun 17","0.25","n/a","n/a"
"26 Jun 17","0.25","n/a","n/a"
"23 Jun 17","0.25","n/a","n/a"
"22 Jun 17","0.25","n/a","n/a"
"21 Jun 17","0.25","n/a","n/a"
"20 Jun 17","0.25","n/a","n/a"
"19 Jun 17","0.25","n/a","n/a"
"16 Jun 17","0.25","n/a","n/a"
"15 Jun 17","0.25","n/a","n/a"
"14 Jun 17","0.25","n/a","n/a"
"13 Jun 17","0.25","n/a","n/a"
"12 Jun 17","0.25","n/a","n/a"
"09 Jun 17","0.25","n/a","n/a"
"08 Jun 17","0.25","n/a","n/a"
"07 Jun 17","0.25","n/a","n/a"
"06 Jun 17","0.25","n/a","n/a"
"05 Jun 17","0.25","n/a","n/a"
"02 Jun 17","0.25","n/a","n/a"
"01 Jun 17","0.25","n/a","n/a"
"31 May 17","0.25","n/a","n/a"
"30 May 17","0.25","n/a","n/a"
"26 May 17","0.25","n/a","n/a"
"25 May 17","0.25","n/a","n/a"
"24 May 17","0.25","n/a","n/a"
"23 May 17","0.25","n/a","n/a"
"22 May 17","0.25","n/a","n/a"
"19 May 17","0.25","n/a","n/a"
"18 May 17","0.25","n/a","n/a"
"17 May 17","0.25","n/a","n/a"
"16 May 17","0.25","n/a","n/a"
"15 May 17","0.25","n/a","n/a"
"12 May 17","0.25","n/a","n/a"
"11 May 17","0.25","n/a","n/a"
"10 May 17","0.25","n/a","n/a"
"09 May 17","0.25","n/a","n/a"
"08 May 17","0.25","n/a","n/a"
"05 May 17","0.25","n/a","n/a"
"04 May 17","0.25","n/a","n/a"
"03 May 17","0.25","n/a","n/a"
"02 May 17","0.25","n/a","n/a"
"28 Apr 17","0.25","n/a","n/a"
"27 Apr 17","0.25","n/a","n/a"
"26 Apr 17","0.25","n/a","n/a"
"25 Apr 17","0.25","n/a","n/a"
"24 Apr 17","0.25","n/a","n/a"
"21 Apr 17","0.25","n/a","n/a"
"20 Apr 17","0.25","n/a","n/a"
"19 Apr 17","0.25","n/a","n/a"
"18 Apr 17","0.25","n/a","n/a"
"13 Apr 17","0.25","n/a","n/a"
"12 Apr 17","0.25","n/a","n/a"
"11 Apr 17","0.25","n/a","n/a"
"10 Apr 17","0.25","n/a","n/a"
"07 Apr 17","0.25","n/a","n/a"
"06 Apr 17","0.25","n/a","n/a"
"05 Apr 17","0.25","n/a","n/a"
"04 Apr 17","0.25","n/a","n/a"
"03 Apr 17","0.25","n/a","n/a"
"31 Mar 17","0.25","0.25","0.25"
"30 Mar 17","0.25","n/a","n/a"
"29 Mar 17","0.25","n/a","n/a"
"28 Mar 17","0.25","n/a","n/a"
"27 Mar 17","0.25","n/a","n/a"
"24 Mar 17","0.25","n/a","n/a"
"23 Mar 17","0.25","n/a","n/a"
"22 Mar 17","0.25","n/a","n/a"
"21 Mar 17","0.25","n/a","n/a"
"20 Mar 17","0.25","n/a","n/a"
"17 Mar 17","0.25","n/a","n/a"
"16 Mar 17","0.25","n/a","n/a"
"15 Mar 17","0.25","n/a","n/a"
"14 Mar 17","0.25","n/a","n/a"
"13 Mar 17","0.25","n/a","n/a"
"10 Mar 17","0.25","n/a","n/a"
"09 Mar 17","0.25","n/a","n/a"
"08 Mar 17","0.25","n/a","n/a"
"07 Mar 17","0.25","n/a","n/a"
"06 Mar 17","0.25","n/a","n/a"
"03 Mar 17","0.25","n/a","n/a"
"02 Mar 17","0.25","n/a","n/a"
"01 Mar 17","0.25","n/a","n/a"
"28 Feb 17","0.25","n/a","n/a"
"27 Feb 17","0.25","n/a","n/a"
"24 Feb 17","0.25","n/a","n/a"
"23 Feb 17","0.25","n/a","n/a"
"22 Feb 17","0.25","n/a","n/a"
"21 Feb 17","0.25","n/a","n/a"
"20 Feb 17","0.25","n/a","n/a"
"17 Feb 17","0.25","n/a","n/a"
"16 Feb 17","0.25","n/a","n/a"
"15 Feb 17","0.25","n/a","n/a"
"14 Feb 17","0.25","n/a","n/a"
"13 Feb 17","0.25","n/a","n/a"
"10 Feb 17","0.25","n/a","n/a"
"09 Feb 17","0.25","n/a","n/a"
"08 Feb 17","0.25","n/a","n/a"
"07 Feb 17","0.25","n/a","n/a"
"06 Feb 17","0.25","n/a","n/a"
"03 Feb 17","0.25","n/a","n/a"
"02 Feb 17","0.25","n/a","n/a"
"01 Feb 17","0.25","n/a","n/a"
"31 Jan 17","0.25","n/a","n/a"
"30 Jan 17","0.25","n/a","n/a"
"27 Jan 17","0.25","n/a","n/a"
"26 Jan 17","0.25","n/a","n/a"
"25 Jan 17","0.25","n/a","n/a"
"24 Jan 17","0.25","n/a","n/a"
"23 Jan 17","0.25","n/a","n/a"
"20 Jan 17","0.25","n/a","n/a"
"19 Jan 17","0.25","n/a","n/a"
"18 Jan 17","0.25","n/a","n/a"
"17 Jan 17","0.25","n/a","n/a"
"16 Jan 17","0.25","n/a","n/a"
"13 Jan 17","0.25","n/a","n/a"
"12 Jan 17","0.25","n/a","n/a"
"11 Jan 17","0.25","n/a","n/a"
"10 Jan 17","0.25","n/a","n/a"
"09 Jan 17","0.25","n/a","n/a"
"06 Jan 17","0.25","n/a","n/a"
"05 Jan 17","0.25","n/a","n/a"
"04 Jan 17","0.25","n/a","n/a"
"03 Jan 17","0.25","n/a","n/a"
"31 Dec 16","n/a","0.25","0.25"
"30 Dec 16","0.25","n/a","n/a"
"29 Dec 16","0.25","n/a","n/a"
"28 Dec 16","0.25","n/a","n/a"
"23 Dec 16","0.25","n/a","n/a"
"22 Dec 16","0.25","n/a","n/a"
"21 Dec 16","0.25","n/a","n/a"
"20 Dec 16","0.25","n/a","n/a"
"19 Dec 16","0.25","n/a","n/a"
"16 Dec 16","0.25","n/a","n/a"
"15 Dec 16","0.25","n/a","n/a"
"14 Dec 16","0.25","n/a","n/a"
"13 Dec 16","0.25","n/a","n/a"
"12 Dec 16","0.25","n/a","n/a"
"09 Dec 16","0.25","n/a","n/a"
"08 Dec 16","0.25","n/a","n/a"
"07 Dec 16","0.25","n/a","n/a"
"06 Dec 16","0.25","n/a","n/a"
"05 Dec 16","0.25","n/a","n/a"
"02 Dec 16","0.25","n/a","n/a"
"01 Dec 16","0.25","n/a","n/a"
"30 Nov 16","0.25","n/a","n/a"
"29 Nov 16","0.25","n/a","n/a"
"28 Nov 16","0.25","n/a","n/a"
"25 Nov 16","0.25","n/a","n/a"
"24 Nov 16","0.25","n/a","n/a"
"23 Nov 16","0.25","n/a","n/a"
"22 Nov 16","0.25","n/a","n/a"
"21 Nov 16","0.25","n/a","n/a"
"18 Nov 16","0.25","n/a","n/a"
"17 Nov 16","0.25","n/a","n/a"
"16 Nov 16","0.25","n/a","n/a"
"15 Nov 16","0.25","n/a","n/a"
"14 Nov 16","0.25","n/a","n/a"
"11 Nov 16","0.25","n/a","n/a"
"10 Nov 16","0.25","n/a","n/a"
"09 Nov 16","0.25","n/a","n/a"
"08 Nov 16","0.25","n/a","n/a"
"07 Nov 16","0.25","n/a","n/a"
"04 Nov 16","0.25","n/a","n/a"
"03 Nov 16","0.25","n/a","n/a"
"02 Nov 16","0.25","n/a","n/a"
"01 Nov 16","0.25","n/a","n/a"
"31 Oct 16","0.25","n/a","n/a"
"28 Oct 16","0.25","n/a","n/a"
"27 Oct 16","0.25","n/a","n/a"
"26 Oct 16","0.25","n/a","n/a"
"25 Oct 16","0.25","n/a","n/a"
"24 Oct 16","0.25","n/a","n/a"
"21 Oct 16","0.25","n/a","n/a"
"20 Oct 16","0.25","n/a","n/a"
"19 Oct 16","0.25","n/a","n/a"
"18 Oct 16","0.25","n/a","n/a"
"17 Oct 16","0.25","n/a","n/a"
"14 Oct 16","0.25","n/a","n/a"
"13 Oct 16","0.25","n/a","n/a"
"12 Oct 16","0.25","n/a","n/a"
"11 Oct 16","0.25","n/a","n/a"
"10 Oct 16","0.25","n/a","n/a"
"07 Oct 16","0.25","n/a","n/a"
"06 Oct 16","0.25","n/a","n/a"
"05 Oct 16","0.25","n/a","n/a"
"04 Oct 16","0.25","n/a","n/a"
"03 Oct 16","0.25","n/a","n/a"
"30 Sep 16","0.25","0.3423","0.25"
"29 Sep 16","0.25","n/a","n/a"
"28 Sep 16","0.25","n/a","n/a"
"27 Sep 16","0.25","n/a","n/a"
"26 Sep 16","0.25","n/a","n/a"
"23 Sep 16","0.25","n/a","n/a"
"22 Sep 16","0.25","n/a","n/a"
"21 Sep 16","0.25","n/a","n/a"
"20 Sep 16","0.25","n/a","n/a"
"19 Sep 16","0.25","n/a","n/a"
"16 Sep 16","0.25","n/a","n/a"
"15 Sep 16","0.25","n/a","n/a"
"14 Sep 16","0.25","n/a","n/a"
"13 Sep 16","0.25","n/a","n/a"
"12 Sep 16","0.25","n/a","n/a"
"09 Sep 16","0.25","n/a","n/a"
"08 Sep 16","0.25","n/a","n/a"
"07 Sep 16","0.25","n/a","n/a"
"06 Sep 16","0.25","n/a","n/a"
"05 Sep 16","0.25","n/a","n/a"
"02 Sep 16","0.25","n/a","n/a"
"01 Sep 16","0.25","n/a","n/a"
"31 Aug 16","0.25","n/a","n/a"
"30 Aug 16","0.25","n/a","n/a"
"26 Aug 16","0.25","n/a","n/a"
"25 Aug 16","0.25","n/a","n/a"
"24 Aug 16","0.25","n/a","n/a"
"23 Aug 16","0.25","n/a","n/a"
"22 Aug 16","0.25","n/a","n/a"
"19 Aug 16","0.25","n/a","n/a"
"18 Aug 16","0.25","n/a","n/a"
"17 Aug 16","0.25","n/a","n/a"
"16 Aug 16","0.25","n/a","n/a"
"15 Aug 16","0.25","n/a","n/a"
"12 Aug 16","0.25","n/a","n/a"
"11 Aug 16","0.25","n/a","n/a"
"10 Aug 16","0.25","n/a","n/a"
"09 Aug 16","0.25","n/a","n/a"
"08 Aug 16","0.25","n/a","n/a"
"05 Aug 16","0.25","n/a","n/a"
"04 Aug 16","0.25","n/a","n/a"
"03 Aug 16","0.5","n/a","n/a"
"02 Aug 16","0.5","n/a","n/a"
"01 Aug 16","0.5","n/a","n/a"
"29 Jul 16","0.5","n/a","n/a"
"28 Jul 16","0.5","n/a","n/a"
"27 Jul 16","0.5","n/a","n/a"
"26 Jul 16","0.5","n/a","n/a"
"25 Jul 16","0.5","n/a","n/a"
"22 Jul 16","0.5","n/a","n/a"
"21 Jul 16","0.5","n/a","n/a"
"20 Jul 16","0.5","n/a","n/a"
"19 Jul 16","0.5","n/a","n/a"
"18 Jul 16","0.5","n/a","n/a"
"15 Jul 16","0.5","n/a","n/a"
"14 Jul 16","0.5","n/a","n/a"
"13 Jul 16","0.5","n/a","n/a"
"12 Jul 16","0.5","n/a","n/a"
"11 Jul 16","0.5","n/a","n/a"
"08 Jul 16","0.5","n/a","n/a"
"07 Jul 16","0.5","n/a","n/a"
"06 Jul 16","0.5","n/a","n/a"
"05 Jul 16","0.5","n/a","n/a"
"04 Jul 16","0.5","n/a","n/a"
"01 Jul 16","0.5","n/a","n/a"
"30 Jun 16","0.5","0.5","0.5"
"29 Jun 16","0.5","n/a","n/a"
"28 Jun 16","0.5","n/a","n/a"
"27 Jun 16","0.5","n/a","n/a"
"24 Jun 16","0.5","n/a","n/a"
"23 Jun 16","0.5","n/a","n/a"
"22 Jun 16","0.5","n/a","n/a"
"21 Jun 16","0.5","n/a","n/a"
"20 Jun 16","0.5","n/a","n/a"
"17 Jun 16","0.5","n/a","n/a"
"16 Jun 16","0.5","n/a","n/a"
"15 Jun 16","0.5","n/a","n/a"
"14 Jun 16","0.5","n/a","n/a"
"13 Jun 16","0.5","n/a","n/a"
"10 Jun 16","0.5","n/a","n/a"
"09 Jun 16","0.5","n/a","n/a"
"08 Jun 16","0.5","n/a","n/a"
"07 Jun 16","0.5","n/a","n/a"
"06 Jun 16","0.5","n/a","n/a"
"03 Jun 16","0.5","n/a","n/a"
"02 Jun 16","0.5","n/a","n/a"
"01 Jun 16","0.5","n/a","n/a"
"31 May 16","0.5","n/a","n/a"
"27 May 16","0.5","n/a","n/a"
"26 May 16","0.5","n/a","n/a"
"25 May 16","0.5","n/a","n/a"
"24 May 16","0.5","n/a","n/a"
"23 May 16","0.5","n/a","n/a"
"20 May 16","0.5","n/a","n/a"
"19 May 16","0.5","n/a","n/a"
"18 May 16","0.5","n/a","n/a"
"17 May 16","0.5","n/a","n/a"
"16 May 16","0.5","n/a","n/a"
"13 May 16","0.5","n/a","n/a"
"12 May 16","0.5","n/a","n/a"
"11 May 16","0.5","n/a","n/a"
"10 May 16","0.5","n/a","n/a"
"09 May 16","0.5","n/a","n/a"
"06 May 16","0.5","n/a","n/a"
"05 May 16","0.5","n/a","n/a"
"04 May 16","0.5","n/a","n/a"
"03 May 16","0.5","n/a","n/a"
"29 Apr 16","0.5","n/a","n/a"
"28 Apr 16","0.5","n/a","n/a"
"27 Apr 16","0.5","n/a","n/a"
"26 Apr 16","0.5","n/a","n/a"
"25 Apr 16","0.5","n/a","n/a"
"22 Apr 16","0.5","n/a","n/a"
"21 Apr 16","0.5","n/a","n/a"
"20 Apr 16","0.5","n/a","n/a"
"19 Apr 16","0.5","n/a","n/a"
"18 Apr 16","0.5","n/a","n/a"
"15 Apr 16","0.5","n/a","n/a"
"14 Apr 16","0.5","n/a","n/a"
"13 Apr 16","0.5","n/a","n/a"
"12 Apr 16","0.5","n/a","n/a"
"11 Apr 16","0.5","n/a","n/a"
"08 Apr 16","0.5","n/a","n/a"
"07 Apr 16","0.5","n/a","n/a"
"06 Apr 16","0.5","n/a","n/a"
"05 Apr 16","0.5","n/a","n/a"
"04 Apr 16","0.5","n/a","n/a"
"01 Apr 16","0.5","n/a","n/a"
"31 Mar 16","0.5","0.5","0.5"
"30 Mar 16","0.5","n/a","n/a"
"29 Mar 16","0.5","n/a","n/a"
"24 Mar 16","0.5","n/a","n/a"
"23 Mar 16","0.5","n/a","n/a"
"22 Mar 16","0.5","n/a","n/a"
"21 Mar 16","0.5","n/a","n/a"
"18 Mar 16","0.5","n/a","n/a"
"17 Mar 16","0.5","n/a","n/a"
"16 Mar 16","0.5","n/a","n/a"
"15 Mar 16","0.5","n/a","n/a"
"14 Mar 16","0.5","n/a","n/a"
"11 Mar 16","0.5","n/a","n/a"
"10 Mar 16","0.5","n/a","n/a"
"09 Mar 16","0.5","n/a","n/a"
"08 Mar 16","0.5","n/a","n/a"
"07 Mar 16","0.5","n/a","n/a"
"04 Mar 16","0.5","n/a","n/a"
"03 Mar 16","0.5","n/a","n/a"
"02 Mar 16","0.5","n/a","n/a"
"01 Mar 16","0.5","n/a","n/a"
"29 Feb 16","0.5","n/a","n/a"
"26 Feb 16","0.5","n/a","n/a"
"25 Feb 16","0.5","n/a","n/a"
"24 Feb 16","0.5","n/a","n/a"
"23 Feb 16","0.5","n/a","n/a"
"22 Feb 16","0.5","n/a","n/a"
"19 Feb 16","0.5","n/a","n/a"
"18 Feb 16","0.5","n/a","n/a"
"17 Feb 16","0.5","n/a","n/a"
"16 Feb 16","0.5","n/a","n/a"
"15 Feb 16","0.5","n/a","n/a"
"12 Feb 16","0.5","n/a","n/a"
"11 Feb 16","0.5","n/a","n/a"
"10 Feb 16","0.5","n/a","n/a"
"09 Feb 16","0.5","n/a","n/a"
"08 Feb 16","0.5","n/a","n/a"
"05 Feb 16","0.5","n/a","n/a"
"04 Feb 16","0.5","n/a","n/a"
"03 Feb 16","0.5","n/a","n/a"
"02 Feb 16","0.5","n/a","n/a"
"01 Feb 16","0.5","n/a","n/a"
"29 Jan 16","0.5","n/a","n/a"
"28 Jan 16","0.5","n/a","n/a"
"27 Jan 16","0.5","n/a","n/a"
"26 Jan 16","0.5","n/a","n/a"
"25 Jan 16","0.5","n/a","n/a"
"22 Jan 16","0.5","n/a","n/a"
"21 Jan 16","0.5","n/a","n/a"
"20 Jan 16","0.5","n/a","n/a"
"19 Jan 16","0.5","n/a","n/a"
"18 Jan 16","0.5","n/a","n/a"
"15 Jan 16","0.5","n/a","n/a"
"14 Jan 16","0.5","n/a","n/a"
"13 Jan 16","0.5","n/a","n/a"
"12 Jan 16","0.5","n/a","n/a"
"11 Jan 16","0.5","n/a","n/a"
"08 Jan 16","0.5","n/a","n/a"
"07 Jan 16","0.5","n/a","n/a"
"06 Jan 16","0.5","n/a","n/a"
"05 Jan 16","0.5","n/a","n/a"
"04 Jan 16","0.5","n/a","n/a"
"31 Dec 15","0.5","0.5","0.5"
"30 Dec 15","0.5","n/a","n/a"
"29 Dec 15","0.5","n/a","n/a"
"24 Dec 15","0.5","n/a","n/a"
"23 Dec 15","0.5","n/a","n/a"
"22 Dec 15","0.5","n/a","n/a"
"21 Dec 15","0.5","n/a","n/a"
"18 Dec 15","0.5","n/a","n/a"
"17 Dec 15","0.5","n/a","n/a"
"16 Dec 15","0.5","n/a","n/a"
"15 Dec 15","0.5","n/a","n/a"
"14 Dec 15","0.5","n/a","n/a"
"11 Dec 15","0.5","n/a","n/a"
"10 Dec 15","0.5","n/a","n/a"
"09 Dec 15","0.5","n/a","n/a"
"08 Dec 15","0.5","n/a","n/a"
"07 Dec 15","0.5","n/a","n/a"
"04 Dec 15","0.5","n/a","n/a"
"03 Dec 15","0.5","n/a","n/a"
"02 Dec 15","0.5","n/a","n/a"
"01 Dec 15","0.5","n/a","n/a"
"30 Nov 15","0.5","n/a","n/a"
"27 Nov 15","0.5","n/a","n/a"
"26 Nov 15","0.5","n/a","n/a"
"25 Nov 15","0.5","n/a","n/a"
"24 Nov 15","0.5","n/a","n/a"
"23 Nov 15","0.5","n/a","n/a"
"20 Nov 15","0.5","n/a","n/a"
"19 Nov 15","0.5","n/a","n/a"
"18 Nov 15","0.5","n/a","n/a"
"17 Nov 15","0.5","n/a","n/a"
"16 Nov 15","0.5","n/a","n/a"
"13 Nov 15","0.5","n/a","n/a"
"12 Nov 15","0.5","n/a","n/a"
"11 Nov 15","0.5","n/a","n/a"
"10 Nov 15","0.5","n/a","n/a"
"09 Nov 15","0.5","n/a","n/a"
"06 Nov 15","0.5","n/a","n/a"
"05 Nov 15","0.5","n/a","n/a"
"04 Nov 15","0.5","n/a","n/a"
"03 Nov 15","0.5","n/a","n/a"
"02 Nov 15","0.5","n/a","n/a"
"30 Oct 15","0.5","n/a","n/a"
"29 Oct 15","0.5","n/a","n/a"
"28 Oct 15","0.5","n/a","n/a"
"27 Oct 15","0.5","n/a","n/a"
"26 Oct 15","0.5","n/a","n/a"
"23 Oct 15","0.5","n/a","n/a"
"22 Oct 15","0.5","n/a","n/a"
"21 Oct 15","0.5","n/a","n/a"
"20 Oct 15","0.5","n/a","n/a"
"19 Oct 15","0.5","n/a","n/a"
"16 Oct 15","0.5","n/a","n/a"
"15 Oct 15","0.5","n/a","n/a"
"14 Oct 15","0.5","n/a","n/a"
"13 Oct 15","0.5","n/a","n/a"
"12 Oct 15","0.5","n/a","n/a"
"09 Oct 15","0.5","n/a","n/a"
"08 Oct 15","0.5","n/a","n/a"
"07 Oct 15","0.5","n/a","n/a"
"06 Oct 15","0.5","n/a","n/a"
"05 Oct 15","0.5","n/a","n/a"
"02 Oct 15","0.5","n/a","n/a"
"01 Oct 15","0.5","n/a","n/a"
"30 Sep 15","0.5","0.5","0.5"
"29 Sep 15","0.5","n/a","n/a"
"28 Sep 15","0.5","n/a","n/a"
"25 Sep 15","0.5","n/a","n/a"
"24 Sep 15","0.5","n/a","n/a"
"23 Sep 15","0.5","n/a","n/a"
"22 Sep 15","0.5","n/a","n/a"
"21 Sep 15","0.5","n/a","n/a"
"18 Sep 15","0.5","n/a","n/a"
"17 Sep 15","0.5","n/a","n/a"
"16 Sep 15","0.5","n/a","n/a"
"15 Sep 15","0.5","n/a","n/a"
"14 Sep 15","0.5","n/a","n/a"
"11 Sep 15","0.5","n/a","n/a"
"10 Sep 15","0.5","n/a","n/a"
"09 Sep 15","0.5","n/a","n/a"
"08 Sep 15","0.5","n/a","n/a"
"07 Sep 15","0.5","n/a","n/a"
"04 Sep 15","0.5","n/a","n/a"
"03 Sep 15","0.5","n/a","n/a"
"02 Sep 15","0.5","n/a","n/a"
"01 Sep 15","0.5","n/a","n/a"
"28 Aug 15","0.5","n/a","n/a"
"27 Aug 15","0.5","n/a","n/a"
"26 Aug 15","0.5","n/a","n/a"
"25 Aug 15","0.5","n/a","n/a"
"24 Aug 15","0.5","n/a","n/a"
"21 Aug 15","0.5","n/a","n/a"
"20 Aug 15","0.5","n/a","n/a"
"19 Aug 15","0.5","n/a","n/a"
"18 Aug 15","0.5","n/a","n/a"
"17 Aug 15","0.5","n/a","n/a"
"14 Aug 15","0.5","n/a","n/a"
"13 Aug 15","0.5","n/a","n/a"
"12 Aug 15","0.5","n/a","n/a"
"11 Aug 15","0.5","n/a","n/a"
"10 Aug 15","0.5","n/a","n/a"
"07 Aug 15","0.5","n/a","n/a"
"06 Aug 15","0.5","n/a","n/a"
"05 Aug 15","0.5","n/a","n/a"
"04 Aug 15","0.5","n/a","n/a"
"03 Aug 15","0.5","n/a","n/a"
"31 Jul 15","0.5","n/a","n/a"
"30 Jul 15","0.5","n/a","n/a"
"29 Jul 15","0.5","n/a","n/a"
"28 Jul 15","0.5","n/a","n/a"
"27 Jul 15","0.5","n/a","n/a"
"24 Jul 15","0.5","n/a","n/a"
"23 Jul 15","0.5","n/a","n/a"
"22 Jul 15","0.5","n/a","n/a"
"21 Jul 15","0.5","n/a","n/a"
"20 Jul 15","0.5","n/a","n/a"
"17 Jul 15","0.5","n/a","n/a"
"16 Jul 15","0.5","n/a","n/a"
"15 Jul 15","0.5","n/a","n/a"
"14 Jul 15","0.5","n/a","n/a"
"13 Jul 15","0.5","n/a","n/a"
"10 Jul 15","0.5","n/a","n/a"
"09 Jul 15","0.5","n/a","n/a"
"08 Jul 15","0.5","n/a","n/a"
"07 Jul 15","0.5","n/a","n/a"
"06 Jul 15","0.5","n/a","n/a"
"03 Jul 15","0.5","n/a","n/a"
"02 Jul 15","0.5","n/a","n/a"
"01 Jul 15","0.5","n/a","n/a"
"30 Jun 15","0.5","0.5","0.5"
"29 Jun 15","0.5","n/a","n/a"
"26 Jun 15","0.5","n/a","n/a"
"25 Jun 15","0.5","n/a","n/a"
"24 Jun 15","0.5","n/a","n/a"
"23 Jun 15","0.5","n/a","n/a"
"22 Jun 15","0.5","n/a","n/a"
"19 Jun 15","0.5","n/a","n/a"
"18 Jun 15","0.5","n/a","n/a"
"17 Jun 15","0.5","n/a","n/a"
"16 Jun 15","0.5","n/a","n/a"
"15 Jun 15","0.5","n/a","n/a"
"12 Jun 15","0.5","n/a","n/a"
"11 Jun 15","0.5","n/a","n/a"
"10 Jun 15","0.5","n/a","n/a"
"09 Jun 15","0.5","n/a","n/a"
"08 Jun 15","0.5","n/a","n/a"
"05 Jun 15","0.5","n/a","n/a"
"04 Jun 15","0.5","n/a","n/a"
"03 Jun 15","0.5","n/a","n/a"
"02 Jun 15","0.5","n/a","n/a"
"01 Jun 15","0.5","n/a","n/a"
"29 May 15","0.5","n/a","n/a"
"28 May 15","0.5","n/a","n/a"
"27 May 15","0.5","n/a","n/a"
"26 May 15","0.5","n/a","n/a"
"22 May 15","0.5","n/a","n/a"
"21 May 15","0.5","n/a","n/a"
"20 May 15","0.5","n/a","n/a"
"19 May 15","0.5","n/a","n/a"
"18 May 15","0.5","n/a","n/a"
"15 May 15","0.5","n/a","n/a"
"14 May 15","0.5","n/a","n/a"
"13 May 15","0.5","n/a","n/a"
"12 May 15","0.5","n/a","n/a"
"11 May 15","0.5","n/a","n/a"
"08 May 15","0.5","n/a","n/a"
"07 May 15","0.5","n/a","n/a"
"06 May 15","0.5","n/a","n/a"
"05 May 15","0.5","n/a","n/a"
"01 May 15","0.5","n/a","n/a"
"30 Apr 15","0.5","n/a","n/a"
"29 Apr 15","0.5","n/a","n/a"
"28 Apr 15","0.5","n/a","n/a"
"27 Apr 15","0.5","n/a","n/a"
"24 Apr 15","0.5","n/a","n/a"
"23 Apr 15","0.5","n/a","n/a"
"22 Apr 15","0.5","n/a","n/a"
"21 Apr 15","0.5","n/a","n/a"
"20 Apr 15","0.5","n/a","n/a"
"17 Apr 15","0.5","n/a","n/a"
"16 Apr 15","0.5","n/a","n/a"
"15 Apr 15","0.5","n/a","n/a"
"14 Apr 15","0.5","n/a","n/a"
"13 Apr 15","0.5","n/a","n/a"
"10 Apr 15","0.5","n/a","n/a"
"09 Apr 15","0.5","n/a","n/a"
"08 Apr 15","0.5","n/a","n/a"
"07 Apr 15","0.5","n/a","n/a"
"02 Apr 15","0.5","n/a","n/a"
"01 Apr 15","0.5","n/a","n/a"
"31 Mar 15","0.5","0.5","0.5"
"30 Mar 15","0.5","n/a","n/a"
"27 Mar 15","0.5","n/a","n/a"
"26 Mar 15","0.5","n/a","n/a"
"25 Mar 15","0.5","n/a","n/a"
"24 Mar 15","0.5","n/a","n/a"
"23 Mar 15","0.5","n/a","n/a"
"20 Mar 15","0.5","n/a","n/a"
"19 Mar 15","0.5","n/a","n/a"
"18 Mar 15","0.5","n/a","n/a"
"17 Mar 15","0.5","n/a","n/a"
"16 Mar 15","0.5","n/a","n/a"
"13 Mar 15","0.5","n/a","n/a"
"12 Mar 15","0.5","n/a","n/a"
"11 Mar 15","0.5","n/a","n/a"
"10 Mar 15","0.5","n/a","n/a"
"09 Mar 15","0.5","n/a","n/a"
"06 Mar 15","0.5","n/a","n/a"
"05 Mar 15","0.5","n/a","n/a"
"04 Mar 15","0.5","n/a","n/a"
"03 Mar 15","0.5","n/a","n/a"
"02 Mar 15","0.5","n/a","n/a"
"27 Feb 15","0.5","n/a","n/a"
"26 Feb 15","0.5","n/a","n/a"
"25 Feb 15","0.5","n/a","n/a"
"24 Feb 15","0.5","n/a","n/a"
"23 Feb 15","0.5","n/a","n/a"
"20 Feb 15","0.5","n/a","n/a"
"19 Feb 15","0.5","n/a","n/a"
"18 Feb 15","0.5","n/a","n/a"
"17 Feb 15","0.5","n/a","n/a"
"16 Feb 15","0.5","n/a","n/a"
"13 Feb 15","0.5","n/a","n/a"
"12 Feb 15","0.5","n/a","n/a"
"11 Feb 15","0.5","n/a","n/a"
"10 Feb 15","0.5","n/a","n/a"
"09 Feb 15","0.5","n/a","n/a"
"06 Feb 15","0.5","n/a","n/a"
"05 Feb 15","0.5","n/a","n/a"
"04 Feb 15","0.5","n/a","n/a"
"03 Feb 15","0.5","n/a","n/a"
"02 Feb 15","0.5","n/a","n/a"
"30 Jan 15","0.5","n/a","n/a"
"29 Jan 15","0.5","n/a","n/a"
"28 Jan 15","0.5","n/a","n/a"
"27 Jan 15","0.5","n/a","n/a"
"26 Jan 15","0.5","n/a","n/a"
"23 Jan 15","0.5","n/a","n/a"
"22 Jan 15","0.5","n/a","n/a"
"21 Jan 15","0.5","n/a","n/a"
"20 Jan 15","0.5","n/a","n/a"
"19 Jan 15","0.5","n/a","n/a"
"16 Jan 15","0.5","n/a","n/a"
"15 Jan 15","0.5","n/a","n/a"
"14 Jan 15","0.5","n/a","n/a"
"13 Jan 15","0.5","n/a","n/a"
"12 Jan 15","0.5","n/a","n/a"
"09 Jan 15","0.5","n/a","n/a"
"08 Jan 15","0.5","n/a","n/a"
"07 Jan 15","0.5","n/a","n/a"
"06 Jan 15","0.5","n/a","n/a"
"05 Jan 15","0.5","n/a","n/a"
"02 Jan 15","0.5","n/a","n/a"
"31 Dec 14","0.5","0.5","0.5"
"30 Dec 14","0.5","n/a","n/a"
"29 Dec 14","0.5","n/a","n/a"
"24 Dec 14","0.5","n/a","n/a"
"23 Dec 14","0.5","n/a","n/a"
"22 Dec 14","0.5","n/a","n/a"
"19 Dec 14","0.5","n/a","n/a"
"18 Dec 14","0.5","n/a","n/a"
"17 Dec 14","0.5","n/a","n/a"
"16 Dec 14","0.5","n/a","n/a"
"15 Dec 14","0.5","n/a","n/a"
"12 Dec 14","0.5","n/a","n/a"
"11 Dec 14","0.5","n/a","n/a"
"10 Dec 14","0.5","n/a","n/a"
"09 Dec 14","0.5","n/a","n/a"
"08 Dec 14","0.5","n/a","n/a"
"05 Dec 14","0.5","n/a","n/a"
"04 Dec 14","0.5","n/a","n/a"
"03 Dec 14","0.5","n/a","n/a"
"02 Dec 14","0.5","n/a","n/a"
"01 Dec 14","0.5","n/a","n/a"
"28 Nov 14","0.5","n/a","n/a"
"27 Nov 14","0.5","n/a","n/a"
"26 Nov 14","0.5","n/a","n/a"
"25 Nov 14","0.5","n/a","n/a"
"24 Nov 14","0.5","n/a","n/a"
"21 Nov 14","0.5","n/a","n/a"
"20 Nov 14","0.5","n/a","n/a"
"19 Nov 14","0.5","n/a","n/a"
"18 Nov 14","0.5","n/a","n/a"
"17 Nov 14","0.5","n/a","n/a"
"14 Nov 14","0.5","n/a","n/a"
"13 Nov 14","0.5","n/a","n/a"
"12 Nov 14","0.5","n/a","n/a"
"11 Nov 14","0.5","n/a","n/a"
"10 Nov 14","0.5","n/a","n/a"
"07 Nov 14","0.5","n/a","n/a"
"06 Nov 14","0.5","n/a","n/a"
"05 Nov 14","0.5","n/a","n/a"
"04 Nov 14","0.5","n/a","n/a"
"03 Nov 14","0.5","n/a","n/a"
"31 Oct 14","0.5","n/a","n/a"
"30 Oct 14","0.5","n/a","n/a"
"29 Oct 14","0.5","n/a","n/a"
"28 Oct 14","0.5","n/a","n/a"
"27 Oct 14","0.5","n/a","n/a"
"24 Oct 14","0.5","n/a","n/a"
"23 Oct 14","0.5","n/a","n/a"
"22 Oct 14","0.5","n/a","n/a"
"21 Oct 14","0.5","n/a","n/a"
"20 Oct 14","0.5","n/a","n/a"
"17 Oct 14","0.5","n/a","n/a"
"16 Oct 14","0.5","n/a","n/a"
"15 Oct 14","0.5","n/a","n/a"
"14 Oct 14","0.5","n/a","n/a"
"13 Oct 14","0.5","n/a","n/a"
"10 Oct 14","0.5","n/a","n/a"
"09 Oct 14","0.5","n/a","n/a"
"08 Oct 14","0.5","n/a","n/a"
"07 Oct 14","0.5","n/a","n/a"
"06 Oct 14","0.5","n/a","n/a"
"03 Oct 14","0.5","n/a","n/a"
"02 Oct 14","0.5","n/a","n/a"
"01 Oct 14","0.5","n/a","n/a"
"30 Sep 14","0.5","0.5","0.5"
"29 Sep 14","0.5","n/a","n/a"
"26 Sep 14","0.5","n/a","n/a"
"25 Sep 14","0.5","n/a","n/a"
"24 Sep 14","0.5","n/a","n/a"
"23 Sep 14","0.5","n/a","n/a"
"22 Sep 14","0.5","n/a","n/a"
"19 Sep 14","0.5","n/a","n/a"
"18 Sep 14","0.5","n/a","n/a"
"17 Sep 14","0.5","n/a","n/a"
"16 Sep 14","0.5","n/a","n/a"
"15 Sep 14","0.5","n/a","n/a"
"12 Sep 14","0.5","n/a","n/a"
"11 Sep 14","0.5","n/a","n/a"
"10 Sep 14","0.5","n/a","n/a"
"09 Sep 14","0.5","n/a","n/a"
"08 Sep 14","0.5","n/a","n/a"
"05 Sep 14","0.5","n/a","n/a"
"04 Sep 14","0.5","n/a","n/a"
"03 Sep 14","0.5","n/a","n/a"
"02 Sep 14","0.5","n/a","n/a"
"01 Sep 14","0.5","n/a","n/a"
"29 Aug 14","0.5","n/a","n/a"
"28 Aug 14","0.5","n/a","n/a"
"27 Aug 14","0.5","n/a","n/a"
"26 Aug 14","0.5","n/a","n/a"
"22 Aug 14","0.5","n/a","n/a"
"21 Aug 14","0.5","n/a","n/a"
"20 Aug 14","0.5","n/a","n/a"
"19 Aug 14","0.5","n/a","n/a"
"18 Aug 14","0.5","n/a","n/a"
"15 Aug 14","0.5","n/a","n/a"
"14 Aug 14","0.5","n/a","n/a"
"13 Aug 14","0.5","n/a","n/a"
"12 Aug 14","0.5","n/a","n/a"
"11 Aug 14","0.5","n/a","n/a"
"08 Aug 14","0.5","n/a","n/a"
"07 Aug 14","0.5","n/a","n/a"
"06 Aug 14","0.5","n/a","n/a"
"05 Aug 14","0.5","n/a","n/a"
"04 Aug 14","0.5","n/a","n/a"
"01 Aug 14","0.5","n/a","n/a"
"31 Jul 14","0.5","n/a","n/a"
"30 Jul 14","0.5","n/a","n/a"
"29 Jul 14","0.5","n/a","n/a"
"28 Jul 14","0.5","n/a","n/a"
"25 Jul 14","0.5","n/a","n/a"
"24 Jul 14","0.5","n/a","n/a"
"23 Jul 14","0.5","n/a","n/a"
"22 Jul 14","0.5","n/a","n/a"
"21 Jul 14","0.5","n/a","n/a"
"18 Jul 14","0.5","n/a","n/a"
"17 Jul 14","0.5","n/a","n/a"
"16 Jul 14","0.5","n/a","n/a"
"15 Jul 14","0.5","n/a","n/a"
"14 Jul 14","0.5","n/a","n/a"
"11 Jul 14","0.5","n/a","n/a"
"10 Jul 14","0.5","n/a","n/a"
"09 Jul 14","0.5","n/a","n/a"
"08 Jul 14","0.5","n/a","n/a"
"07 Jul 14","0.5","n/a","n/a"
"04 Jul 14","0.5","n/a","n/a"
"03 Jul 14","0.5","n/a","n/a"
"02 Jul 14","0.5","n/a","n/a"
"01 Jul 14","0.5","n/a","n/a"
"30 Jun 14","0.5","0.5","0.5"
"27 Jun 14","0.5","n/a","n/a"
"26 Jun 14","0.5","n/a","n/a"
"25 Jun 14","0.5","n/a","n/a"
"24 Jun 14","0.5","n/a","n/a"
"23 Jun 14","0.5","n/a","n/a"
"20 Jun 14","0.5","n/a","n/a"
"19 Jun 14","0.5","n/a","n/a"
"18 Jun 14","0.5","n/a","n/a"
"17 Jun 14","0.5","n/a","n/a"
"16 Jun 14","0.5","n/a","n/a"
"13 Jun 14","0.5","n/a","n/a"
"12 Jun 14","0.5","n/a","n/a"
"11 Jun 14","0.5","n/a","n/a"
"10 Jun 14","0.5","n/a","n/a"
"09 Jun 14","0.5","n/a","n/a"
"06 Jun 14","0.5","n/a","n/a"
"05 Jun 14","0.5","n/a","n/a"
"04 Jun 14","0.5","n/a","n/a"
"03 Jun 14","0.5","n/a","n/a"
"02 Jun 14","0.5","n/a","n/a"
"30 May 14","0.5","n/a","n/a"
"29 May 14","0.5","n/a","n/a"
"28 May 14","0.5","n/a","n/a"
"27 May 14","0.5","n/a","n/a"
"23 May 14","0.5","n/a","n/a"
"22 May 14","0.5","n/a","n/a"
"21 May 14","0.5","n/a","n/a"
"20 May 14","0.5","n/a","n/a"
"19 May 14","0.5","n/a","n/a"
"16 May 14","0.5","n/a","n/a"
"15 May 14","0.5","n/a","n/a"
"14 May 14","0.5","n/a","n/a"
"13 May 14","0.5","n/a","n/a"
"12 May 14","0.5","n/a","n/a"
"09 May 14","0.5","n/a","n/a"
"08 May 14","0.5","n/a","n/a"
"07 May 14","0.5","n/a","n/a"
"06 May 14","0.5","n/a","n/a"
"02 May 14","0.5","n/a","n/a"
"01 May 14","0.5","n/a","n/a"
"30 Apr 14","0.5","n/a","n/a"
"29 Apr 14","0.5","n/a","n/a"
"28 Apr 14","0.5","n/a","n/a"
"25 Apr 14","0.5","n/a","n/a"
"24 Apr 14","0.5","n/a","n/a"
"23 Apr 14","0.5","n/a","n/a"
"22 Apr 14","0.5","n/a","n/a"
"17 Apr 14","0.5","n/a","n/a"
"16 Apr 14","0.5","n/a","n/a"
"15 Apr 14","0.5","n/a","n/a"
"14 Apr 14","0.5","n/a","n/a"
"11 Apr 14","0.5","n/a","n/a"
"10 Apr 14","0.5","n/a","n/a"
"09 Apr 14","0.5","n/a","n/a"
"08 Apr 14","0.5","n/a","n/a"
"07 Apr 14","0.5","n/a","n/a"
"04 Apr 14","0.5","n/a","n/a"
"03 Apr 14","0.5","n/a","n/a"
"02 Apr 14","0.5","n/a","n/a"
"01 Apr 14","0.5","n/a","n/a"
"31 Mar 14","0.5","0.5","0.5"
"28 Mar 14","0.5","n/a","n/a"
"27 Mar 14","0.5","n/a","n/a"
"26 Mar 14","0.5","n/a","n/a"
"25 Mar 14","0.5","n/a","n/a"
"24 Mar 14","0.5","n/a","n/a"
"21 Mar 14","0.5","n/a","n/a"
"20 Mar 14","0.5","n/a","n/a"
"19 Mar 14","0.5","n/a","n/a"
"18 Mar 14","0.5","n/a","n/a"
"17 Mar 14","0.5","n/a","n/a"
"14 Mar 14","0.5","n/a","n/a"
"13 Mar 14","0.5","n/a","n/a"
"12 Mar 14","0.5","n/a","n/a"
"11 Mar 14","0.5","n/a","n/a"
"10 Mar 14","0.5","n/a","n/a"
"07 Mar 14","0.5","n/a","n/a"
"06 Mar 14","0.5","n/a","n/a"
"05 Mar 14","0.5","n/a","n/a"
"04 Mar 14","0.5","n/a","n/a"
"03 Mar 14","0.5","n/a","n/a"
"28 Feb 14","0.5","n/a","n/a"
"27 Feb 14","0.5","n/a","n/a"
"26 Feb 14","0.5","n/a","n/a"
"25 Feb 14","0.5","n/a","n/a"
"24 Feb 14","0.5","n/a","n/a"
"21 Feb 14","0.5","n/a","n/a"
"20 Feb 14","0.5","n/a","n/a"
"19 Feb 14","0.5","n/a","n/a"
"18 Feb 14","0.5","n/a","n/a"
"17 Feb 14","0.5","n/a","n/a"
"14 Feb 14","0.5","n/a","n/a"
"13 Feb 14","0.5","n/a","n/a"
"12 Feb 14","0.5","n/a","n/a"
"11 Feb 14","0.5","n/a","n/a"
"10 Feb 14","0.5","n/a","n/a"
"07 Feb 14","0.5","n/a","n/a"
"06 Feb 14","0.5","n/a","n/a"
"05 Feb 14","0.5","n/a","n/a"
"04 Feb 14","0.5","n/a","n/a"
"03 Feb 14","0.5","n/a","n/a"
"31 Jan 14","0.5","n/a","n/a"
"30 Jan 14","0.5","n/a","n/a"
"29 Jan 14","0.5","n/a","n/a"
"28 Jan 14","0.5","n/a","n/a"
"27 Jan 14","0.5","n/a","n/a"
"24 Jan 14","0.5","n/a","n/a"
"23 Jan 14","0.5","n/a","n/a"
"22 Jan 14","0.5","n/a","n/a"
"21 Jan 14","0.5","n/a","n/a"
"20 Jan 14","0.5","n/a","n/a"
"17 Jan 14","0.5","n/a","n/a"
"16 Jan 14","0.5","n/a","n/a"
"15 Jan 14","0.5","n/a","n/a"
"14 Jan 14","0.5","n/a","n/a"
"13 Jan 14","0.5","n/a","n/a"
"10 Jan 14","0.5","n/a","n/a"
"09 Jan 14","0.5","n/a","n/a"
"08 Jan 14","0.5","n/a","n/a"
"07 Jan 14","0.5","n/a","n/a"
"06 Jan 14","0.5","n/a","n/a"
"03 Jan 14","0.5","n/a","n/a"
"02 Jan 14","0.5","n/a","n/a"
"31 Dec 13","0.5","0.5","0.5"
"30 Dec 13","0.5","n/a","n/a"
"27 Dec 13","0.5","n/a","n/a"
"24 Dec 13","0.5","n/a","n/a"
"23 Dec 13","0.5","n/a","n/a"
"20 Dec 13","0.5","n/a","n/a"
"19 Dec 13","0.5","n/a","n/a"
"18 Dec 13","0.5","n/a","n/a"
"17 Dec 13","0.5","n/a","n/a"
"16 Dec 13","0.5","n/a","n/a"
"13 Dec 13","0.5","n/a","n/a"
"12 Dec 13","0.5","n/a","n/a"
"11 Dec 13","0.5","n/a","n/a"
"10 Dec 13","0.5","n/a","n/a"
"09 Dec 13","0.5","n/a","n/a"
"06 Dec 13","0.5","n/a","n/a"
"05 Dec 13","0.5","n/a","n/a"
"04 Dec 13","0.5","n/a","n/a"
"03 Dec 13","0.5","n/a","n/a"
"02 Dec 13","0.5","n/a","n/a"
"29 Nov 13","0.5","n/a","n/a"
"28 Nov 13","0.5","n/a","n/a"
"27 Nov 13","0.5","n/a","n/a"
"26 Nov 13","0.5","n/a","n/a"
"25 Nov 13","0.5","n/a","n/a"
"22 Nov 13","0.5","n/a","n/a"
"21 Nov 13","0.5","n/a","n/a"
"20 Nov 13","0.5","n/a","n/a"
"19 Nov 13","0.5","n/a","n/a"
"18 Nov 13","0.5","n/a","n/a"
"15 Nov 13","0.5","n/a","n/a"
"14 Nov 13","0.5","n/a","n/a"
"13 Nov 13","0.5","n/a","n/a"
"12 Nov 13","0.5","n/a","n/a"
"11 Nov 13","0.5","n/a","n/a"
"08 Nov 13","0.5","n/a","n/a"
"07 Nov 13","0.5","n/a","n/a"
"06 Nov 13","0.5","n/a","n/a"
"05 Nov 13","0.5","n/a","n/a"
"04 Nov 13","0.5","n/a","n/a"
"01 Nov 13","0.5","n/a","n/a"
"31 Oct 13","0.5","n/a","n/a"
"30 Oct 13","0.5","n/a","n/a"
"29 Oct 13","0.5","n/a","n/a"
"28 Oct 13","0.5","n/a","n/a"
"25 Oct 13","0.5","n/a","n/a"
"24 Oct 13","0.5","n/a","n/a"
"23 Oct 13","0.5","n/a","n/a"
"22 Oct 13","0.5","n/a","n/a"
"21 Oct 13","0.5","n/a","n/a"
"18 Oct 13","0.5","n/a","n/a"
"17 Oct 13","0.5","n/a","n/a"
"16 Oct 13","0.5","n/a","n/a"
"15 Oct 13","0.5","n/a","n/a"
"14 Oct 13","0.5","n/a","n/a"
"11 Oct 13","0.5","n/a","n/a"
"10 Oct 13","0.5","n/a","n/a"
"09 Oct 13","0.5","n/a","n/a"
"08 Oct 13","0.5","n/a","n/a"
"07 Oct 13","0.5","n/a","n/a"
"04 Oct 13","0.5","n/a","n/a"
"03 Oct 13","0.5","n/a","n/a"
"02 Oct 13","0.5","n/a","n/a"
"01 Oct 13","0.5","n/a","n/a"
"30 Sep 13","0.5","0.5","0.5"
"27 Sep 13","0.5","n/a","n/a"
"26 Sep 13","0.5","n/a","n/a"
"25 Sep 13","0.5","n/a","n/a"
"24 Sep 13","0.5","n/a","n/a"
"23 Sep 13","0.5","n/a","n/a"
"20 Sep 13","0.5","n/a","n/a"
"19 Sep 13","0.5","n/a","n/a"
"18 Sep 13","0.5","n/a","n/a"
"17 Sep 13","0.5","n/a","n/a"
"16 Sep 13","0.5","n/a","n/a"
"13 Sep 13","0.5","n/a","n/a"
"12 Sep 13","0.5","n/a","n/a"
"11 Sep 13","0.5","n/a","n/a"
"10 Sep 13","0.5","n/a","n/a"
"09 Sep 13","0.5","n/a","n/a"
"06 Sep 13","0.5","n/a","n/a"
"05 Sep 13","0.5","n/a","n/a"
"04 Sep 13","0.5","n/a","n/a"
"03 Sep 13","0.5","n/a","n/a"
"02 Sep 13","0.5","n/a","n/a"
"30 Aug 13","0.5","n/a","n/a"
"29 Aug 13","0.5","n/a","n/a"
"28 Aug 13","0.5","n/a","n/a"
"27 Aug 13","0.5","n/a","n/a"
"23 Aug 13","0.5","n/a","n/a"
"22 Aug 13","0.5","n/a","n/a"
"21 Aug 13","0.5","n/a","n/a"
"20 Aug 13","0.5","n/a","n/a"
"19 Aug 13","0.5","n/a","n/a"
"16 Aug 13","0.5","n/a","n/a"
"15 Aug 13","0.5","n/a","n/a"
"14 Aug 13","0.5","n/a","n/a"
"13 Aug 13","0.5","n/a","n/a"
"12 Aug 13","0.5","n/a","n/a"
"09 Aug 13","0.5","n/a","n/a"
"08 Aug 13","0.5","n/a","n/a"
"07 Aug 13","0.5","n/a","n/a"
"06 Aug 13","0.5","n/a","n/a"
"05 Aug 13","0.5","n/a","n/a"
"02 Aug 13","0.5","n/a","n/a"
"01 Aug 13","0.5","n/a","n/a"
"31 Jul 13","0.5","n/a","n/a"
"30 Jul 13","0.5","n/a","n/a"
"29 Jul 13","0.5","n/a","n/a"
"26 Jul 13","0.5","n/a","n/a"
"25 Jul 13","0.5","n/a","n/a"
"24 Jul 13","0.5","n/a","n/a"
"23 Jul 13","0.5","n/a","n/a"
"22 Jul 13","0.5","n/a","n/a"
"19 Jul 13","0.5","n/a","n/a"
"18 Jul 13","0.5","n/a","n/a"
"17 Jul 13","0.5","n/a","n/a"
"16 Jul 13","0.5","n/a","n/a"
"15 Jul 13","0.5","n/a","n/a"
"12 Jul 13","0.5","n/a","n/a"
"11 Jul 13","0.5","n/a","n/a"
"10 Jul 13","0.5","n/a","n/a"
"09 Jul 13","0.5","n/a","n/a"
"08 Jul 13","0.5","n/a","n/a"
"05 Jul 13","0.5","n/a","n/a"
"04 Jul 13","0.5","n/a","n/a"
"03 Jul 13","0.5","n/a","n/a"
"02 Jul 13","0.5","n/a","n/a"
"01 Jul 13","0.5","n/a","n/a"
"30 Jun 13","n/a","0.5","0.5"
"28 Jun 13","0.5","n/a","n/a"
"27 Jun 13","0.5","n/a","n/a"
"26 Jun 13","0.5","n/a","n/a"
"25 Jun 13","0.5","n/a","n/a"
"24 Jun 13","0.5","n/a","n/a"
"21 Jun 13","0.5","n/a","n/a"
"20 Jun 13","0.5","n/a","n/a"
"19 Jun 13","0.5","n/a","n/a"
"18 Jun 13","0.5","n/a","n/a"
"17 Jun 13","0.5","n/a","n/a"
"14 Jun 13","0.5","n/a","n/a"
"13 Jun 13","0.5","n/a","n/a"
"12 Jun 13","0.5","n/a","n/a"
"11 Jun 13","0.5","n/a","n/a"
"10 Jun 13","0.5","n/a","n/a"
"07 Jun 13","0.5","n/a","n/a"
"06 Jun 13","0.5","n/a","n/a"
"05 Jun 13","0.5","n/a","n/a"
"04 Jun 13","0.5","n/a","n/a"
"03 Jun 13","0.5","n/a","n/a"
"31 May 13","0.5","n/a","n/a"
"30 May 13","0.5","n/a","n/a"
"29 May 13","0.5","n/a","n/a"
"28 May 13","0.5","n/a","n/a"
"24 May 13","0.5","n/a","n/a"
"23 May 13","0.5","n/a","n/a"
"22 May 13","0.5","n/a","n/a"
"21 May 13","0.5","n/a","n/a"
"20 May 13","0.5","n/a","n/a"
"17 May 13","0.5","n/a","n/a"
"16 May 13","0.5","n/a","n/a"
"15 May 13","0.5","n/a","n/a"
"14 May 13","0.5","n/a","n/a"
"13 May 13","0.5","n/a","n/a"
"10 May 13","0.5","n/a","n/a"
"09 May 13","0.5","n/a","n/a"
"08 May 13","0.5","n/a","n/a"
"07 May 13","0.5","n/a","n/a"
"03 May 13","0.5","n/a","n/a"
"02 May 13","0.5","n/a","n/a"
"01 May 13","0.5","n/a","n/a"
"30 Apr 13","0.5","n/a","n/a"
"29 Apr 13","0.5","n/a","n/a"
"26 Apr 13","0.5","n/a","n/a"
"25 Apr 13","0.5","n/a","n/a"
"24 Apr 13","0.5","n/a","n/a"
"23 Apr 13","0.5","n/a","n/a"
"22 Apr 13","0.5","n/a","n/a"
"19 Apr 13","0.5","n/a","n/a"
"18 Apr 13","0.5","n/a","n/a"
"17 Apr 13","0.5","n/a","n/a"
"16 Apr 13","0.5","n/a","n/a"
"15 Apr 13","0.5","n/a","n/a"
"12 Apr 13","0.5","n/a","n/a"
"11 Apr 13","0.5","n/a","n/a"
"10 Apr 13","0.5","n/a","n/a"
"09 Apr 13","0.5","n/a","n/a"
"08 Apr 13","0.5","n/a","n/a"
"05 Apr 13","0.5","n/a","n/a"
"04 Apr 13","0.5","n/a","n/a"
"03 Apr 13","0.5","n/a","n/a"
"02 Apr 13","0.5","n/a","n/a"
"31 Mar 13","n/a","0.5","0.5"
"28 Mar 13","0.5","n/a","n/a"
"27 Mar 13","0.5","n/a","n/a"
"26 Mar 13","0.5","n/a","n/a"
"25 Mar 13","0.5","n/a","n/a"
"22 Mar 13","0.5","n/a","n/a"
"21 Mar 13","0.5","n/a","n/a"
"20 Mar 13","0.5","n/a","n/a"
"19 Mar 13","0.5","n/a","n/a"
"18 Mar 13","0.5","n/a","n/a"
"15 Mar 13","0.5","n/a","n/a"
"14 Mar 13","0.5","n/a","n/a"
"13 Mar 13","0.5","n/a","n/a"
"12 Mar 13","0.5","n/a","n/a"
"11 Mar 13","0.5","n/a","n/a"
"08 Mar 13","0.5","n/a","n/a"
"07 Mar 13","0.5","n/a","n/a"
"06 Mar 13","0.5","n/a","n/a"
"05 Mar 13","0.5","n/a","n/a"
"04 Mar 13","0.5","n/a","n/a"
"01 Mar 13","0.5","n/a","n/a"
"28 Feb 13","0.5","n/a","n/a"
"27 Feb 13","0.5","n/a","n/a"
"26 Feb 13","0.5","n/a","n/a"
"25 Feb 13","0.5","n/a","n/a"
"22 Feb 13","0.5","n/a","n/a"
"21 Feb 13","0.5","n/a","n/a"
"20 Feb 13","0.5","n/a","n/a"
"19 Feb 13","0.5","n/a","n/a"
"18 Feb 13","0.5","n/a","n/a"
"15 Feb 13","0.5","n/a","n/a"
"14 Feb 13","0.5","n/a","n/a"
"13 Feb 13","0.5","n/a","n/a"
"12 Feb 13","0.5","n/a","n/a"
"11 Feb 13","0.5","n/a","n/a"
"08 Feb 13","0.5","n/a","n/a"
"07 Feb 13","0.5","n/a","n/a"
"06 Feb 13","0.5","n/a","n/a"
"05 Feb 13","0.5","n/a","n/a"
"04 Feb 13","0.5","n/a","n/a"
"01 Feb 13","0.5","n/a","n/a"
"31 Jan 13","0.5","n/a","n/a"
"30 Jan 13","0.5","n/a","n/a"
"29 Jan 13","0.5","n/a","n/a"
"28 Jan 13","0.5","n/a","n/a"
"25 Jan 13","0.5","n/a","n/a"
"24 Jan 13","0.5","n/a","n/a"
"23 Jan 13","0.5","n/a","n/a"
"22 Jan 13","0.5","n/a","n/a"
"21 Jan 13","0.5","n/a","n/a"
"18 Jan 13","0.5","n/a","n/a"
"17 Jan 13","0.5","n/a","n/a"
"16 Jan 13","0.5","n/a","n/a"
"15 Jan 13","0.5","n/a","n/a"
"14 Jan 13","0.5","n/a","n/a"
"11 Jan 13","0.5","n/a","n/a"
"10 Jan 13","0.5","n/a","n/a"
"09 Jan 13","0.5","n/a","n/a"
"08 Jan 13","0.5","n/a","n/a"
"07 Jan 13","0.5","n/a","n/a"
"04 Jan 13","0.5","n/a","n/a"
"03 Jan 13","0.5","n/a","n/a"
"02 Jan 13","0.5","n/a","n/a"
"31 Dec 12","0.5","0.5","0.5"
"28 Dec 12","0.5","n/a","n/a"
"27 Dec 12","0.5","n/a","n/a"
"24 Dec 12","0.5","n/a","n/a"
"21 Dec 12","0.5","n/a","n/a"
"20 Dec 12","0.5","n/a","n/a"
"19 Dec 12","0.5","n/a","n/a"
"18 Dec 12","0.5","n/a","n/a"
"17 Dec 12","0.5","n/a","n/a"
"14 Dec 12","0.5","n/a","n/a"
"13 Dec 12","0.5","n/a","n/a"
"12 Dec 12","0.5","n/a","n/a"
"11 Dec 12","0.5","n/a","n/a"
"10 Dec 12","0.5","n/a","n/a"
"07 Dec 12","0.5","n/a","n/a"
"06 Dec 12","0.5","n/a","n/a"
"05 Dec 12","0.5","n/a","n/a"
"04 Dec 12","0.5","n/a","n/a"
"03 Dec 12","0.5","n/a","n/a"
"30 Nov 12","0.5","n/a","n/a"
"29 Nov 12","0.5","n/a","n/a"
"28 Nov 12","0.5","n/a","n/a"
"27 Nov 12","0.5","n/a","n/a"
"26 Nov 12","0.5","n/a","n/a"
"23 Nov 12","0.5","n/a","n/a"
"22 Nov 12","0.5","n/a","n/a"
"21 Nov 12","0.5","n/a","n/a"
"20 Nov 12","0.5","n/a","n/a"
"19 Nov 12","0.5","n/a","n/a"
"16 Nov 12","0.5","n/a","n/a"
"15 Nov 12","0.5","n/a","n/a"
"14 Nov 12","0.5","n/a","n/a"
"13 Nov 12","0.5","n/a","n/a"
"12 Nov 12","0.5","n/a","n/a"
"09 Nov 12","0.5","n/a","n/a"
"08 Nov 12","0.5","n/a","n/a"
"07 Nov 12","0.5","n/a","n/a"
"06 Nov 12","0.5","n/a","n/a"
"05 Nov 12","0.5","n/a","n/a"
"02 Nov 12","0.5","n/a","n/a"
"01 Nov 12","0.5","n/a","n/a"
"31 Oct 12","0.5","n/a","n/a"
"30 Oct 12","0.5","n/a","n/a"
"29 Oct 12","0.5","n/a","n/a"
"26 Oct 12","0.5","n/a","n/a"
"25 Oct 12","0.5","n/a","n/a"
"24 Oct 12","0.5","n/a","n/a"
"23 Oct 12","0.5","n/a","n/a"
"22 Oct 12","0.5","n/a","n/a"
"19 Oct 12","0.5","n/a","n/a"
"18 Oct 12","0.5","n/a","n/a"
"17 Oct 12","0.5","n/a","n/a"
"16 Oct 12","0.5","n/a","n/a"
"15 Oct 12","0.5","n/a","n/a"
"12 Oct 12","0.5","n/a","n/a"
"11 Oct 12","0.5","n/a","n/a"
"10 Oct 12","0.5","n/a","n/a"
"09 Oct 12","0.5","n/a","n/a"
"08 Oct 12","0.5","n/a","n/a"
"05 Oct 12","0.5","n/a","n/a"
"04 Oct 12","0.5","n/a","n/a"
"03 Oct 12","0.5","n/a","n/a"
"02 Oct 12","0.5","n/a","n/a"
"01 Oct 12","0.5","n/a","n/a"
"30 Sep 12","n/a","0.5","0.5"
"28 Sep 12","0.5","n/a","n/a"
"27 Sep 12","0.5","n/a","n/a"
"26 Sep 12","0.5","n/a","n/a"
"25 Sep 12","0.5","n/a","n/a"
"24 Sep 12","0.5","n/a","n/a"
"21 Sep 12","0.5","n/a","n/a"
"20 Sep 12","0.5","n/a","n/a"
"19 Sep 12","0.5","n/a","n/a"
"18 Sep 12","0.5","n/a","n/a"
"17 Sep 12","0.5","n/a","n/a"
"14 Sep 12","0.5","n/a","n/a"
"13 Sep 12","0.5","n/a","n/a"
"12 Sep 12","0.5","n/a","n/a"
"11 Sep 12","0.5","n/a","n/a"
"10 Sep 12","0.5","n/a","n/a"
"07 Sep 12","0.5","n/a","n/a"
"06 Sep 12","0.5","n/a","n/a"
"05 Sep 12","0.5","n/a","n/a"
"04 Sep 12","0.5","n/a","n/a"
"03 Sep 12","0.5","n/a","n/a"
"31 Aug 12","0.5","n/a","n/a"
"30 Aug 12","0.5","n/a","n/a"
"29 Aug 12","0.5","n/a","n/a"
"28 Aug 12","0.5","n/a","n/a"
"24 Aug 12","0.5","n/a","n/a"
"23 Aug 12","0.5","n/a","n/a"
"22 Aug 12","0.5","n/a","n/a"
"21 Aug 12","0.5","n/a","n/a"
"20 Aug 12","0.5","n/a","n/a"
"17 Aug 12","0.5","n/a","n/a"
"16 Aug 12","0.5","n/a","n/a"
"15 Aug 12","0.5","n/a","n/a"
"14 Aug 12","0.5","n/a","n/a"
"13 Aug 12","0.5","n/a","n/a"
"10 Aug 12","0.5","n/a","n/a"
"09 Aug 12","0.5","n/a","n/a"
"08 Aug 12","0.5","n/a","n/a"
"07 Aug 12","0.5","n/a","n/a"
"06 Aug 12","0.5","n/a","n/a"
"03 Aug 12","0.5","n/a","n/a"
"02 Aug 12","0.5","n/a","n/a"
"01 Aug 12","0.5","n/a","n/a"
"31 Jul 12","0.5","n/a","n/a"
"30 Jul 12","0.5","n/a","n/a"
"27 Jul 12","0.5","n/a","n/a"
"26 Jul 12","0.5","n/a","n/a"
"25 Jul 12","0.5","n/a","n/a"
"24 Jul 12","0.5","n/a","n/a"
"23 Jul 12","0.5","n/a","n/a"
"20 Jul 12","0.5","n/a","n/a"
"19 Jul 12","0.5","n/a","n/a"
"18 Jul 12","0.5","n/a","n/a"
"17 Jul 12","0.5","n/a","n/a"
"16 Jul 12","0.5","n/a","n/a"
"13 Jul 12","0.5","n/a","n/a"
"12 Jul 12","0.5","n/a","n/a"
"11 Jul 12","0.5","n/a","n/a"
"10 Jul 12","0.5","n/a","n/a"
"09 Jul 12","0.5","n/a","n/a"
"06 Jul 12","0.5","n/a","n/a"
"05 Jul 12","0.5","n/a","n/a"
"04 Jul 12","0.5","n/a","n/a"
"03 Jul 12","0.5","n/a","n/a"
"02 Jul 12","0.5","n/a","n/a"
"30 Jun 12","n/a","0.5","0.5"
"29 Jun 12","0.5","n/a","n/a"
"28 Jun 12","0.5","n/a","n/a"
"27 Jun 12","0.5","n/a","n/a"
"26 Jun 12","0.5","n/a","n/a"
"25 Jun 12","0.5","n/a","n/a"
"22 Jun 12","0.5","n/a","n/a"
"21 Jun 12","0.5","n/a","n/a"
"20 Jun 12","0.5","n/a","n/a"
"19 Jun 12","0.5","n/a","n/a"
"18 Jun 12","0.5","n/a","n/a"
"15 Jun 12","0.5","n/a","n/a"
"14 Jun 12","0.5","n/a","n/a"
"13 Jun 12","0.5","n/a","n/a"
"12 Jun 12","0.5","n/a","n/a"
"11 Jun 12","0.5","n/a","n/a"
"08 Jun 12","0.5","n/a","n/a"
"07 Jun 12","0.5","n/a","n/a"
"06 Jun 12","0.5","n/a","n/a"
"01 Jun 12","0.5","n/a","n/a"
"31 May 12","0.5","n/a","n/a"
"30 May 12","0.5","n/a","n/a"
"29 May 12","0.5","n/a","n/a"
"28 May 12","0.5","n/a","n/a"
"25 May 12","0.5","n/a","n/a"
"24 May 12","0.5","n/a","n/a"
"23 May 12","0.5","n/a","n/a"
"22 May 12","0.5","n/a","n/a"
"21 May 12","0.5","n/a","n/a"
"18 May 12","0.5","n/a","n/a"
"17 May 12","0.5","n/a","n/a"
"16 May 12","0.5","n/a","n/a"
"15 May 12","0.5","n/a","n/a"
"14 May 12","0.5","n/a","n/a"
"11 May 12","0.5","n/a","n/a"
"10 May 12","0.5","n/a","n/a"
"09 May 12","0.5","n/a","n/a"
"08 May 12","0.5","n/a","n/a"
"04 May 12","0.5","n/a","n/a"
"03 May 12","0.5","n/a","n/a"
"02 May 12","0.5","n/a","n/a"
"01 May 12","0.5","n/a","n/a"
"30 Apr 12","0.5","n/a","n/a"
"27 Apr 12","0.5","n/a","n/a"
"26 Apr 12","0.5","n/a","n/a"
"25 Apr 12","0.5","n/a","n/a"
"24 Apr 12","0.5","n/a","n/a"
"23 Apr 12","0.5","n/a","n/a"
"20 Apr 12","0.5","n/a","n/a"
"19 Apr 12","0.5","n/a","n/a"
"18 Apr 12","0.5","n/a","n/a"
"17 Apr 12","0.5","n/a","n/a"
"16 Apr 12","0.5","n/a","n/a"
"13 Apr 12","0.5","n/a","n/a"
"12 Apr 12","0.5","n/a","n/a"
"11 Apr 12","0.5","n/a","n/a"
"10 Apr 12","0.5","n/a","n/a"
"05 Apr 12","0.5","n/a","n/a"
"04 Apr 12","0.5","n/a","n/a"
"03 Apr 12","0.5","n/a","n/a"
"02 Apr 12","0.5","n/a","n/a"
"31 Mar 12","n/a","0.5","0.5"
"30 Mar 12","0.5","n/a","n/a"
"29 Mar 12","0.5","n/a","n/a"
"28 Mar 12","0.5","n/a","n/a"
"27 Mar 12","0.5","n/a","n/a"
"26 Mar 12","0.5","n/a","n/a"
"23 Mar 12","0.5","n/a","n/a"
"22 Mar 12","0.5","n/a","n/a"
"21 Mar 12","0.5","n/a","n/a"
"20 Mar 12","0.5","n/a","n/a"
"19 Mar 12","0.5","n/a","n/a"
"16 Mar 12","0.5","n/a","n/a"
"15 Mar 12","0.5","n/a","n/a"
"14 Mar 12","0.5","n/a","n/a"
"13 Mar 12","0.5","n/a","n/a"
"12 Mar 12","0.5","n/a","n/a"
"09 Mar 12","0.5","n/a","n/a"
"08 Mar 12","0.5","n/a","n/a"
"07 Mar 12","0.5","n/a","n/a"
"06 Mar 12","0.5","n/a","n/a"
"05 Mar 12","0.5","n/a","n/a"
"02 Mar 12","0.5","n/a","n/a"
"01 Mar 12","0.5","n/a","n/a"
"29 Feb 12","0.5","n/a","n/a"
"28 Feb 12","0.5","n/a","n/a"
"27 Feb 12","0.5","n/a","n/a"
"24 Feb 12","0.5","n/a","n/a"
"23 Feb 12","0.5","n/a","n/a"
"22 Feb 12","0.5","n/a","n/a"
"21 Feb 12","0.5","n/a","n/a"
"20 Feb 12","0.5","n/a","n/a"
"17 Feb 12","0.5","n/a","n/a"
"16 Feb 12","0.5","n/a","n/a"
"15 Feb 12","0.5","n/a","n/a"
"14 Feb 12","0.5","n/a","n/a"
"13 Feb 12","0.5","n/a","n/a"
"10 Feb 12","0.5","n/a","n/a"
"09 Feb 12","0.5","n/a","n/a"
"08 Feb 12","0.5","n/a","n/a"
"07 Feb 12","0.5","n/a","n/a"
"06 Feb 12","0.5","n/a","n/a"
"03 Feb 12","0.5","n/a","n/a"
"02 Feb 12","0.5","n/a","n/a"
"01 Feb 12","0.5","n/a","n/a"
"31 Jan 12","0.5","n/a","n/a"
"30 Jan 12","0.5","n/a","n/a"
"27 Jan 12","0.5","n/a","n/a"
"26 Jan 12","0.5","n/a","n/a"
"25 Jan 12","0.5","n/a","n/a"
"24 Jan 12","0.5","n/a","n/a"
"23 Jan 12","0.5","n/a","n/a"
"20 Jan 12","0.5","n/a","n/a"
"19 Jan 12","0.5","n/a","n/a"
"18 Jan 12","0.5","n/a","n/a"
"17 Jan 12","0.5","n/a","n/a"
"16 Jan 12","0.5","n/a","n/a"
"13 Jan 12","0.5","n/a","n/a"
"12 Jan 12","0.5","n/a","n/a"
"11 Jan 12","0.5","n/a","n/a"
"10 Jan 12","0.5","n/a","n/a"
"09 Jan 12","0.5","n/a","n/a"
"06 Jan 12","0.5","n/a","n/a"
"05 Jan 12","0.5","n/a","n/a"
"04 Jan 12","0.5","n/a","n/a"
"03 Jan 12","0.5","n/a","n/a"
"31 Dec 11","n/a","0.5","0.5"
"30 Dec 11","0.5","n/a","n/a"
"29 Dec 11","0.5","n/a","n/a"
"28 Dec 11","0.5","n/a","n/a"
"23 Dec 11","0.5","n/a","n/a"
"22 Dec 11","0.5","n/a","n/a"
"21 Dec 11","0.5","n/a","n/a"
"20 Dec 11","0.5","n/a","n/a"
"19 Dec 11","0.5","n/a","n/a"
"16 Dec 11","0.5","n/a","n/a"
"15 Dec 11","0.5","n/a","n/a"
"14 Dec 11","0.5","n/a","n/a"
"13 Dec 11","0.5","n/a","n/a"
"12 Dec 11","0.5","n/a","n/a"
"09 Dec 11","0.5","n/a","n/a"
"08 Dec 11","0.5","n/a","n/a"
"07 Dec 11","0.5","n/a","n/a"
"06 Dec 11","0.5","n/a","n/a"
"05 Dec 11","0.5","n/a","n/a"
"02 Dec 11","0.5","n/a","n/a"
"01 Dec 11","0.5","n/a","n/a"
"30 Nov 11","0.5","n/a","n/a"
"29 Nov 11","0.5","n/a","n/a"
"28 Nov 11","0.5","n/a","n/a"
"25 Nov 11","0.5","n/a","n/a"
"24 Nov 11","0.5","n/a","n/a"
"23 Nov 11","0.5","n/a","n/a"
"22 Nov 11","0.5","n/a","n/a"
"21 Nov 11","0.5","n/a","n/a"
"18 Nov 11","0.5","n/a","n/a"
"17 Nov 11","0.5","n/a","n/a"
"16 Nov 11","0.5","n/a","n/a"
"15 Nov 11","0.5","n/a","n/a"
"14 Nov 11","0.5","n/a","n/a"
"11 Nov 11","0.5","n/a","n/a"
"10 Nov 11","0.5","n/a","n/a"
"09 Nov 11","0.5","n/a","n/a"
"08 Nov 11","0.5","n/a","n/a"
"07 Nov 11","0.5","n/a","n/a"
"04 Nov 11","0.5","n/a","n/a"
"03 Nov 11","0.5","n/a","n/a"
"02 Nov 11","0.5","n/a","n/a"
"01 Nov 11","0.5","n/a","n/a"
"31 Oct 11","0.5","n/a","n/a"
"28 Oct 11","0.5","n/a","n/a"
"27 Oct 11","0.5","n/a","n/a"
"26 Oct 11","0.5","n/a","n/a"
"25 Oct 11","0.5","n/a","n/a"
"24 Oct 11","0.5","n/a","n/a"
"21 Oct 11","0.5","n/a","n/a"
"20 Oct 11","0.5","n/a","n/a"
"19 Oct 11","0.5","n/a","n/a"
"18 Oct 11","0.5","n/a","n/a"
"17 Oct 11","0.5","n/a","n/a"
"14 Oct 11","0.5","n/a","n/a"
"13 Oct 11","0.5","n/a","n/a"
"12 Oct 11","0.5","n/a","n/a"
"11 Oct 11","0.5","n/a","n/a"
"10 Oct 11","0.5","n/a","n/a"
"07 Oct 11","0.5","n/a","n/a"
"06 Oct 11","0.5","n/a","n/a"
"05 Oct 11","0.5","n/a","n/a"
"04 Oct 11","0.5","n/a","n/a"
"03 Oct 11","0.5","n/a","n/a"
"30 Sep 11","0.5","0.5","0.5"
"29 Sep 11","0.5","n/a","n/a"
"28 Sep 11","0.5","n/a","n/a"
"27 Sep 11","0.5","n/a","n/a"
"26 Sep 11","0.5","n/a","n/a"
"23 Sep 11","0.5","n/a","n/a"
"22 Sep 11","0.5","n/a","n/a"
"21 Sep 11","0.5","n/a","n/a"
"20 Sep 11","0.5","n/a","n/a"
"19 Sep 11","0.5","n/a","n/a"
"16 Sep 11","0.5","n/a","n/a"
"15 Sep 11","0.5","n/a","n/a"
"14 Sep 11","0.5","n/a","n/a"
"13 Sep 11","0.5","n/a","n/a"
"12 Sep 11","0.5","n/a","n/a"
"09 Sep 11","0.5","n/a","n/a"
"08 Sep 11","0.5","n/a","n/a"
"07 Sep 11","0.5","n/a","n/a"
"06 Sep 11","0.5","n/a","n/a"
"05 Sep 11","0.5","n/a","n/a"
"02 Sep 11","0.5","n/a","n/a"
"01 Sep 11","0.5","n/a","n/a"
"31 Aug 11","0.5","n/a","n/a"
"30 Aug 11","0.5","n/a","n/a"
"26 Aug 11","0.5","n/a","n/a"
"25 Aug 11","0.5","n/a","n/a"
"24 Aug 11","0.5","n/a","n/a"
"23 Aug 11","0.5","n/a","n/a"
"22 Aug 11","0.5","n/a","n/a"
"19 Aug 11","0.5","n/a","n/a"
"18 Aug 11","0.5","n/a","n/a"
"17 Aug 11","0.5","n/a","n/a"
"16 Aug 11","0.5","n/a","n/a"
"15 Aug 11","0.5","n/a","n/a"
"12 Aug 11","0.5","n/a","n/a"
"11 Aug 11","0.5","n/a","n/a"
"10 Aug 11","0.5","n/a","n/a"
"09 Aug 11","0.5","n/a","n/a"
"08 Aug 11","0.5","n/a","n/a"
"05 Aug 11","0.5","n/a","n/a"
"04 Aug 11","0.5","n/a","n/a"
"03 Aug 11","0.5","n/a","n/a"
"02 Aug 11","0.5","n/a","n/a"
"01 Aug 11","0.5","n/a","n/a"
"29 Jul 11","0.5","n/a","n/a"
"28 Jul 11","0.5","n/a","n/a"
"27 Jul 11","0.5","n/a","n/a"
"26 Jul 11","0.5","n/a","n/a"
"25 Jul 11","0.5","n/a","n/a"
"22 Jul 11","0.5","n/a","n/a"
"21 Jul 11","0.5","n/a","n/a"
"20 Jul 11","0.5","n/a","n/a"
"19 Jul 11","0.5","n/a","n/a"
"18 Jul 11","0.5","n/a","n/a"
"15 Jul 11","0.5","n/a","n/a"
"14 Jul 11","0.5","n/a","n/a"
"13 Jul 11","0.5","n/a","n/a"
"12 Jul 11","0.5","n/a","n/a"
"11 Jul 11","0.5","n/a","n/a"
"08 Jul 11","0.5","n/a","n/a"
"07 Jul 11","0.5","n/a","n/a"
"06 Jul 11","0.5","n/a","n/a"
"05 Jul 11","0.5","n/a","n/a"
"04 Jul 11","0.5","n/a","n/a"
"01 Jul 11","0.5","n/a","n/a"
"30 Jun 11","0.5","0.5","0.5"
"29 Jun 11","0.5","n/a","n/a"
"28 Jun 11","0.5","n/a","n/a"
"27 Jun 11","0.5","n/a","n/a"
"24 Jun 11","0.5","n/a","n/a"
"23 Jun 11","0.5","n/a","n/a"
"22 Jun 11","0.5","n/a","n/a"
"21 Jun 11","0.5","n/a","n/a"
"20 Jun 11","0.5","n/a","n/a"
"17 Jun 11","0.5","n/a","n/a"
"16 Jun 11","0.5","n/a","n/a"
"15 Jun 11","0.5","n/a","n/a"
"14 Jun 11","0.5","n/a","n/a"
"13 Jun 11","0.5","n/a","n/a"
"10 Jun 11","0.5","n/a","n/a"
"09 Jun 11","0.5","n/a","n/a"
"08 Jun 11","0.5","n/a","n/a"
"07 Jun 11","0.5","n/a","n/a"
"06 Jun 11","0.5","n/a","n/a"
"03 Jun 11","0.5","n/a","n/a"
"02 Jun 11","0.5","n/a","n/a"
"01 Jun 11","0.5","n/a","n/a"
"31 May 11","0.5","n/a","n/a"
"27 May 11","0.5","n/a","n/a"
"26 May 11","0.5","n/a","n/a"
"25 May 11","0.5","n/a","n/a"
"24 May 11","0.5","n/a","n/a"
"23 May 11","0.5","n/a","n/a"
"20 May 11","0.5","n/a","n/a"
"19 May 11","0.5","n/a","n/a"
"18 May 11","0.5","n/a","n/a"
"17 May 11","0.5","n/a","n/a"
"16 May 11","0.5","n/a","n/a"
"13 May 11","0.5","n/a","n/a"
"12 May 11","0.5","n/a","n/a"
"11 May 11","0.5","n/a","n/a"
"10 May 11","0.5","n/a","n/a"
"09 May 11","0.5","n/a","n/a"
"06 May 11","0.5","n/a","n/a"
"05 May 11","0.5","n/a","n/a"
"04 May 11","0.5","n/a","n/a"
"03 May 11","0.5","n/a","n/a"
"28 Apr 11","0.5","n/a","n/a"
"27 Apr 11","0.5","n/a","n/a"
"26 Apr 11","0.5","n/a","n/a"
"21 Apr 11","0.5","n/a","n/a"
"20 Apr 11","0.5","n/a","n/a"
"19 Apr 11","0.5","n/a","n/a"
"18 Apr 11","0.5","n/a","n/a"
"15 Apr 11","0.5","n/a","n/a"
"14 Apr 11","0.5","n/a","n/a"
"13 Apr 11","0.5","n/a","n/a"
"12 Apr 11","0.5","n/a","n/a"
"11 Apr 11","0.5","n/a","n/a"
"08 Apr 11","0.5","n/a","n/a"
"07 Apr 11","0.5","n/a","n/a"
"06 Apr 11","0.5","n/a","n/a"
"05 Apr 11","0.5","n/a","n/a"
"04 Apr 11","0.5","n/a","n/a"
"01 Apr 11","0.5","n/a","n/a"
"31 Mar 11","0.5","0.5","0.5"
"30 Mar 11","0.5","n/a","n/a"
"29 Mar 11","0.5","n/a","n/a"
"28 Mar 11","0.5","n/a","n/a"
"25 Mar 11","0.5","n/a","n/a"
"24 Mar 11","0.5","n/a","n/a"
"23 Mar 11","0.5","n/a","n/a"
"22 Mar 11","0.5","n/a","n/a"
"21 Mar 11","0.5","n/a","n/a"
"18 Mar 11","0.5","n/a","n/a"
"17 Mar 11","0.5","n/a","n/a"
"16 Mar 11","0.5","n/a","n/a"
"15 Mar 11","0.5","n/a","n/a"
"14 Mar 11","0.5","n/a","n/a"
"11 Mar 11","0.5","n/a","n/a"
"10 Mar 11","0.5","n/a","n/a"
"09 Mar 11","0.5","n/a","n/a"
"08 Mar 11","0.5","n/a","n/a"
"07 Mar 11","0.5","n/a","n/a"
"04 Mar 11","0.5","n/a","n/a"
"03 Mar 11","0.5","n/a","n/a"
"02 Mar 11","0.5","n/a","n/a"
"01 Mar 11","0.5","n/a","n/a"
"28 Feb 11","0.5","n/a","n/a"
"25 Feb 11","0.5","n/a","n/a"
"24 Feb 11","0.5","n/a","n/a"
"23 Feb 11","0.5","n/a","n/a"
"22 Feb 11","0.5","n/a","n/a"
"21 Feb 11","0.5","n/a","n/a"
"18 Feb 11","0.5","n/a","n/a"
"17 Feb 11","0.5","n/a","n/a"
"16 Feb 11","0.5","n/a","n/a"
"15 Feb 11","0.5","n/a","n/a"
"14 Feb 11","0.5","n/a","n/a"
"11 Feb 11","0.5","n/a","n/a"
"10 Feb 11","0.5","n/a","n/a"
"09 Feb 11","0.5","n/a","n/a"
"08 Feb 11","0.5","n/a","n/a"
"07 Feb 11","0.5","n/a","n/a"
"04 Feb 11","0.5","n/a","n/a"
"03 Feb 11","0.5","n/a","n/a"
"02 Feb 11","0.5","n/a","n/a"
"01 Feb 11","0.5","n/a","n/a"
"31 Jan 11","0.5","n/a","n/a"
"28 Jan 11","0.5","n/a","n/a"
"27 Jan 11","0.5","n/a","n/a"
"26 Jan 11","0.5","n/a","n/a"
"25 Jan 11","0.5","n/a","n/a"
"24 Jan 11","0.5","n/a","n/a"
"21 Jan 11","0.5","n/a","n/a"
"20 Jan 11","0.5","n/a","n/a"
"19 Jan 11","0.5","n/a","n/a"
"18 Jan 11","0.5","n/a","n/a"
"17 Jan 11","0.5","n/a","n/a"
"14 Jan 11","0.5","n/a","n/a"
"13 Jan 11","0.5","n/a","n/a"
"12 Jan 11","0.5","n/a","n/a"
"11 Jan 11","0.5","n/a","n/a"
"10 Jan 11","0.5","n/a","n/a"
"07 Jan 11","0.5","n/a","n/a"
"06 Jan 11","0.5","n/a","n/a"
"05 Jan 11","0.5","n/a","n/a"
"04 Jan 11","0.5","n/a","n/a"
"31 Dec 10","0.5","0.5","0.5"
"30 Dec 10","0.5","n/a","n/a"
"29 Dec 10","0.5","n/a","n/a"
"24 Dec 10","0.5","n/a","n/a"
"23 Dec 10","0.5","n/a","n/a"
"22 Dec 10","0.5","n/a","n/a"
"21 Dec 10","0.5","n/a","n/a"
"20 Dec 10","0.5","n/a","n/a"
"17 Dec 10","0.5","n/a","n/a"
"16 Dec 10","0.5","n/a","n/a"
"15 Dec 10","0.5","n/a","n/a"
"14 Dec 10","0.5","n/a","n/a"
"13 Dec 10","0.5","n/a","n/a"
"10 Dec 10","0.5","n/a","n/a"
"09 Dec 10","0.5","n/a","n/a"
"08 Dec 10","0.5","n/a","n/a"
"07 Dec 10","0.5","n/a","n/a"
"06 Dec 10","0.5","n/a","n/a"
"03 Dec 10","0.5","n/a","n/a"
"02 Dec 10","0.5","n/a","n/a"
"01 Dec 10","0.5","n/a","n/a"
"30 Nov 10","0.5","n/a","n/a"
"29 Nov 10","0.5","n/a","n/a"
"26 Nov 10","0.5","n/a","n/a"
"25 Nov 10","0.5","n/a","n/a"
"24 Nov 10","0.5","n/a","n/a"
"23 Nov 10","0.5","n/a","n/a"
"22 Nov 10","0.5","n/a","n/a"
"19 Nov 10","0.5","n/a","n/a"
"18 Nov 10","0.5","n/a","n/a"
"17 Nov 10","0.5","n/a","n/a"
"16 Nov 10","0.5","n/a","n/a"
"15 Nov 10","0.5","n/a","n/a"
"12 Nov 10","0.5","n/a","n/a"
"11 Nov 10","0.5","n/a","n/a"
"10 Nov 10","0.5","n/a","n/a"
"09 Nov 10","0.5","n/a","n/a"
"08 Nov 10","0.5","n/a","n/a"
"05 Nov 10","0.5","n/a","n/a"
"04 Nov 10","0.5","n/a","n/a"
"03 Nov 10","0.5","n/a","n/a"
"02 Nov 10","0.5","n/a","n/a"
"01 Nov 10","0.5","n/a","n/a"
"29 Oct 10","0.5","n/a","n/a"
"28 Oct 10","0.5","n/a","n/a"
"27 Oct 10","0.5","n/a","n/a"
"26 Oct 10","0.5","n/a","n/a"
"25 Oct 10","0.5","n/a","n/a"
"22 Oct 10","0.5","n/a","n/a"
"21 Oct 10","0.5","n/a","n/a"
"20 Oct 10","0.5","n/a","n/a"
"19 Oct 10","0.5","n/a","n/a"
"18 Oct 10","0.5","n/a","n/a"
"15 Oct 10","0.5","n/a","n/a"
"14 Oct 10","0.5","n/a","n/a"
"13 Oct 10","0.5","n/a","n/a"
"12 Oct 10","0.5","n/a","n/a"
"11 Oct 10","0.5","n/a","n/a"
"08 Oct 10","0.5","n/a","n/a"
"07 Oct 10","0.5","n/a","n/a"
"06 Oct 10","0.5","n/a","n/a"
"05 Oct 10","0.5","n/a","n/a"
"04 Oct 10","0.5","n/a","n/a"
"01 Oct 10","0.5","n/a","n/a"
"30 Sep 10","0.5","0.5","0.5"
"29 Sep 10","0.5","n/a","n/a"
"28 Sep 10","0.5","n/a","n/a"
"27 Sep 10","0.5","n/a","n/a"
"24 Sep 10","0.5","n/a","n/a"
"23 Sep 10","0.5","n/a","n/a"
"22 Sep 10","0.5","n/a","n/a"
"21 Sep 10","0.5","n/a","n/a"
"20 Sep 10","0.5","n/a","n/a"
"17 Sep 10","0.5","n/a","n/a"
"16 Sep 10","0.5","n/a","n/a"
"15 Sep 10","0.5","n/a","n/a"
"14 Sep 10","0.5","n/a","n/a"
"13 Sep 10","0.5","n/a","n/a"
"10 Sep 10","0.5","n/a","n/a"
"09 Sep 10","0.5","n/a","n/a"
"08 Sep 10","0.5","n/a","n/a"
"07 Sep 10","0.5","n/a","n/a"
"06 Sep 10","0.5","n/a","n/a"
"03 Sep 10","0.5","n/a","n/a"
"02 Sep 10","0.5","n/a","n/a"
"01 Sep 10","0.5","n/a","n/a"
"31 Aug 10","0.5","n/a","n/a"
"27 Aug 10","0.5","n/a","n/a"
"26 Aug 10","0.5","n/a","n/a"
"25 Aug 10","0.5","n/a","n/a"
"24 Aug 10","0.5","n/a","n/a"
"23 Aug 10","0.5","n/a","n/a"
"20 Aug 10","0.5","n/a","n/a"
"19 Aug 10","0.5","n/a","n/a"
"18 Aug 10","0.5","n/a","n/a"
"17 Aug 10","0.5","n/a","n/a"
"16 Aug 10","0.5","n/a","n/a"
"13 Aug 10","0.5","n/a","n/a"
"12 Aug 10","0.5","n/a","n/a"
"11 Aug 10","0.5","n/a","n/a"
"10 Aug 10","0.5","n/a","n/a"
"09 Aug 10","0.5","n/a","n/a"
"06 Aug 10","0.5","n/a","n/a"
"05 Aug 10","0.5","n/a","n/a"
"04 Aug 10","0.5","n/a","n/a"
"03 Aug 10","0.5","n/a","n/a"
"02 Aug 10","0.5","n/a","n/a"
"30 Jul 10","0.5","n/a","n/a"
"29 Jul 10","0.5","n/a","n/a"
"28 Jul 10","0.5","n/a","n/a"
"27 Jul 10","0.5","n/a","n/a"
"26 Jul 10","0.5","n/a","n/a"
"23 Jul 10","0.5","n/a","n/a"
"22 Jul 10","0.5","n/a","n/a"
"21 Jul 10","0.5","n/a","n/a"
"20 Jul 10","0.5","n/a","n/a"
"19 Jul 10","0.5","n/a","n/a"
"16 Jul 10","0.5","n/a","n/a"
"15 Jul 10","0.5","n/a","n/a"
"14 Jul 10","0.5","n/a","n/a"
"13 Jul 10","0.5","n/a","n/a"
"12 Jul 10","0.5","n/a","n/a"
"09 Jul 10","0.5","n/a","n/a"
"08 Jul 10","0.5","n/a","n/a"
"07 Jul 10","0.5","n/a","n/a"
"06 Jul 10","0.5","n/a","n/a"
"05 Jul 10","0.5","n/a","n/a"
"02 Jul 10","0.5","n/a","n/a"
"01 Jul 10","0.5","n/a","n/a"
"30 Jun 10","0.5","0.5","0.5"
"29 Jun 10","0.5","n/a","n/a"
"28 Jun 10","0.5","n/a","n/a"
"25 Jun 10","0.5","n/a","n/a"
"24 Jun 10","0.5","n/a","n/a"
"23 Jun 10","0.5","n/a","n/a"
"22 Jun 10","0.5","n/a","n/a"
"21 Jun 10","0.5","n/a","n/a"
"18 Jun 10","0.5","n/a","n/a"
"17 Jun 10","0.5","n/a","n/a"
"16 Jun 10","0.5","n/a","n/a"
"15 Jun 10","0.5","n/a","n/a"
"14 Jun 10","0.5","n/a","n/a"
"11 Jun 10","0.5","n/a","n/a"
"10 Jun 10","0.5","n/a","n/a"
"09 Jun 10","0.5","n/a","n/a"
"08 Jun 10","0.5","n/a","n/a"
"07 Jun 10","0.5","n/a","n/a"
"04 Jun 10","0.5","n/a","n/a"
"03 Jun 10","0.5","n/a","n/a"
"02 Jun 10","0.5","n/a","n/a"
"01 Jun 10","0.5","n/a","n/a"
"28 May 10","0.5","n/a","n/a"
"27 May 10","0.5","n/a","n/a"
"26 May 10","0.5","n/a","n/a"
"25 May 10","0.5","n/a","n/a"
"24 May 10","0.5","n/a","n/a"
"21 May 10","0.5","n/a","n/a"
"20 May 10","0.5","n/a","n/a"
"19 May 10","0.5","n/a","n/a"
"18 May 10","0.5","n/a","n/a"
"17 May 10","0.5","n/a","n/a"
"14 May 10","0.5","n/a","n/a"
"13 May 10","0.5","n/a","n/a"
"12 May 10","0.5","n/a","n/a"
"11 May 10","0.5","n/a","n/a"
"10 May 10","0.5","n/a","n/a"
"07 May 10","0.5","n/a","n/a"
"06 May 10","0.5","n/a","n/a"
"05 May 10","0.5","n/a","n/a"
"04 May 10","0.5","n/a","n/a"
"30 Apr 10","0.5","n/a","n/a"
"29 Apr 10","0.5","n/a","n/a"
"28 Apr 10","0.5","n/a","n/a"
"27 Apr 10","0.5","n/a","n/a"
"26 Apr 10","0.5","n/a","n/a"
"23 Apr 10","0.5","n/a","n/a"
"22 Apr 10","0.5","n/a","n/a"
"21 Apr 10","0.5","n/a","n/a"
"20 Apr 10","0.5","n/a","n/a"
"19 Apr 10","0.5","n/a","n/a"
"16 Apr 10","0.5","n/a","n/a"
"15 Apr 10","0.5","n/a","n/a"
"14 Apr 10","0.5","n/a","n/a"
"13 Apr 10","0.5","n/a","n/a"
"12 Apr 10","0.5","n/a","n/a"
"09 Apr 10","0.5","n/a","n/a"
"08 Apr 10","0.5","n/a","n/a"
"07 Apr 10","0.5","n/a","n/a"
"06 Apr 10","0.5","n/a","n/a"
"01 Apr 10","0.5","n/a","n/a"
"31 Mar 10","0.5","0.5","0.5"
"30 Mar 10","0.5","n/a","n/a"
"29 Mar 10","0.5","n/a","n/a"
"26 Mar 10","0.5","n/a","n/a"
"25 Mar 10","0.5","n/a","n/a"
"24 Mar 10","0.5","n/a","n/a"
"23 Mar 10","0.5","n/a","n/a"
"22 Mar 10","0.5","n/a","n/a"
"19 Mar 10","0.5","n/a","n/a"
"18 Mar 10","0.5","n/a","n/a"
"17 Mar 10","0.5","n/a","n/a"
"16 Mar 10","0.5","n/a","n/a"
"15 Mar 10","0.5","n/a","n/a"
"12 Mar 10","0.5","n/a","n/a"
"11 Mar 10","0.5","n/a","n/a"
"10 Mar 10","0.5","n/a","n/a"
"09 Mar 10","0.5","n/a","n/a"
"08 Mar 10","0.5","n/a","n/a"
"05 Mar 10","0.5","n/a","n/a"
"04 Mar 10","0.5","n/a","n/a"
"03 Mar 10","0.5","n/a","n/a"
"02 Mar 10","0.5","n/a","n/a"
"01 Mar 10","0.5","n/a","n/a"
"26 Feb 10","0.5","n/a","n/a"
"25 Feb 10","0.5","n/a","n/a"
"24 Feb 10","0.5","n/a","n/a"
"23 Feb 10","0.5","n/a","n/a"
"22 Feb 10","0.5","n/a","n/a"
"19 Feb 10","0.5","n/a","n/a"
"18 Feb 10","0.5","n/a","n/a"
"17 Feb 10","0.5","n/a","n/a"
"16 Feb 10","0.5","n/a","n/a"
"15 Feb 10","0.5","n/a","n/a"
"12 Feb 10","0.5","n/a","n/a"
"11 Feb 10","0.5","n/a","n/a"
"10 Feb 10","0.5","n/a","n/a"
"09 Feb 10","0.5","n/a","n/a"
"08 Feb 10","0.5","n/a","n/a"
"05 Feb 10","0.5","n/a","n/a"
"04 Feb 10","0.5","n/a","n/a"
"03 Feb 10","0.5","n/a","n/a"
"02 Feb 10","0.5","n/a","n/a"
"01 Feb 10","0.5","n/a","n/a"
"29 Jan 10","0.5","n/a","n/a"
"28 Jan 10","0.5","n/a","n/a"
"27 Jan 10","0.5","n/a","n/a"
"26 Jan 10","0.5","n/a","n/a"
"25 Jan 10","0.5","n/a","n/a"
"22 Jan 10","0.5","n/a","n/a"
"21 Jan 10","0.5","n/a","n/a"
"20 Jan 10","0.5","n/a","n/a"
"19 Jan 10","0.5","n/a","n/a"
"18 Jan 10","0.5","n/a","n/a"
"15 Jan 10","0.5","n/a","n/a"
"14 Jan 10","0.5","n/a","n/a"
"13 Jan 10","0.5","n/a","n/a"
"12 Jan 10","0.5","n/a","n/a"
"11 Jan 10","0.5","n/a","n/a"
"08 Jan 10","0.5","n/a","n/a"
"07 Jan 10","0.5","n/a","n/a"
"06 Jan 10","0.5","n/a","n/a"
"05 Jan 10","0.5","n/a","n/a"
"04 Jan 10","0.5","n/a","n/a"
"31 Dec 09","0.5","0.5","0.5"
"30 Dec 09","0.5","n/a","n/a"
"29 Dec 09","0.5","n/a","n/a"
"24 Dec 09","0.5","n/a","n/a"
"23 Dec 09","0.5","n/a","n/a"
"22 Dec 09","0.5","n/a","n/a"
"21 Dec 09","0.5","n/a","n/a"
"18 Dec 09","0.5","n/a","n/a"
"17 Dec 09","0.5","n/a","n/a"
"16 Dec 09","0.5","n/a","n/a"
"15 Dec 09","0.5","n/a","n/a"
"14 Dec 09","0.5","n/a","n/a"
"11 Dec 09","0.5","n/a","n/a"
"10 Dec 09","0.5","n/a","n/a"
"09 Dec 09","0.5","n/a","n/a"
"08 Dec 09","0.5","n/a","n/a"
"07 Dec 09","0.5","n/a","n/a"
"04 Dec 09","0.5","n/a","n/a"
"03 Dec 09","0.5","n/a","n/a"
"02 Dec 09","0.5","n/a","n/a"
"01 Dec 09","0.5","n/a","n/a"
"30 Nov 09","0.5","n/a","n/a"
"27 Nov 09","0.5","n/a","n/a"
"26 Nov 09","0.5","n/a","n/a"
"25 Nov 09","0.5","n/a","n/a"
"24 Nov 09","0.5","n/a","n/a"
"23 Nov 09","0.5","n/a","n/a"
"20 Nov 09","0.5","n/a","n/a"
"19 Nov 09","0.5","n/a","n/a"
"18 Nov 09","0.5","n/a","n/a"
"17 Nov 09","0.5","n/a","n/a"
"16 Nov 09","0.5","n/a","n/a"
"13 Nov 09","0.5","n/a","n/a"
"12 Nov 09","0.5","n/a","n/a"
"11 Nov 09","0.5","n/a","n/a"
"10 Nov 09","0.5","n/a","n/a"
"09 Nov 09","0.5","n/a","n/a"
"06 Nov 09","0.5","n/a","n/a"
"05 Nov 09","0.5","n/a","n/a"
"04 Nov 09","0.5","n/a","n/a"
"03 Nov 09","0.5","n/a","n/a"
"02 Nov 09","0.5","n/a","n/a"
"30 Oct 09","0.5","n/a","n/a"
"29 Oct 09","0.5","n/a","n/a"
"28 Oct 09","0.5","n/a","n/a"
"27 Oct 09","0.5","n/a","n/a"
"26 Oct 09","0.5","n/a","n/a"
"23 Oct 09","0.5","n/a","n/a"
"22 Oct 09","0.5","n/a","n/a"
"21 Oct 09","0.5","n/a","n/a"
"20 Oct 09","0.5","n/a","n/a"
"19 Oct 09","0.5","n/a","n/a"
"16 Oct 09","0.5","n/a","n/a"
"15 Oct 09","0.5","n/a","n/a"
"14 Oct 09","0.5","n/a","n/a"
"13 Oct 09","0.5","n/a","n/a"
"12 Oct 09","0.5","n/a","n/a"
"09 Oct 09","0.5","n/a","n/a"
"08 Oct 09","0.5","n/a","n/a"
"07 Oct 09","0.5","n/a","n/a"
"06 Oct 09","0.5","n/a","n/a"
"05 Oct 09","0.5","n/a","n/a"
"02 Oct 09","0.5","n/a","n/a"
"01 Oct 09","0.5","n/a","n/a"
"30 Sep 09","0.5","0.5","0.5"
"29 Sep 09","0.5","n/a","n/a"
"28 Sep 09","0.5","n/a","n/a"
"25 Sep 09","0.5","n/a","n/a"
"24 Sep 09","0.5","n/a","n/a"
"23 Sep 09","0.5","n/a","n/a"
"22 Sep 09","0.5","n/a","n/a"
"21 Sep 09","0.5","n/a","n/a"
"18 Sep 09","0.5","n/a","n/a"
"17 Sep 09","0.5","n/a","n/a"
"16 Sep 09","0.5","n/a","n/a"
"15 Sep 09","0.5","n/a","n/a"
"14 Sep 09","0.5","n/a","n/a"
"11 Sep 09","0.5","n/a","n/a"
"10 Sep 09","0.5","n/a","n/a"
"09 Sep 09","0.5","n/a","n/a"
"08 Sep 09","0.5","n/a","n/a"
"07 Sep 09","0.5","n/a","n/a"
"04 Sep 09","0.5","n/a","n/a"
"03 Sep 09","0.5","n/a","n/a"
"02 Sep 09","0.5","n/a","n/a"
"01 Sep 09","0.5","n/a","n/a"
"28 Aug 09","0.5","n/a","n/a"
"27 Aug 09","0.5","n/a","n/a"
"26 Aug 09","0.5","n/a","n/a"
"25 Aug 09","0.5","n/a","n/a"
"24 Aug 09","0.5","n/a","n/a"
"21 Aug 09","0.5","n/a","n/a"
"20 Aug 09","0.5","n/a","n/a"
"19 Aug 09","0.5","n/a","n/a"
"18 Aug 09","0.5","n/a","n/a"
"17 Aug 09","0.5","n/a","n/a"
"14 Aug 09","0.5","n/a","n/a"
"13 Aug 09","0.5","n/a","n/a"
"12 Aug 09","0.5","n/a","n/a"
"11 Aug 09","0.5","n/a","n/a"
"10 Aug 09","0.5","n/a","n/a"
"07 Aug 09","0.5","n/a","n/a"
"06 Aug 09","0.5","n/a","n/a"
"05 Aug 09","0.5","n/a","n/a"
"04 Aug 09","0.5","n/a","n/a"
"03 Aug 09","0.5","n/a","n/a"
"31 Jul 09","0.5","n/a","n/a"
"30 Jul 09","0.5","n/a","n/a"
"29 Jul 09","0.5","n/a","n/a"
"28 Jul 09","0.5","n/a","n/a"
"27 Jul 09","0.5","n/a","n/a"
"24 Jul 09","0.5","n/a","n/a"
"23 Jul 09","0.5","n/a","n/a"
"22 Jul 09","0.5","n/a","n/a"
"21 Jul 09","0.5","n/a","n/a"
"20 Jul 09","0.5","n/a","n/a"
"17 Jul 09","0.5","n/a","n/a"
"16 Jul 09","0.5","n/a","n/a"
"15 Jul 09","0.5","n/a","n/a"
"14 Jul 09","0.5","n/a","n/a"
"13 Jul 09","0.5","n/a","n/a"
"10 Jul 09","0.5","n/a","n/a"
"09 Jul 09","0.5","n/a","n/a"
"08 Jul 09","0.5","n/a","n/a"
"07 Jul 09","0.5","n/a","n/a"
"06 Jul 09","0.5","n/a","n/a"
"03 Jul 09","0.5","n/a","n/a"
"02 Jul 09","0.5","n/a","n/a"
"01 Jul 09","0.5","n/a","n/a"
"30 Jun 09","0.5","0.5","0.5"
"29 Jun 09","0.5","n/a","n/a"
"26 Jun 09","0.5","n/a","n/a"
"25 Jun 09","0.5","n/a","n/a"
"24 Jun 09","0.5","n/a","n/a"
"23 Jun 09","0.5","n/a","n/a"
"22 Jun 09","0.5","n/a","n/a"
"19 Jun 09","0.5","n/a","n/a"
"18 Jun 09","0.5","n/a","n/a"
"17 Jun 09","0.5","n/a","n/a"
"16 Jun 09","0.5","n/a","n/a"
"15 Jun 09","0.5","n/a","n/a"
"12 Jun 09","0.5","n/a","n/a"
"11 Jun 09","0.5","n/a","n/a"
"10 Jun 09","0.5","n/a","n/a"
"09 Jun 09","0.5","n/a","n/a"
"08 Jun 09","0.5","n/a","n/a"
"05 Jun 09","0.5","n/a","n/a"
"04 Jun 09","0.5","n/a","n/a"
"03 Jun 09","0.5","n/a","n/a"
"02 Jun 09","0.5","n/a","n/a"
"01 Jun 09","0.5","n/a","n/a"
"29 May 09","0.5","n/a","n/a"
"28 May 09","0.5","n/a","n/a"
"27 May 09","0.5","n/a","n/a"
"26 May 09","0.5","n/a","n/a"
"22 May 09","0.5","n/a","n/a"
"21 May 09","0.5","n/a","n/a"
"20 May 09","0.5","n/a","n/a"
"19 May 09","0.5","n/a","n/a"
"18 May 09","0.5","n/a","n/a"
"15 May 09","0.5","n/a","n/a"
"14 May 09","0.5","n/a","n/a"
"13 May 09","0.5","n/a","n/a"
"12 May 09","0.5","n/a","n/a"
"11 May 09","0.5","n/a","n/a"
"08 May 09","0.5","n/a","n/a"
"07 May 09","0.5","n/a","n/a"
"06 May 09","0.5","n/a","n/a"
"05 May 09","0.5","n/a","n/a"
"01 May 09","0.5","n/a","n/a"
"30 Apr 09","0.5","n/a","n/a"
"29 Apr 09","0.5","n/a","n/a"
"28 Apr 09","0.5","n/a","n/a"
"27 Apr 09","0.5","n/a","n/a"
"24 Apr 09","0.5","n/a","n/a"
"23 Apr 09","0.5","n/a","n/a"
"22 Apr 09","0.5","n/a","n/a"
"21 Apr 09","0.5","n/a","n/a"
"20 Apr 09","0.5","n/a","n/a"
"17 Apr 09","0.5","n/a","n/a"
"16 Apr 09","0.5","n/a","n/a"
"15 Apr 09","0.5","n/a","n/a"
"14 Apr 09","0.5","n/a","n/a"
"09 Apr 09","0.5","n/a","n/a"
"08 Apr 09","0.5","n/a","n/a"
"07 Apr 09","0.5","n/a","n/a"
"06 Apr 09","0.5","n/a","n/a"
"03 Apr 09","0.5","n/a","n/a"
"02 Apr 09","0.5","n/a","n/a"
"01 Apr 09","0.5","n/a","n/a"
"31 Mar 09","0.5","1.0714","0.5"
"30 Mar 09","0.5","n/a","n/a"
"27 Mar 09","0.5","n/a","n/a"
"26 Mar 09","0.5","n/a","n/a"
"25 Mar 09","0.5","n/a","n/a"
"24 Mar 09","0.5","n/a","n/a"
"23 Mar 09","0.5","n/a","n/a"
"20 Mar 09","0.5","n/a","n/a"
"19 Mar 09","0.5","n/a","n/a"
"18 Mar 09","0.5","n/a","n/a"
"17 Mar 09","0.5","n/a","n/a"
"16 Mar 09","0.5","n/a","n/a"
"13 Mar 09","0.5","n/a","n/a"
"12 Mar 09","0.5","n/a","n/a"
"11 Mar 09","0.5","n/a","n/a"
"10 Mar 09","0.5","n/a","n/a"
"09 Mar 09","0.5","n/a","n/a"
"06 Mar 09","0.5","n/a","n/a"
"05 Mar 09","0.5","n/a","n/a"
"04 Mar 09","1","n/a","n/a"
"03 Mar 09","1","n/a","n/a"
"02 Mar 09","1","n/a","n/a"
"27 Feb 09","1","n/a","n/a"
"26 Feb 09","1","n/a","n/a"
"25 Feb 09","1","n/a","n/a"
"24 Feb 09","1","n/a","n/a"
"23 Feb 09","1","n/a","n/a"
"20 Feb 09","1","n/a","n/a"
"19 Feb 09","1","n/a","n/a"
"18 Feb 09","1","n/a","n/a"
"17 Feb 09","1","n/a","n/a"
"16 Feb 09","1","n/a","n/a"
"13 Feb 09","1","n/a","n/a"
"12 Feb 09","1","n/a","n/a"
"11 Feb 09","1","n/a","n/a"
"10 Feb 09","1","n/a","n/a"
"09 Feb 09","1","n/a","n/a"
"06 Feb 09","1","n/a","n/a"
"05 Feb 09","1","n/a","n/a"
"04 Feb 09","1.5","n/a","n/a"
"03 Feb 09","1.5","n/a","n/a"
"02 Feb 09","1.5","n/a","n/a"
"30 Jan 09","1.5","n/a","n/a"
"29 Jan 09","1.5","n/a","n/a"
"28 Jan 09","1.5","n/a","n/a"
"27 Jan 09","1.5","n/a","n/a"
"26 Jan 09","1.5","n/a","n/a"
"23 Jan 09","1.5","n/a","n/a"
"22 Jan 09","1.5","n/a","n/a"
"21 Jan 09","1.5","n/a","n/a"
"20 Jan 09","1.5","n/a","n/a"
"19 Jan 09","1.5","n/a","n/a"
"16 Jan 09","1.5","n/a","n/a"
"15 Jan 09","1.5","n/a","n/a"
"14 Jan 09","1.5","n/a","n/a"
"13 Jan 09","1.5","n/a","n/a"
"12 Jan 09","1.5","n/a","n/a"
"09 Jan 09","1.5","n/a","n/a"
"08 Jan 09","1.5","n/a","n/a"
"07 Jan 09","2","n/a","n/a"
"06 Jan 09","2","n/a","n/a"
"05 Jan 09","2","n/a","n/a"
"02 Jan 09","2","n/a","n/a"
"31 Dec 08","2","3.3672","2"
"30 Dec 08","2","n/a","n/a"
"29 Dec 08","2","n/a","n/a"
"24 Dec 08","2","n/a","n/a"
"23 Dec 08","2","n/a","n/a"
"22 Dec 08","2","n/a","n/a"
"19 Dec 08","2","n/a","n/a"
"18 Dec 08","2","n/a","n/a"
"17 Dec 08","2","n/a","n/a"
"16 Dec 08","2","n/a","n/a"
"15 Dec 08","2","n/a","n/a"
"12 Dec 08","2","n/a","n/a"
"11 Dec 08","2","n/a","n/a"
"10 Dec 08","2","n/a","n/a"
"09 Dec 08","2","n/a","n/a"
"08 Dec 08","2","n/a","n/a"
"05 Dec 08","2","n/a","n/a"
"04 Dec 08","2","n/a","n/a"
"03 Dec 08","3","n/a","n/a"
"02 Dec 08","3","n/a","n/a"
"01 Dec 08","3","n/a","n/a"
"28 Nov 08","3","n/a","n/a"
"27 Nov 08","3","n/a","n/a"
"26 Nov 08","3","n/a","n/a"
"25 Nov 08","3","n/a","n/a"
"24 Nov 08","3","n/a","n/a"
"21 Nov 08","3","n/a","n/a"
"20 Nov 08","3","n/a","n/a"
"19 Nov 08","3","n/a","n/a"
"18 Nov 08","3","n/a","n/a"
"17 Nov 08","3","n/a","n/a"
"14 Nov 08","3","n/a","n/a"
"13 Nov 08","3","n/a","n/a"
"12 Nov 08","3","n/a","n/a"
"11 Nov 08","3","n/a","n/a"
"10 Nov 08","3","n/a","n/a"
"07 Nov 08","3","n/a","n/a"
"06 Nov 08","3","n/a","n/a"
"05 Nov 08","4.5","n/a","n/a"
"04 Nov 08","4.5","n/a","n/a"
"03 Nov 08","4.5","n/a","n/a"
"31 Oct 08","4.5","n/a","n/a"
"30 Oct 08","4.5","n/a","n/a"
"29 Oct 08","4.5","n/a","n/a"
"28 Oct 08","4.5","n/a","n/a"
"27 Oct 08","4.5","n/a","n/a"
"24 Oct 08","4.5","n/a","n/a"
"23 Oct 08","4.5","n/a","n/a"
"22 Oct 08","4.5","n/a","n/a"
"21 Oct 08","4.5","n/a","n/a"
"20 Oct 08","4.5","n/a","n/a"
"17 Oct 08","4.5","n/a","n/a"
"16 Oct 08","4.5","n/a","n/a"
"15 Oct 08","4.5","n/a","n/a"
"14 Oct 08","4.5","n/a","n/a"
"13 Oct 08","4.5","n/a","n/a"
"10 Oct 08","4.5","n/a","n/a"
"09 Oct 08","4.5","n/a","n/a"
"08 Oct 08","4.5","n/a","n/a"
"07 Oct 08","5","n/a","n/a"
"06 Oct 08","5","n/a","n/a"
"03 Oct 08","5","n/a","n/a"
"02 Oct 08","5","n/a","n/a"
"01 Oct 08","5","n/a","n/a"
"30 Sep 08","5","5","5"
"29 Sep 08","5","n/a","n/a"
"26 Sep 08","5","n/a","n/a"
"25 Sep 08","5","n/a","n/a"
"24 Sep 08","5","n/a","n/a"
"23 Sep 08","5","n/a","n/a"
"22 Sep 08","5","n/a","n/a"
"19 Sep 08","5","n/a","n/a"
"18 Sep 08","5","n/a","n/a"
"17 Sep 08","5","n/a","n/a"
"16 Sep 08","5","n/a","n/a"
"15 Sep 08","5","n/a","n/a"
"12 Sep 08","5","n/a","n/a"
"11 Sep 08","5","n/a","n/a"
"10 Sep 08","5","n/a","n/a"
"09 Sep 08","5","n/a","n/a"
"08 Sep 08","5","n/a","n/a"
"05 Sep 08","5","n/a","n/a"
"04 Sep 08","5","n/a","n/a"
"03 Sep 08","5","n/a","n/a"
"02 Sep 08","5","n/a","n/a"
"01 Sep 08","5","n/a","n/a"
"29 Aug 08","5","n/a","n/a"
"28 Aug 08","5","n/a","n/a"
"27 Aug 08","5","n/a","n/a"
"26 Aug 08","5","n/a","n/a"
"22 Aug 08","5","n/a","n/a"
"21 Aug 08","5","n/a","n/a"
"20 Aug 08","5","n/a","n/a"
"19 Aug 08","5","n/a","n/a"
"18 Aug 08","5","n/a","n/a"
"15 Aug 08","5","n/a","n/a"
"14 Aug 08","5","n/a","n/a"
"13 Aug 08","5","n/a","n/a"
"12 Aug 08","5","n/a","n/a"
"11 Aug 08","5","n/a","n/a"
"08 Aug 08","5","n/a","n/a"
"07 Aug 08","5","n/a","n/a"
"06 Aug 08","5","n/a","n/a"
"05 Aug 08","5","n/a","n/a"
"04 Aug 08","5","n/a","n/a"
"01 Aug 08","5","n/a","n/a"
"31 Jul 08","5","n/a","n/a"
"30 Jul 08","5","n/a","n/a"
"29 Jul 08","5","n/a","n/a"
"28 Jul 08","5","n/a","n/a"
"25 Jul 08","5","n/a","n/a"
"24 Jul 08","5","n/a","n/a"
"23 Jul 08","5","n/a","n/a"
"22 Jul 08","5","n/a","n/a"
"21 Jul 08","5","n/a","n/a"
"18 Jul 08","5","n/a","n/a"
"17 Jul 08","5","n/a","n/a"
"16 Jul 08","5","n/a","n/a"
"15 Jul 08","5","n/a","n/a"
"14 Jul 08","5","n/a","n/a"
"11 Jul 08","5","n/a","n/a"
"10 Jul 08","5","n/a","n/a"
"09 Jul 08","5","n/a","n/a"
"08 Jul 08","5","n/a","n/a"
"07 Jul 08","5","n/a","n/a"
"04 Jul 08","5","n/a","n/a"
"03 Jul 08","5","n/a","n/a"
"02 Jul 08","5","n/a","n/a"
"01 Jul 08","5","n/a","n/a"
"30 Jun 08","5","5.0278","5"
"27 Jun 08","5","n/a","n/a"
"26 Jun 08","5","n/a","n/a"
"25 Jun 08","5","n/a","n/a"
"24 Jun 08","5","n/a","n/a"
"23 Jun 08","5","n/a","n/a"
"20 Jun 08","5","n/a","n/a"
"19 Jun 08","5","n/a","n/a"
"18 Jun 08","5","n/a","n/a"
"17 Jun 08","5","n/a","n/a"
"16 Jun 08","5","n/a","n/a"
"13 Jun 08","5","n/a","n/a"
"12 Jun 08","5","n/a","n/a"
"11 Jun 08","5","n/a","n/a"
"10 Jun 08","5","n/a","n/a"
"09 Jun 08","5","n/a","n/a"
"06 Jun 08","5","n/a","n/a"
"05 Jun 08","5","n/a","n/a"
"04 Jun 08","5","n/a","n/a"
"03 Jun 08","5","n/a","n/a"
"02 Jun 08","5","n/a","n/a"
"30 May 08","5","n/a","n/a"
"29 May 08","5","n/a","n/a"
"28 May 08","5","n/a","n/a"
"27 May 08","5","n/a","n/a"
"23 May 08","5","n/a","n/a"
"22 May 08","5","n/a","n/a"
"21 May 08","5","n/a","n/a"
"20 May 08","5","n/a","n/a"
"19 May 08","5","n/a","n/a"
"16 May 08","5","n/a","n/a"
"15 May 08","5","n/a","n/a"
"14 May 08","5","n/a","n/a"
"13 May 08","5","n/a","n/a"
"12 May 08","5","n/a","n/a"
"09 May 08","5","n/a","n/a"
"08 May 08","5","n/a","n/a"
"07 May 08","5","n/a","n/a"
"06 May 08","5","n/a","n/a"
"02 May 08","5","n/a","n/a"
"01 May 08","5","n/a","n/a"
"30 Apr 08","5","n/a","n/a"
"29 Apr 08","5","n/a","n/a"
"28 Apr 08","5","n/a","n/a"
"25 Apr 08","5","n/a","n/a"
"24 Apr 08","5","n/a","n/a"
"23 Apr 08","5","n/a","n/a"
"22 Apr 08","5","n/a","n/a"
"21 Apr 08","5","n/a","n/a"
"18 Apr 08","5","n/a","n/a"
"17 Apr 08","5","n/a","n/a"
"16 Apr 08","5","n/a","n/a"
"15 Apr 08","5","n/a","n/a"
"14 Apr 08","5","n/a","n/a"
"11 Apr 08","5","n/a","n/a"
"10 Apr 08","5","n/a","n/a"
"09 Apr 08","5.25","n/a","n/a"
"08 Apr 08","5.25","n/a","n/a"
"07 Apr 08","5.25","n/a","n/a"
"04 Apr 08","5.25","n/a","n/a"
"03 Apr 08","5.25","n/a","n/a"
"02 Apr 08","5.25","n/a","n/a"
"01 Apr 08","5.25","n/a","n/a"
"31 Mar 08","5.25","5.3548","5.25"
"28 Mar 08","5.25","n/a","n/a"
"27 Mar 08","5.25","n/a","n/a"
"26 Mar 08","5.25","n/a","n/a"
"25 Mar 08","5.25","n/a","n/a"
"20 Mar 08","5.25","n/a","n/a"
"19 Mar 08","5.25","n/a","n/a"
"18 Mar 08","5.25","n/a","n/a"
"17 Mar 08","5.25","n/a","n/a"
"14 Mar 08","5.25","n/a","n/a"
"13 Mar 08","5.25","n/a","n/a"
"12 Mar 08","5.25","n/a","n/a"
"11 Mar 08","5.25","n/a","n/a"
"10 Mar 08","5.25","n/a","n/a"
"07 Mar 08","5.25","n/a","n/a"
"06 Mar 08","5.25","n/a","n/a"
"05 Mar 08","5.25","n/a","n/a"
"04 Mar 08","5.25","n/a","n/a"
"03 Mar 08","5.25","n/a","n/a"
"29 Feb 08","5.25","n/a","n/a"
"28 Feb 08","5.25","n/a","n/a"
"27 Feb 08","5.25","n/a","n/a"
"26 Feb 08","5.25","n/a","n/a"
"25 Feb 08","5.25","n/a","n/a"
"22 Feb 08","5.25","n/a","n/a"
"21 Feb 08","5.25","n/a","n/a"
"20 Feb 08","5.25","n/a","n/a"
"19 Feb 08","5.25","n/a","n/a"
"18 Feb 08","5.25","n/a","n/a"
"15 Feb 08","5.25","n/a","n/a"
"14 Feb 08","5.25","n/a","n/a"
"13 Feb 08","5.25","n/a","n/a"
"12 Feb 08","5.25","n/a","n/a"
"11 Feb 08","5.25","n/a","n/a"
"08 Feb 08","5.25","n/a","n/a"
"07 Feb 08","5.25","n/a","n/a"
"06 Feb 08","5.5","n/a","n/a"
"05 Feb 08","5.5","n/a","n/a"
"04 Feb 08","5.5","n/a","n/a"
"01 Feb 08","5.5","n/a","n/a"
"31 Jan 08","5.5","n/a","n/a"
"30 Jan 08","5.5","n/a","n/a"
"29 Jan 08","5.5","n/a","n/a"
"28 Jan 08","5.5","n/a","n/a"
"25 Jan 08","5.5","n/a","n/a"
"24 Jan 08","5.5","n/a","n/a"
"23 Jan 08","5.5","n/a","n/a"
"22 Jan 08","5.5","n/a","n/a"
"21 Jan 08","5.5","n/a","n/a"
"18 Jan 08","5.5","n/a","n/a"
"17 Jan 08","5.5","n/a","n/a"
"16 Jan 08","5.5","n/a","n/a"
"15 Jan 08","5.5","n/a","n/a"
"14 Jan 08","5.5","n/a","n/a"
"11 Jan 08","5.5","n/a","n/a"
"10 Jan 08","5.5","n/a","n/a"
"09 Jan 08","5.5","n/a","n/a"
"08 Jan 08","5.5","n/a","n/a"
"07 Jan 08","5.5","n/a","n/a"
"04 Jan 08","5.5","n/a","n/a"
"03 Jan 08","5.5","n/a","n/a"
"02 Jan 08","5.5","n/a","n/a"
"31 Dec 07","5.5","5.6875","5.5"
"28 Dec 07","5.5","n/a","n/a"
"27 Dec 07","5.5","n/a","n/a"
"24 Dec 07","5.5","n/a","n/a"
"21 Dec 07","5.5","n/a","n/a"
"20 Dec 07","5.5","n/a","n/a"
"19 Dec 07","5.5","n/a","n/a"
"18 Dec 07","5.5","n/a","n/a"
"17 Dec 07","5.5","n/a","n/a"
"14 Dec 07","5.5","n/a","n/a"
"13 Dec 07","5.5","n/a","n/a"
"12 Dec 07","5.5","n/a","n/a"
"11 Dec 07","5.5","n/a","n/a"
"10 Dec 07","5.5","n/a","n/a"
"07 Dec 07","5.5","n/a","n/a"
"06 Dec 07","5.5","n/a","n/a"
"05 Dec 07","5.75","n/a","n/a"
"04 Dec 07","5.75","n/a","n/a"
"03 Dec 07","5.75","n/a","n/a"
"30 Nov 07","5.75","n/a","n/a"
"29 Nov 07","5.75","n/a","n/a"
"28 Nov 07","5.75","n/a","n/a"
"27 Nov 07","5.75","n/a","n/a"
"26 Nov 07","5.75","n/a","n/a"
"23 Nov 07","5.75","n/a","n/a"
"22 Nov 07","5.75","n/a","n/a"
"21 Nov 07","5.75","n/a","n/a"
"20 Nov 07","5.75","n/a","n/a"
"19 Nov 07","5.75","n/a","n/a"
"16 Nov 07","5.75","n/a","n/a"
"15 Nov 07","5.75","n/a","n/a"
"14 Nov 07","5.75","n/a","n/a"
"13 Nov 07","5.75","n/a","n/a"
"12 Nov 07","5.75","n/a","n/a"
"09 Nov 07","5.75","n/a","n/a"
"08 Nov 07","5.75","n/a","n/a"
"07 Nov 07","5.75","n/a","n/a"
"06 Nov 07","5.75","n/a","n/a"
"05 Nov 07","5.75","n/a","n/a"
"02 Nov 07","5.75","n/a","n/a"
"01 Nov 07","5.75","n/a","n/a"
"31 Oct 07","5.75","n/a","n/a"
"30 Oct 07","5.75","n/a","n/a"
"29 Oct 07","5.75","n/a","n/a"
"26 Oct 07","5.75","n/a","n/a"
"25 Oct 07","5.75","n/a","n/a"
"24 Oct 07","5.75","n/a","n/a"
"23 Oct 07","5.75","n/a","n/a"
"22 Oct 07","5.75","n/a","n/a"
"19 Oct 07","5.75","n/a","n/a"
"18 Oct 07","5.75","n/a","n/a"
"17 Oct 07","5.75","n/a","n/a"
"16 Oct 07","5.75","n/a","n/a"
"15 Oct 07","5.75","n/a","n/a"
"12 Oct 07","5.75","n/a","n/a"
"11 Oct 07","5.75","n/a","n/a"
"10 Oct 07","5.75","n/a","n/a"
"09 Oct 07","5.75","n/a","n/a"
"08 Oct 07","5.75","n/a","n/a"
"05 Oct 07","5.75","n/a","n/a"
"04 Oct 07","5.75","n/a","n/a"
"03 Oct 07","5.75","n/a","n/a"
"02 Oct 07","5.75","n/a","n/a"
"01 Oct 07","5.75","n/a","n/a"
"30 Sep 07","n/a","5.7383","5.75"
"28 Sep 07","5.75","n/a","n/a"
"27 Sep 07","5.75","n/a","n/a"
"26 Sep 07","5.75","n/a","n/a"
"25 Sep 07","5.75","n/a","n/a"
"24 Sep 07","5.75","n/a","n/a"
"21 Sep 07","5.75","n/a","n/a"
"20 Sep 07","5.75","n/a","n/a"
"19 Sep 07","5.75","n/a","n/a"
"18 Sep 07","5.75","n/a","n/a"
"17 Sep 07","5.75","n/a","n/a"
"14 Sep 07","5.75","n/a","n/a"
"13 Sep 07","5.75","n/a","n/a"
"12 Sep 07","5.75","n/a","n/a"
"11 Sep 07","5.75","n/a","n/a"
"10 Sep 07","5.75","n/a","n/a"
"07 Sep 07","5.75","n/a","n/a"
"06 Sep 07","5.75","n/a","n/a"
"05 Sep 07","5.75","n/a","n/a"
"04 Sep 07","5.75","n/a","n/a"
"03 Sep 07","5.75","n/a","n/a"
"31 Aug 07","5.75","n/a","n/a"
"30 Aug 07","5.75","n/a","n/a"
"29 Aug 07","5.75","n/a","n/a"
"28 Aug 07","5.75","n/a","n/a"
"24 Aug 07","5.75","n/a","n/a"
"23 Aug 07","5.75","n/a","n/a"
"22 Aug 07","5.75","n/a","n/a"
"21 Aug 07","5.75","n/a","n/a"
"20 Aug 07","5.75","n/a","n/a"
"17 Aug 07","5.75","n/a","n/a"
"16 Aug 07","5.75","n/a","n/a"
"15 Aug 07","5.75","n/a","n/a"
"14 Aug 07","5.75","n/a","n/a"
"13 Aug 07","5.75","n/a","n/a"
"10 Aug 07","5.75","n/a","n/a"
"09 Aug 07","5.75","n/a","n/a"
"08 Aug 07","5.75","n/a","n/a"
"07 Aug 07","5.75","n/a","n/a"
"06 Aug 07","5.75","n/a","n/a"
"03 Aug 07","5.75","n/a","n/a"
"02 Aug 07","5.75","n/a","n/a"
"01 Aug 07","5.75","n/a","n/a"
"31 Jul 07","5.75","n/a","n/a"
"30 Jul 07","5.75","n/a","n/a"
"27 Jul 07","5.75","n/a","n/a"
"26 Jul 07","5.75","n/a","n/a"
"25 Jul 07","5.75","n/a","n/a"
"24 Jul 07","5.75","n/a","n/a"
"23 Jul 07","5.75","n/a","n/a"
"20 Jul 07","5.75","n/a","n/a"
"19 Jul 07","5.75","n/a","n/a"
"18 Jul 07","5.75","n/a","n/a"
"17 Jul 07","5.75","n/a","n/a"
"16 Jul 07","5.75","n/a","n/a"
"13 Jul 07","5.75","n/a","n/a"
"12 Jul 07","5.75","n/a","n/a"
"11 Jul 07","5.75","n/a","n/a"
"10 Jul 07","5.75","n/a","n/a"
"09 Jul 07","5.75","n/a","n/a"
"06 Jul 07","5.75","n/a","n/a"
"05 Jul 07","5.75","n/a","n/a"
"04 Jul 07","5.5","n/a","n/a"
"03 Jul 07","5.5","n/a","n/a"
"02 Jul 07","5.5","n/a","n/a"
"30 Jun 07","n/a","5.3975","5.5"
"29 Jun 07","5.5","n/a","n/a"
"28 Jun 07","5.5","n/a","n/a"
"27 Jun 07","5.5","n/a","n/a"
"26 Jun 07","5.5","n/a","n/a"
"25 Jun 07","5.5","n/a","n/a"
"22 Jun 07","5.5","n/a","n/a"
"21 Jun 07","5.5","n/a","n/a"
"20 Jun 07","5.5","n/a","n/a"
"19 Jun 07","5.5","n/a","n/a"
"18 Jun 07","5.5","n/a","n/a"
"15 Jun 07","5.5","n/a","n/a"
"14 Jun 07","5.5","n/a","n/a"
"13 Jun 07","5.5","n/a","n/a"
"12 Jun 07","5.5","n/a","n/a"
"11 Jun 07","5.5","n/a","n/a"
"08 Jun 07","5.5","n/a","n/a"
"07 Jun 07","5.5","n/a","n/a"
"06 Jun 07","5.5","n/a","n/a"
"05 Jun 07","5.5","n/a","n/a"
"04 Jun 07","5.5","n/a","n/a"
"01 Jun 07","5.5","n/a","n/a"
"31 May 07","5.5","n/a","n/a"
"30 May 07","5.5","n/a","n/a"
"29 May 07","5.5","n/a","n/a"
"25 May 07","5.5","n/a","n/a"
"24 May 07","5.5","n/a","n/a"
"23 May 07","5.5","n/a","n/a"
"22 May 07","5.5","n/a","n/a"
"21 May 07","5.5","n/a","n/a"
"18 May 07","5.5","n/a","n/a"
"17 May 07","5.5","n/a","n/a"
"16 May 07","5.5","n/a","n/a"
"15 May 07","5.5","n/a","n/a"
"14 May 07","5.5","n/a","n/a"
"11 May 07","5.5","n/a","n/a"
"10 May 07","5.5","n/a","n/a"
"09 May 07","5.25","n/a","n/a"
"08 May 07","5.25","n/a","n/a"
"04 May 07","5.25","n/a","n/a"
"03 May 07","5.25","n/a","n/a"
"02 May 07","5.25","n/a","n/a"
"01 May 07","5.25","n/a","n/a"
"30 Apr 07","5.25","n/a","n/a"
"27 Apr 07","5.25","n/a","n/a"
"26 Apr 07","5.25","n/a","n/a"
"25 Apr 07","5.25","n/a","n/a"
"24 Apr 07","5.25","n/a","n/a"
"23 Apr 07","5.25","n/a","n/a"
"20 Apr 07","5.25","n/a","n/a"
"19 Apr 07","5.25","n/a","n/a"
"18 Apr 07","5.25","n/a","n/a"
"17 Apr 07","5.25","n/a","n/a"
"16 Apr 07","5.25","n/a","n/a"
"13 Apr 07","5.25","n/a","n/a"
"12 Apr 07","5.25","n/a","n/a"
"11 Apr 07","5.25","n/a","n/a"
"10 Apr 07","5.25","n/a","n/a"
"05 Apr 07","5.25","n/a","n/a"
"04 Apr 07","5.25","n/a","n/a"
"03 Apr 07","5.25","n/a","n/a"
"02 Apr 07","5.25","n/a","n/a"
"31 Mar 07","n/a","5.2227","5.25"
"30 Mar 07","5.25","n/a","n/a"
"29 Mar 07","5.25","n/a","n/a"
"28 Mar 07","5.25","n/a","n/a"
"27 Mar 07","5.25","n/a","n/a"
"26 Mar 07","5.25","n/a","n/a"
"23 Mar 07","5.25","n/a","n/a"
"22 Mar 07","5.25","n/a","n/a"
"21 Mar 07","5.25","n/a","n/a"
"20 Mar 07","5.25","n/a","n/a"
"19 Mar 07","5.25","n/a","n/a"
"16 Mar 07","5.25","n/a","n/a"
"15 Mar 07","5.25","n/a","n/a"
"14 Mar 07","5.25","n/a","n/a"
"13 Mar 07","5.25","n/a","n/a"
"12 Mar 07","5.25","n/a","n/a"
"09 Mar 07","5.25","n/a","n/a"
"08 Mar 07","5.25","n/a","n/a"
"07 Mar 07","5.25","n/a","n/a"
"06 Mar 07","5.25","n/a","n/a"
"05 Mar 07","5.25","n/a","n/a"
"02 Mar 07","5.25","n/a","n/a"
"01 Mar 07","5.25","n/a","n/a"
"28 Feb 07","5.25","n/a","n/a"
"27 Feb 07","5.25","n/a","n/a"
"26 Feb 07","5.25","n/a","n/a"
"23 Feb 07","5.25","n/a","n/a"
"22 Feb 07","5.25","n/a","n/a"
"21 Feb 07","5.25","n/a","n/a"
"20 Feb 07","5.25","n/a","n/a"
"19 Feb 07","5.25","n/a","n/a"
"16 Feb 07","5.25","n/a","n/a"
"15 Feb 07","5.25","n/a","n/a"
"14 Feb 07","5.25","n/a","n/a"
"13 Feb 07","5.25","n/a","n/a"
"12 Feb 07","5.25","n/a","n/a"
"09 Feb 07","5.25","n/a","n/a"
"08 Feb 07","5.25","n/a","n/a"
"07 Feb 07","5.25","n/a","n/a"
"06 Feb 07","5.25","n/a","n/a"
"05 Feb 07","5.25","n/a","n/a"
"02 Feb 07","5.25","n/a","n/a"
"01 Feb 07","5.25","n/a","n/a"
"31 Jan 07","5.25","n/a","n/a"
"30 Jan 07","5.25","n/a","n/a"
"29 Jan 07","5.25","n/a","n/a"
"26 Jan 07","5.25","n/a","n/a"
"25 Jan 07","5.25","n/a","n/a"
"24 Jan 07","5.25","n/a","n/a"
"23 Jan 07","5.25","n/a","n/a"
"22 Jan 07","5.25","n/a","n/a"
"19 Jan 07","5.25","n/a","n/a"
"18 Jan 07","5.25","n/a","n/a"
"17 Jan 07","5.25","n/a","n/a"
"16 Jan 07","5.25","n/a","n/a"
"15 Jan 07","5.25","n/a","n/a"
"12 Jan 07","5.25","n/a","n/a"
"11 Jan 07","5.25","n/a","n/a"
"10 Jan 07","5","n/a","n/a"
"09 Jan 07","5","n/a","n/a"
"08 Jan 07","5","n/a","n/a"
"05 Jan 07","5","n/a","n/a"
"04 Jan 07","5","n/a","n/a"
"03 Jan 07","5","n/a","n/a"
"02 Jan 07","5","n/a","n/a"
"31 Dec 06","n/a","4.8889","5"
"29 Dec 06","5","n/a","n/a"
"28 Dec 06","5","n/a","n/a"
"27 Dec 06","5","n/a","n/a"
"22 Dec 06","5","n/a","n/a"
"21 Dec 06","5","n/a","n/a"
"20 Dec 06","5","n/a","n/a"
"19 Dec 06","5","n/a","n/a"
"18 Dec 06","5","n/a","n/a"
"15 Dec 06","5","n/a","n/a"
"14 Dec 06","5","n/a","n/a"
"13 Dec 06","5","n/a","n/a"
"12 Dec 06","5","n/a","n/a"
"11 Dec 06","5","n/a","n/a"
"08 Dec 06","5","n/a","n/a"
"07 Dec 06","5","n/a","n/a"
"06 Dec 06","5","n/a","n/a"
"05 Dec 06","5","n/a","n/a"
"04 Dec 06","5","n/a","n/a"
"01 Dec 06","5","n/a","n/a"
"30 Nov 06","5","n/a","n/a"
"29 Nov 06","5","n/a","n/a"
"28 Nov 06","5","n/a","n/a"
"27 Nov 06","5","n/a","n/a"
"24 Nov 06","5","n/a","n/a"
"23 Nov 06","5","n/a","n/a"
"22 Nov 06","5","n/a","n/a"
"21 Nov 06","5","n/a","n/a"
"20 Nov 06","5","n/a","n/a"
"17 Nov 06","5","n/a","n/a"
"16 Nov 06","5","n/a","n/a"
"15 Nov 06","5","n/a","n/a"
"14 Nov 06","5","n/a","n/a"
"13 Nov 06","5","n/a","n/a"
"10 Nov 06","5","n/a","n/a"
"09 Nov 06","5","n/a","n/a"
"08 Nov 06","4.75","n/a","n/a"
"07 Nov 06","4.75","n/a","n/a"
"06 Nov 06","4.75","n/a","n/a"
"03 Nov 06","4.75","n/a","n/a"
"02 Nov 06","4.75","n/a","n/a"
"01 Nov 06","4.75","n/a","n/a"
"31 Oct 06","4.75","n/a","n/a"
"30 Oct 06","4.75","n/a","n/a"
"27 Oct 06","4.75","n/a","n/a"
"26 Oct 06","4.75","n/a","n/a"
"25 Oct 06","4.75","n/a","n/a"
"24 Oct 06","4.75","n/a","n/a"
"23 Oct 06","4.75","n/a","n/a"
"20 Oct 06","4.75","n/a","n/a"
"19 Oct 06","4.75","n/a","n/a"
"18 Oct 06","4.75","n/a","n/a"
"17 Oct 06","4.75","n/a","n/a"
"16 Oct 06","4.75","n/a","n/a"
"13 Oct 06","4.75","n/a","n/a"
"12 Oct 06","4.75","n/a","n/a"
"11 Oct 06","4.75","n/a","n/a"
"10 Oct 06","4.75","n/a","n/a"
"09 Oct 06","4.75","n/a","n/a"
"06 Oct 06","4.75","n/a","n/a"
"05 Oct 06","4.75","n/a","n/a"
"04 Oct 06","4.75","n/a","n/a"
"03 Oct 06","4.75","n/a","n/a"
"02 Oct 06","4.75","n/a","n/a"
"30 Sep 06","n/a","4.6602","4.75"
"29 Sep 06","4.75","n/a","n/a"
"28 Sep 06","4.75","n/a","n/a"
"27 Sep 06","4.75","n/a","n/a"
"26 Sep 06","4.75","n/a","n/a"
"25 Sep 06","4.75","n/a","n/a"
"22 Sep 06","4.75","n/a","n/a"
"21 Sep 06","4.75","n/a","n/a"
"20 Sep 06","4.75","n/a","n/a"
"19 Sep 06","4.75","n/a","n/a"
"18 Sep 06","4.75","n/a","n/a"
"15 Sep 06","4.75","n/a","n/a"
"14 Sep 06","4.75","n/a","n/a"
"13 Sep 06","4.75","n/a","n/a"
"12 Sep 06","4.75","n/a","n/a"
"11 Sep 06","4.75","n/a","n/a"
"08 Sep 06","4.75","n/a","n/a"
"07 Sep 06","4.75","n/a","n/a"
"06 Sep 06","4.75","n/a","n/a"
"05 Sep 06","4.75","n/a","n/a"
"04 Sep 06","4.75","n/a","n/a"
"01 Sep 06","4.75","n/a","n/a"
"31 Aug 06","4.75","n/a","n/a"
"30 Aug 06","4.75","n/a","n/a"
"29 Aug 06","4.75","n/a","n/a"
"25 Aug 06","4.75","n/a","n/a"
"24 Aug 06","4.75","n/a","n/a"
"23 Aug 06","4.75","n/a","n/a"
"22 Aug 06","4.75","n/a","n/a"
"21 Aug 06","4.75","n/a","n/a"
"18 Aug 06","4.75","n/a","n/a"
"17 Aug 06","4.75","n/a","n/a"
"16 Aug 06","4.75","n/a","n/a"
"15 Aug 06","4.75","n/a","n/a"
"14 Aug 06","4.75","n/a","n/a"
"11 Aug 06","4.75","n/a","n/a"
"10 Aug 06","4.75","n/a","n/a"
"09 Aug 06","4.75","n/a","n/a"
"08 Aug 06","4.75","n/a","n/a"
"07 Aug 06","4.75","n/a","n/a"
"04 Aug 06","4.75","n/a","n/a"
"03 Aug 06","4.75","n/a","n/a"
"02 Aug 06","4.5","n/a","n/a"
"01 Aug 06","4.5","n/a","n/a"
"31 Jul 06","4.5","n/a","n/a"
"28 Jul 06","4.5","n/a","n/a"
"27 Jul 06","4.5","n/a","n/a"
"26 Jul 06","4.5","n/a","n/a"
"25 Jul 06","4.5","n/a","n/a"
"24 Jul 06","4.5","n/a","n/a"
"21 Jul 06","4.5","n/a","n/a"
"20 Jul 06","4.5","n/a","n/a"
"19 Jul 06","4.5","n/a","n/a"
"18 Jul 06","4.5","n/a","n/a"
"17 Jul 06","4.5","n/a","n/a"
"14 Jul 06","4.5","n/a","n/a"
"13 Jul 06","4.5","n/a","n/a"
"12 Jul 06","4.5","n/a","n/a"
"11 Jul 06","4.5","n/a","n/a"
"10 Jul 06","4.5","n/a","n/a"
"07 Jul 06","4.5","n/a","n/a"
"06 Jul 06","4.5","n/a","n/a"
"05 Jul 06","4.5","n/a","n/a"
"04 Jul 06","4.5","n/a","n/a"
"03 Jul 06","4.5","n/a","n/a"
"30 Jun 06","4.5","4.5","4.5"
"29 Jun 06","4.5","n/a","n/a"
"28 Jun 06","4.5","n/a","n/a"
"27 Jun 06","4.5","n/a","n/a"
"26 Jun 06","4.5","n/a","n/a"
"23 Jun 06","4.5","n/a","n/a"
"22 Jun 06","4.5","n/a","n/a"
"21 Jun 06","4.5","n/a","n/a"
"20 Jun 06","4.5","n/a","n/a"
"19 Jun 06","4.5","n/a","n/a"
"16 Jun 06","4.5","n/a","n/a"
"15 Jun 06","4.5","n/a","n/a"
"14 Jun 06","4.5","n/a","n/a"
"13 Jun 06","4.5","n/a","n/a"
"12 Jun 06","4.5","n/a","n/a"
"09 Jun 06","4.5","n/a","n/a"
"08 Jun 06","4.5","n/a","n/a"
"07 Jun 06","4.5","n/a","n/a"
"06 Jun 06","4.5","n/a","n/a"
"05 Jun 06","4.5","n/a","n/a"
"02 Jun 06","4.5","n/a","n/a"
"01 Jun 06","4.5","n/a","n/a"
"31 May 06","4.5","n/a","n/a"
"30 May 06","4.5","n/a","n/a"
"26 May 06","4.5","n/a","n/a"
"25 May 06","4.5","n/a","n/a"
"24 May 06","4.5","n/a","n/a"
"23 May 06","4.5","n/a","n/a"
"22 May 06","4.5","n/a","n/a"
"19 May 06","4.5","n/a","n/a"
"18 May 06","4.5","n/a","n/a"
"17 May 06","4.5","n/a","n/a"
"16 May 06","4.5","n/a","n/a"
"15 May 06","4.5","n/a","n/a"
"12 May 06","4.5","n/a","n/a"
"11 May 06","4.5","n/a","n/a"
"10 May 06","4.5","n/a","n/a"
"09 May 06","4.5","n/a","n/a"
"08 May 06","4.5","n/a","n/a"
"05 May 06","4.5","n/a","n/a"
"04 May 06","4.5","n/a","n/a"
"03 May 06","4.5","n/a","n/a"
"02 May 06","4.5","n/a","n/a"
"28 Apr 06","4.5","n/a","n/a"
"27 Apr 06","4.5","n/a","n/a"
"26 Apr 06","4.5","n/a","n/a"
"25 Apr 06","4.5","n/a","n/a"
"24 Apr 06","4.5","n/a","n/a"
"21 Apr 06","4.5","n/a","n/a"
"20 Apr 06","4.5","n/a","n/a"
"19 Apr 06","4.5","n/a","n/a"
"18 Apr 06","4.5","n/a","n/a"
"13 Apr 06","4.5","n/a","n/a"
"12 Apr 06","4.5","n/a","n/a"
"11 Apr 06","4.5","n/a","n/a"
"10 Apr 06","4.5","n/a","n/a"
"07 Apr 06","4.5","n/a","n/a"
"06 Apr 06","4.5","n/a","n/a"
"05 Apr 06","4.5","n/a","n/a"
"04 Apr 06","4.5","n/a","n/a"
"03 Apr 06","4.5","n/a","n/a"
"31 Mar 06","4.5","4.5","4.5"
"30 Mar 06","4.5","n/a","n/a"
"29 Mar 06","4.5","n/a","n/a"
"28 Mar 06","4.5","n/a","n/a"
"27 Mar 06","4.5","n/a","n/a"
"24 Mar 06","4.5","n/a","n/a"
"23 Mar 06","4.5","n/a","n/a"
"22 Mar 06","4.5","n/a","n/a"
"21 Mar 06","4.5","n/a","n/a"
"20 Mar 06","4.5","n/a","n/a"
"17 Mar 06","4.5","n/a","n/a"
"16 Mar 06","4.5","n/a","n/a"
"15 Mar 06","4.5","n/a","n/a"
"14 Mar 06","4.5","n/a","n/a"
"13 Mar 06","4.5","n/a","n/a"
"10 Mar 06","4.5","n/a","n/a"
"09 Mar 06","4.5","n/a","n/a"
"08 Mar 06","4.5","n/a","n/a"
"07 Mar 06","4.5","n/a","n/a"
"06 Mar 06","4.5","n/a","n/a"
"03 Mar 06","4.5","n/a","n/a"
"02 Mar 06","4.5","n/a","n/a"
"01 Mar 06","4.5","n/a","n/a"
"28 Feb 06","4.5","n/a","n/a"
"27 Feb 06","4.5","n/a","n/a"
"24 Feb 06","4.5","n/a","n/a"
"23 Feb 06","4.5","n/a","n/a"
"22 Feb 06","4.5","n/a","n/a"
"21 Feb 06","4.5","n/a","n/a"
"20 Feb 06","4.5","n/a","n/a"
"17 Feb 06","4.5","n/a","n/a"
"16 Feb 06","4.5","n/a","n/a"
"15 Feb 06","4.5","n/a","n/a"
"14 Feb 06","4.5","n/a","n/a"
"13 Feb 06","4.5","n/a","n/a"
"10 Feb 06","4.5","n/a","n/a"
"09 Feb 06","4.5","n/a","n/a"
"08 Feb 06","4.5","n/a","n/a"
"07 Feb 06","4.5","n/a","n/a"
"06 Feb 06","4.5","n/a","n/a"
"03 Feb 06","4.5","n/a","n/a"
"02 Feb 06","4.5","n/a","n/a"
"01 Feb 06","4.5","n/a","n/a"
"31 Jan 06","4.5","n/a","n/a"
"30 Jan 06","4.5","n/a","n/a"
"27 Jan 06","4.5","n/a","n/a"
"26 Jan 06","4.5","n/a","n/a"
"25 Jan 06","4.5","n/a","n/a"
"24 Jan 06","4.5","n/a","n/a"
"23 Jan 06","4.5","n/a","n/a"
"20 Jan 06","4.5","n/a","n/a"
"19 Jan 06","4.5","n/a","n/a"
"18 Jan 06","4.5","n/a","n/a"
"17 Jan 06","4.5","n/a","n/a"
"16 Jan 06","4.5","n/a","n/a"
"13 Jan 06","4.5","n/a","n/a"
"12 Jan 06","4.5","n/a","n/a"
"11 Jan 06","4.5","n/a","n/a"
"10 Jan 06","4.5","n/a","n/a"
"09 Jan 06","4.5","n/a","n/a"
"06 Jan 06","4.5","n/a","n/a"
"05 Jan 06","4.5","n/a","n/a"
"04 Jan 06","4.5","n/a","n/a"
"03 Jan 06","4.5","n/a","n/a"
"31 Dec 05","n/a","4.5","4.5"
"30 Dec 05","4.5","n/a","n/a"
"29 Dec 05","4.5","n/a","n/a"
"28 Dec 05","4.5","n/a","n/a"
"23 Dec 05","4.5","n/a","n/a"
"22 Dec 05","4.5","n/a","n/a"
"21 Dec 05","4.5","n/a","n/a"
"20 Dec 05","4.5","n/a","n/a"
"19 Dec 05","4.5","n/a","n/a"
"16 Dec 05","4.5","n/a","n/a"
"15 Dec 05","4.5","n/a","n/a"
"14 Dec 05","4.5","n/a","n/a"
"13 Dec 05","4.5","n/a","n/a"
"12 Dec 05","4.5","n/a","n/a"
"09 Dec 05","4.5","n/a","n/a"
"08 Dec 05","4.5","n/a","n/a"
"07 Dec 05","4.5","n/a","n/a"
"06 Dec 05","4.5","n/a","n/a"
"05 Dec 05","4.5","n/a","n/a"
"02 Dec 05","4.5","n/a","n/a"
"01 Dec 05","4.5","n/a","n/a"
"30 Nov 05","4.5","n/a","n/a"
"29 Nov 05","4.5","n/a","n/a"
"28 Nov 05","4.5","n/a","n/a"
"25 Nov 05","4.5","n/a","n/a"
"24 Nov 05","4.5","n/a","n/a"
"23 Nov 05","4.5","n/a","n/a"
"22 Nov 05","4.5","n/a","n/a"
"21 Nov 05","4.5","n/a","n/a"
"18 Nov 05","4.5","n/a","n/a"
"17 Nov 05","4.5","n/a","n/a"
"16 Nov 05","4.5","n/a","n/a"
"15 Nov 05","4.5","n/a","n/a"
"14 Nov 05","4.5","n/a","n/a"
"11 Nov 05","4.5","n/a","n/a"
"10 Nov 05","4.5","n/a","n/a"
"09 Nov 05","4.5","n/a","n/a"
"08 Nov 05","4.5","n/a","n/a"
"07 Nov 05","4.5","n/a","n/a"
"04 Nov 05","4.5","n/a","n/a"
"03 Nov 05","4.5","n/a","n/a"
"02 Nov 05","4.5","n/a","n/a"
"01 Nov 05","4.5","n/a","n/a"
"31 Oct 05","4.5","n/a","n/a"
"28 Oct 05","4.5","n/a","n/a"
"27 Oct 05","4.5","n/a","n/a"
"26 Oct 05","4.5","n/a","n/a"
"25 Oct 05","4.5","n/a","n/a"
"24 Oct 05","4.5","n/a","n/a"
"21 Oct 05","4.5","n/a","n/a"
"20 Oct 05","4.5","n/a","n/a"
"19 Oct 05","4.5","n/a","n/a"
"18 Oct 05","4.5","n/a","n/a"
"17 Oct 05","4.5","n/a","n/a"
"14 Oct 05","4.5","n/a","n/a"
"13 Oct 05","4.5","n/a","n/a"
"12 Oct 05","4.5","n/a","n/a"
"11 Oct 05","4.5","n/a","n/a"
"10 Oct 05","4.5","n/a","n/a"
"07 Oct 05","4.5","n/a","n/a"
"06 Oct 05","4.5","n/a","n/a"
"05 Oct 05","4.5","n/a","n/a"
"04 Oct 05","4.5","n/a","n/a"
"03 Oct 05","4.5","n/a","n/a"
"30 Sep 05","4.5","4.5923","4.5"
"29 Sep 05","4.5","n/a","n/a"
"28 Sep 05","4.5","n/a","n/a"
"27 Sep 05","4.5","n/a","n/a"
"26 Sep 05","4.5","n/a","n/a"
"23 Sep 05","4.5","n/a","n/a"
"22 Sep 05","4.5","n/a","n/a"
"21 Sep 05","4.5","n/a","n/a"
"20 Sep 05","4.5","n/a","n/a"
"19 Sep 05","4.5","n/a","n/a"
"16 Sep 05","4.5","n/a","n/a"
"15 Sep 05","4.5","n/a","n/a"
"14 Sep 05","4.5","n/a","n/a"
"13 Sep 05","4.5","n/a","n/a"
"12 Sep 05","4.5","n/a","n/a"
"09 Sep 05","4.5","n/a","n/a"
"08 Sep 05","4.5","n/a","n/a"
"07 Sep 05","4.5","n/a","n/a"
"06 Sep 05","4.5","n/a","n/a"
"05 Sep 05","4.5","n/a","n/a"
"02 Sep 05","4.5","n/a","n/a"
"01 Sep 05","4.5","n/a","n/a"
"31 Aug 05","4.5","n/a","n/a"
"30 Aug 05","4.5","n/a","n/a"
"26 Aug 05","4.5","n/a","n/a"
"25 Aug 05","4.5","n/a","n/a"
"24 Aug 05","4.5","n/a","n/a"
"23 Aug 05","4.5","n/a","n/a"
"22 Aug 05","4.5","n/a","n/a"
"19 Aug 05","4.5","n/a","n/a"
"18 Aug 05","4.5","n/a","n/a"
"17 Aug 05","4.5","n/a","n/a"
"16 Aug 05","4.5","n/a","n/a"
"15 Aug 05","4.5","n/a","n/a"
"12 Aug 05","4.5","n/a","n/a"
"11 Aug 05","4.5","n/a","n/a"
"10 Aug 05","4.5","n/a","n/a"
"09 Aug 05","4.5","n/a","n/a"
"08 Aug 05","4.5","n/a","n/a"
"05 Aug 05","4.5","n/a","n/a"
"04 Aug 05","4.5","n/a","n/a"
"03 Aug 05","4.75","n/a","n/a"
"02 Aug 05","4.75","n/a","n/a"
"01 Aug 05","4.75","n/a","n/a"
"29 Jul 05","4.75","n/a","n/a"
"28 Jul 05","4.75","n/a","n/a"
"27 Jul 05","4.75","n/a","n/a"
"26 Jul 05","4.75","n/a","n/a"
"25 Jul 05","4.75","n/a","n/a"
"22 Jul 05","4.75","n/a","n/a"
"21 Jul 05","4.75","n/a","n/a"
"20 Jul 05","4.75","n/a","n/a"
"19 Jul 05","4.75","n/a","n/a"
"18 Jul 05","4.75","n/a","n/a"
"15 Jul 05","4.75","n/a","n/a"
"14 Jul 05","4.75","n/a","n/a"
"13 Jul 05","4.75","n/a","n/a"
"12 Jul 05","4.75","n/a","n/a"
"11 Jul 05","4.75","n/a","n/a"
"08 Jul 05","4.75","n/a","n/a"
"07 Jul 05","4.75","n/a","n/a"
"06 Jul 05","4.75","n/a","n/a"
"05 Jul 05","4.75","n/a","n/a"
"04 Jul 05","4.75","n/a","n/a"
"01 Jul 05","4.75","n/a","n/a"
"30 Jun 05","4.75","4.75","4.75"
"29 Jun 05","4.75","n/a","n/a"
"28 Jun 05","4.75","n/a","n/a"
"27 Jun 05","4.75","n/a","n/a"
"24 Jun 05","4.75","n/a","n/a"
"23 Jun 05","4.75","n/a","n/a"
"22 Jun 05","4.75","n/a","n/a"
"21 Jun 05","4.75","n/a","n/a"
"20 Jun 05","4.75","n/a","n/a"
"17 Jun 05","4.75","n/a","n/a"
"16 Jun 05","4.75","n/a","n/a"
"15 Jun 05","4.75","n/a","n/a"
"14 Jun 05","4.75","n/a","n/a"
"13 Jun 05","4.75","n/a","n/a"
"10 Jun 05","4.75","n/a","n/a"
"09 Jun 05","4.75","n/a","n/a"
"08 Jun 05","4.75","n/a","n/a"
"07 Jun 05","4.75","n/a","n/a"
"06 Jun 05","4.75","n/a","n/a"
"03 Jun 05","4.75","n/a","n/a"
"02 Jun 05","4.75","n/a","n/a"
"01 Jun 05","4.75","n/a","n/a"
"31 May 05","4.75","n/a","n/a"
"27 May 05","4.75","n/a","n/a"
"26 May 05","4.75","n/a","n/a"
"25 May 05","4.75","n/a","n/a"
"24 May 05","4.75","n/a","n/a"
"23 May 05","4.75","n/a","n/a"
"20 May 05","4.75","n/a","n/a"
"19 May 05","4.75","n/a","n/a"
"18 May 05","4.75","n/a","n/a"
"17 May 05","4.75","n/a","n/a"
"16 May 05","4.75","n/a","n/a"
"13 May 05","4.75","n/a","n/a"
"12 May 05","4.75","n/a","n/a"
"11 May 05","4.75","n/a","n/a"
"10 May 05","4.75","n/a","n/a"
"09 May 05","4.75","n/a","n/a"
"06 May 05","4.75","n/a","n/a"
"05 May 05","4.75","n/a","n/a"
"04 May 05","4.75","n/a","n/a"
"03 May 05","4.75","n/a","n/a"
"29 Apr 05","4.75","n/a","n/a"
"28 Apr 05","4.75","n/a","n/a"
"27 Apr 05","4.75","n/a","n/a"
"26 Apr 05","4.75","n/a","n/a"
"25 Apr 05","4.75","n/a","n/a"
"22 Apr 05","4.75","n/a","n/a"
"21 Apr 05","4.75","n/a","n/a"
"20 Apr 05","4.75","n/a","n/a"
"19 Apr 05","4.75","n/a","n/a"
"18 Apr 05","4.75","n/a","n/a"
"15 Apr 05","4.75","n/a","n/a"
"14 Apr 05","4.75","n/a","n/a"
"13 Apr 05","4.75","n/a","n/a"
"12 Apr 05","4.75","n/a","n/a"
"11 Apr 05","4.75","n/a","n/a"
"08 Apr 05","4.75","n/a","n/a"
"07 Apr 05","4.75","n/a","n/a"
"06 Apr 05","4.75","n/a","n/a"
"05 Apr 05","4.75","n/a","n/a"
"04 Apr 05","4.75","n/a","n/a"
"01 Apr 05","4.75","n/a","n/a"
"31 Mar 05","4.75","4.75","4.75"
"30 Mar 05","4.75","n/a","n/a"
"29 Mar 05","4.75","n/a","n/a"
"24 Mar 05","4.75","n/a","n/a"
"23 Mar 05","4.75","n/a","n/a"
"22 Mar 05","4.75","n/a","n/a"
"21 Mar 05","4.75","n/a","n/a"
"18 Mar 05","4.75","n/a","n/a"
"17 Mar 05","4.75","n/a","n/a"
"16 Mar 05","4.75","n/a","n/a"
"15 Mar 05","4.75","n/a","n/a"
"14 Mar 05","4.75","n/a","n/a"
"11 Mar 05","4.75","n/a","n/a"
"10 Mar 05","4.75","n/a","n/a"
"09 Mar 05","4.75","n/a","n/a"
"08 Mar 05","4.75","n/a","n/a"
"07 Mar 05","4.75","n/a","n/a"
"04 Mar 05","4.75","n/a","n/a"
"03 Mar 05","4.75","n/a","n/a"
"02 Mar 05","4.75","n/a","n/a"
"01 Mar 05","4.75","n/a","n/a"
"28 Feb 05","4.75","n/a","n/a"
"25 Feb 05","4.75","n/a","n/a"
"24 Feb 05","4.75","n/a","n/a"
"23 Feb 05","4.75","n/a","n/a"
"22 Feb 05","4.75","n/a","n/a"
"21 Feb 05","4.75","n/a","n/a"
"18 Feb 05","4.75","n/a","n/a"
"17 Feb 05","4.75","n/a","n/a"
"16 Feb 05","4.75","n/a","n/a"
"15 Feb 05","4.75","n/a","n/a"
"14 Feb 05","4.75","n/a","n/a"
"11 Feb 05","4.75","n/a","n/a"
"10 Feb 05","4.75","n/a","n/a"
"09 Feb 05","4.75","n/a","n/a"
"08 Feb 05","4.75","n/a","n/a"
"07 Feb 05","4.75","n/a","n/a"
"04 Feb 05","4.75","n/a","n/a"
"03 Feb 05","4.75","n/a","n/a"
"02 Feb 05","4.75","n/a","n/a"
"01 Feb 05","4.75","n/a","n/a"
"31 Jan 05","4.75","n/a","n/a"
"28 Jan 05","4.75","n/a","n/a"
"27 Jan 05","4.75","n/a","n/a"
"26 Jan 05","4.75","n/a","n/a"
"25 Jan 05","4.75","n/a","n/a"
"24 Jan 05","4.75","n/a","n/a"
"21 Jan 05","4.75","n/a","n/a"
"20 Jan 05","4.75","n/a","n/a"
"19 Jan 05","4.75","n/a","n/a"
"18 Jan 05","4.75","n/a","n/a"
"17 Jan 05","4.75","n/a","n/a"
"14 Jan 05","4.75","n/a","n/a"
"13 Jan 05","4.75","n/a","n/a"
"12 Jan 05","4.75","n/a","n/a"
"11 Jan 05","4.75","n/a","n/a"
"10 Jan 05","4.75","n/a","n/a"
"07 Jan 05","4.75","n/a","n/a"
"06 Jan 05","4.75","n/a","n/a"
"05 Jan 05","4.75","n/a","n/a"
"04 Jan 05","4.75","n/a","n/a"
"31 Dec 04","4.75","4.75","4.75"
"30 Dec 04","4.75","n/a","n/a"
"29 Dec 04","4.75","n/a","n/a"
"24 Dec 04","4.75","n/a","n/a"
"23 Dec 04","4.75","n/a","n/a"
"22 Dec 04","4.75","n/a","n/a"
"21 Dec 04","4.75","n/a","n/a"
"20 Dec 04","4.75","n/a","n/a"
"17 Dec 04","4.75","n/a","n/a"
"16 Dec 04","4.75","n/a","n/a"
"15 Dec 04","4.75","n/a","n/a"
"14 Dec 04","4.75","n/a","n/a"
"13 Dec 04","4.75","n/a","n/a"
"10 Dec 04","4.75","n/a","n/a"
"09 Dec 04","4.75","n/a","n/a"
"08 Dec 04","4.75","n/a","n/a"
"07 Dec 04","4.75","n/a","n/a"
"06 Dec 04","4.75","n/a","n/a"
"03 Dec 04","4.75","n/a","n/a"
"02 Dec 04","4.75","n/a","n/a"
"01 Dec 04","4.75","n/a","n/a"
"30 Nov 04","4.75","n/a","n/a"
"29 Nov 04","4.75","n/a","n/a"
"26 Nov 04","4.75","n/a","n/a"
"25 Nov 04","4.75","n/a","n/a"
"24 Nov 04","4.75","n/a","n/a"
"23 Nov 04","4.75","n/a","n/a"
"22 Nov 04","4.75","n/a","n/a"
"19 Nov 04","4.75","n/a","n/a"
"18 Nov 04","4.75","n/a","n/a"
"17 Nov 04","4.75","n/a","n/a"
"16 Nov 04","4.75","n/a","n/a"
"15 Nov 04","4.75","n/a","n/a"
"12 Nov 04","4.75","n/a","n/a"
"11 Nov 04","4.75","n/a","n/a"
"10 Nov 04","4.75","n/a","n/a"
"09 Nov 04","4.75","n/a","n/a"
"08 Nov 04","4.75","n/a","n/a"
"05 Nov 04","4.75","n/a","n/a"
"04 Nov 04","4.75","n/a","n/a"
"03 Nov 04","4.75","n/a","n/a"
"02 Nov 04","4.75","n/a","n/a"
"01 Nov 04","4.75","n/a","n/a"
"29 Oct 04","4.75","n/a","n/a"
"28 Oct 04","4.75","n/a","n/a"
"27 Oct 04","4.75","n/a","n/a"
"26 Oct 04","4.75","n/a","n/a"
"25 Oct 04","4.75","n/a","n/a"
"22 Oct 04","4.75","n/a","n/a"
"21 Oct 04","4.75","n/a","n/a"
"20 Oct 04","4.75","n/a","n/a"
"19 Oct 04","4.75","n/a","n/a"
"18 Oct 04","4.75","n/a","n/a"
"15 Oct 04","4.75","n/a","n/a"
"14 Oct 04","4.75","n/a","n/a"
"13 Oct 04","4.75","n/a","n/a"
"12 Oct 04","4.75","n/a","n/a"
"11 Oct 04","4.75","n/a","n/a"
"08 Oct 04","4.75","n/a","n/a"
"07 Oct 04","4.75","n/a","n/a"
"06 Oct 04","4.75","n/a","n/a"
"05 Oct 04","4.75","n/a","n/a"
"04 Oct 04","4.75","n/a","n/a"
"01 Oct 04","4.75","n/a","n/a"
"30 Sep 04","4.75","4.6538","4.75"
"29 Sep 04","4.75","n/a","n/a"
"28 Sep 04","4.75","n/a","n/a"
"27 Sep 04","4.75","n/a","n/a"
"24 Sep 04","4.75","n/a","n/a"
"23 Sep 04","4.75","n/a","n/a"
"22 Sep 04","4.75","n/a","n/a"
"21 Sep 04","4.75","n/a","n/a"
"20 Sep 04","4.75","n/a","n/a"
"17 Sep 04","4.75","n/a","n/a"
"16 Sep 04","4.75","n/a","n/a"
"15 Sep 04","4.75","n/a","n/a"
"14 Sep 04","4.75","n/a","n/a"
"13 Sep 04","4.75","n/a","n/a"
"10 Sep 04","4.75","n/a","n/a"
"09 Sep 04","4.75","n/a","n/a"
"08 Sep 04","4.75","n/a","n/a"
"07 Sep 04","4.75","n/a","n/a"
"06 Sep 04","4.75","n/a","n/a"
"03 Sep 04","4.75","n/a","n/a"
"02 Sep 04","4.75","n/a","n/a"
"01 Sep 04","4.75","n/a","n/a"
"31 Aug 04","4.75","n/a","n/a"
"27 Aug 04","4.75","n/a","n/a"
"26 Aug 04","4.75","n/a","n/a"
"25 Aug 04","4.75","n/a","n/a"
"24 Aug 04","4.75","n/a","n/a"
"23 Aug 04","4.75","n/a","n/a"
"20 Aug 04","4.75","n/a","n/a"
"19 Aug 04","4.75","n/a","n/a"
"18 Aug 04","4.75","n/a","n/a"
"17 Aug 04","4.75","n/a","n/a"
"16 Aug 04","4.75","n/a","n/a"
"13 Aug 04","4.75","n/a","n/a"
"12 Aug 04","4.75","n/a","n/a"
"11 Aug 04","4.75","n/a","n/a"
"10 Aug 04","4.75","n/a","n/a"
"09 Aug 04","4.75","n/a","n/a"
"06 Aug 04","4.75","n/a","n/a"
"05 Aug 04","4.75","n/a","n/a"
"04 Aug 04","4.5","n/a","n/a"
"03 Aug 04","4.5","n/a","n/a"
"02 Aug 04","4.5","n/a","n/a"
"30 Jul 04","4.5","n/a","n/a"
"29 Jul 04","4.5","n/a","n/a"
"28 Jul 04","4.5","n/a","n/a"
"27 Jul 04","4.5","n/a","n/a"
"26 Jul 04","4.5","n/a","n/a"
"23 Jul 04","4.5","n/a","n/a"
"22 Jul 04","4.5","n/a","n/a"
"21 Jul 04","4.5","n/a","n/a"
"20 Jul 04","4.5","n/a","n/a"
"19 Jul 04","4.5","n/a","n/a"
"16 Jul 04","4.5","n/a","n/a"
"15 Jul 04","4.5","n/a","n/a"
"14 Jul 04","4.5","n/a","n/a"
"13 Jul 04","4.5","n/a","n/a"
"12 Jul 04","4.5","n/a","n/a"
"09 Jul 04","4.5","n/a","n/a"
"08 Jul 04","4.5","n/a","n/a"
"07 Jul 04","4.5","n/a","n/a"
"06 Jul 04","4.5","n/a","n/a"
"05 Jul 04","4.5","n/a","n/a"
"02 Jul 04","4.5","n/a","n/a"
"01 Jul 04","4.5","n/a","n/a"
"30 Jun 04","4.5","4.2213","4.5"
"29 Jun 04","4.5","n/a","n/a"
"28 Jun 04","4.5","n/a","n/a"
"25 Jun 04","4.5","n/a","n/a"
"24 Jun 04","4.5","n/a","n/a"
"23 Jun 04","4.5","n/a","n/a"
"22 Jun 04","4.5","n/a","n/a"
"21 Jun 04","4.5","n/a","n/a"
"18 Jun 04","4.5","n/a","n/a"
"17 Jun 04","4.5","n/a","n/a"
"16 Jun 04","4.5","n/a","n/a"
"15 Jun 04","4.5","n/a","n/a"
"14 Jun 04","4.5","n/a","n/a"
"11 Jun 04","4.5","n/a","n/a"
"10 Jun 04","4.5","n/a","n/a"
"09 Jun 04","4.25","n/a","n/a"
"08 Jun 04","4.25","n/a","n/a"
"07 Jun 04","4.25","n/a","n/a"
"04 Jun 04","4.25","n/a","n/a"
"03 Jun 04","4.25","n/a","n/a"
"02 Jun 04","4.25","n/a","n/a"
"01 Jun 04","4.25","n/a","n/a"
"28 May 04","4.25","n/a","n/a"
"27 May 04","4.25","n/a","n/a"
"26 May 04","4.25","n/a","n/a"
"25 May 04","4.25","n/a","n/a"
"24 May 04","4.25","n/a","n/a"
"21 May 04","4.25","n/a","n/a"
"20 May 04","4.25","n/a","n/a"
"19 May 04","4.25","n/a","n/a"
"18 May 04","4.25","n/a","n/a"
"17 May 04","4.25","n/a","n/a"
"14 May 04","4.25","n/a","n/a"
"13 May 04","4.25","n/a","n/a"
"12 May 04","4.25","n/a","n/a"
"11 May 04","4.25","n/a","n/a"
"10 May 04","4.25","n/a","n/a"
"07 May 04","4.25","n/a","n/a"
"06 May 04","4.25","n/a","n/a"
"05 May 04","4","n/a","n/a"
"04 May 04","4","n/a","n/a"
"30 Apr 04","4","n/a","n/a"
"29 Apr 04","4","n/a","n/a"
"28 Apr 04","4","n/a","n/a"
"27 Apr 04","4","n/a","n/a"
"26 Apr 04","4","n/a","n/a"
"23 Apr 04","4","n/a","n/a"
"22 Apr 04","4","n/a","n/a"
"21 Apr 04","4","n/a","n/a"
"20 Apr 04","4","n/a","n/a"
"19 Apr 04","4","n/a","n/a"
"16 Apr 04","4","n/a","n/a"
"15 Apr 04","4","n/a","n/a"
"14 Apr 04","4","n/a","n/a"
"13 Apr 04","4","n/a","n/a"
"08 Apr 04","4","n/a","n/a"
"07 Apr 04","4","n/a","n/a"
"06 Apr 04","4","n/a","n/a"
"05 Apr 04","4","n/a","n/a"
"02 Apr 04","4","n/a","n/a"
"01 Apr 04","4","n/a","n/a"
"31 Mar 04","4","3.9063","4"
"30 Mar 04","4","n/a","n/a"
"29 Mar 04","4","n/a","n/a"
"26 Mar 04","4","n/a","n/a"
"25 Mar 04","4","n/a","n/a"
"24 Mar 04","4","n/a","n/a"
"23 Mar 04","4","n/a","n/a"
"22 Mar 04","4","n/a","n/a"
"19 Mar 04","4","n/a","n/a"
"18 Mar 04","4","n/a","n/a"
"17 Mar 04","4","n/a","n/a"
"16 Mar 04","4","n/a","n/a"
"15 Mar 04","4","n/a","n/a"
"12 Mar 04","4","n/a","n/a"
"11 Mar 04","4","n/a","n/a"
"10 Mar 04","4","n/a","n/a"
"09 Mar 04","4","n/a","n/a"
"08 Mar 04","4","n/a","n/a"
"05 Mar 04","4","n/a","n/a"
"04 Mar 04","4","n/a","n/a"
"03 Mar 04","4","n/a","n/a"
"02 Mar 04","4","n/a","n/a"
"01 Mar 04","4","n/a","n/a"
"27 Feb 04","4","n/a","n/a"
"26 Feb 04","4","n/a","n/a"
"25 Feb 04","4","n/a","n/a"
"24 Feb 04","4","n/a","n/a"
"23 Feb 04","4","n/a","n/a"
"20 Feb 04","4","n/a","n/a"
"19 Feb 04","4","n/a","n/a"
"18 Feb 04","4","n/a","n/a"
"17 Feb 04","4","n/a","n/a"
"16 Feb 04","4","n/a","n/a"
"13 Feb 04","4","n/a","n/a"
"12 Feb 04","4","n/a","n/a"
"11 Feb 04","4","n/a","n/a"
"10 Feb 04","4","n/a","n/a"
"09 Feb 04","4","n/a","n/a"
"06 Feb 04","4","n/a","n/a"
"05 Feb 04","4","n/a","n/a"
"04 Feb 04","3.75","n/a","n/a"
"03 Feb 04","3.75","n/a","n/a"
"02 Feb 04","3.75","n/a","n/a"
"30 Jan 04","3.75","n/a","n/a"
"29 Jan 04","3.75","n/a","n/a"
"28 Jan 04","3.75","n/a","n/a"
"27 Jan 04","3.75","n/a","n/a"
"26 Jan 04","3.75","n/a","n/a"
"23 Jan 04","3.75","n/a","n/a"
"22 Jan 04","3.75","n/a","n/a"
"21 Jan 04","3.75","n/a","n/a"
"20 Jan 04","3.75","n/a","n/a"
"19 Jan 04","3.75","n/a","n/a"
"16 Jan 04","3.75","n/a","n/a"
"15 Jan 04","3.75","n/a","n/a"
"14 Jan 04","3.75","n/a","n/a"
"13 Jan 04","3.75","n/a","n/a"
"12 Jan 04","3.75","n/a","n/a"
"09 Jan 04","3.75","n/a","n/a"
"08 Jan 04","3.75","n/a","n/a"
"07 Jan 04","3.75","n/a","n/a"
"06 Jan 04","3.75","n/a","n/a"
"05 Jan 04","3.75","n/a","n/a"
"02 Jan 04","3.75","n/a","n/a"
"31 Dec 03","3.75","3.6484","3.75"
"30 Dec 03","3.75","n/a","n/a"
"29 Dec 03","3.75","n/a","n/a"
"24 Dec 03","3.75","n/a","n/a"
"23 Dec 03","3.75","n/a","n/a"
"22 Dec 03","3.75","n/a","n/a"
"19 Dec 03","3.75","n/a","n/a"
"18 Dec 03","3.75","n/a","n/a"
"17 Dec 03","3.75","n/a","n/a"
"16 Dec 03","3.75","n/a","n/a"
"15 Dec 03","3.75","n/a","n/a"
"12 Dec 03","3.75","n/a","n/a"
"11 Dec 03","3.75","n/a","n/a"
"10 Dec 03","3.75","n/a","n/a"
"09 Dec 03","3.75","n/a","n/a"
"08 Dec 03","3.75","n/a","n/a"
"05 Dec 03","3.75","n/a","n/a"
"04 Dec 03","3.75","n/a","n/a"
"03 Dec 03","3.75","n/a","n/a"
"02 Dec 03","3.75","n/a","n/a"
"01 Dec 03","3.75","n/a","n/a"
"28 Nov 03","3.75","n/a","n/a"
"27 Nov 03","3.75","n/a","n/a"
"26 Nov 03","3.75","n/a","n/a"
"25 Nov 03","3.75","n/a","n/a"
"24 Nov 03","3.75","n/a","n/a"
"21 Nov 03","3.75","n/a","n/a"
"20 Nov 03","3.75","n/a","n/a"
"19 Nov 03","3.75","n/a","n/a"
"18 Nov 03","3.75","n/a","n/a"
"17 Nov 03","3.75","n/a","n/a"
"14 Nov 03","3.75","n/a","n/a"
"13 Nov 03","3.75","n/a","n/a"
"12 Nov 03","3.75","n/a","n/a"
"11 Nov 03","3.75","n/a","n/a"
"10 Nov 03","3.75","n/a","n/a"
"07 Nov 03","3.75","n/a","n/a"
"06 Nov 03","3.75","n/a","n/a"
"05 Nov 03","3.5","n/a","n/a"
"04 Nov 03","3.5","n/a","n/a"
"03 Nov 03","3.5","n/a","n/a"
"31 Oct 03","3.5","n/a","n/a"
"30 Oct 03","3.5","n/a","n/a"
"29 Oct 03","3.5","n/a","n/a"
"28 Oct 03","3.5","n/a","n/a"
"27 Oct 03","3.5","n/a","n/a"
"24 Oct 03","3.5","n/a","n/a"
"23 Oct 03","3.5","n/a","n/a"
"22 Oct 03","3.5","n/a","n/a"
"21 Oct 03","3.5","n/a","n/a"
"20 Oct 03","3.5","n/a","n/a"
"17 Oct 03","3.5","n/a","n/a"
"16 Oct 03","3.5","n/a","n/a"
"15 Oct 03","3.5","n/a","n/a"
"14 Oct 03","3.5","n/a","n/a"
"13 Oct 03","3.5","n/a","n/a"
"10 Oct 03","3.5","n/a","n/a"
"09 Oct 03","3.5","n/a","n/a"
"08 Oct 03","3.5","n/a","n/a"
"07 Oct 03","3.5","n/a","n/a"
"06 Oct 03","3.5","n/a","n/a"
"03 Oct 03","3.5","n/a","n/a"
"02 Oct 03","3.5","n/a","n/a"
"01 Oct 03","3.5","n/a","n/a"
"30 Sep 03","3.5","3.5269","3.5"
"29 Sep 03","3.5","n/a","n/a"
"26 Sep 03","3.5","n/a","n/a"
"25 Sep 03","3.5","n/a","n/a"
"24 Sep 03","3.5","n/a","n/a"
"23 Sep 03","3.5","n/a","n/a"
"22 Sep 03","3.5","n/a","n/a"
"19 Sep 03","3.5","n/a","n/a"
"18 Sep 03","3.5","n/a","n/a"
"17 Sep 03","3.5","n/a","n/a"
"16 Sep 03","3.5","n/a","n/a"
"15 Sep 03","3.5","n/a","n/a"
"12 Sep 03","3.5","n/a","n/a"
"11 Sep 03","3.5","n/a","n/a"
"10 Sep 03","3.5","n/a","n/a"
"09 Sep 03","3.5","n/a","n/a"
"08 Sep 03","3.5","n/a","n/a"
"05 Sep 03","3.5","n/a","n/a"
"04 Sep 03","3.5","n/a","n/a"
"03 Sep 03","3.5","n/a","n/a"
"02 Sep 03","3.5","n/a","n/a"
"01 Sep 03","3.5","n/a","n/a"
"29 Aug 03","3.5","n/a","n/a"
"28 Aug 03","3.5","n/a","n/a"
"27 Aug 03","3.5","n/a","n/a"
"26 Aug 03","3.5","n/a","n/a"
"22 Aug 03","3.5","n/a","n/a"
"21 Aug 03","3.5","n/a","n/a"
"20 Aug 03","3.5","n/a","n/a"
"19 Aug 03","3.5","n/a","n/a"
"18 Aug 03","3.5","n/a","n/a"
"15 Aug 03","3.5","n/a","n/a"
"14 Aug 03","3.5","n/a","n/a"
"13 Aug 03","3.5","n/a","n/a"
"12 Aug 03","3.5","n/a","n/a"
"11 Aug 03","3.5","n/a","n/a"
"08 Aug 03","3.5","n/a","n/a"
"07 Aug 03","3.5","n/a","n/a"
"06 Aug 03","3.5","n/a","n/a"
"05 Aug 03","3.5","n/a","n/a"
"04 Aug 03","3.5","n/a","n/a"
"01 Aug 03","3.5","n/a","n/a"
"31 Jul 03","3.5","n/a","n/a"
"30 Jul 03","3.5","n/a","n/a"
"29 Jul 03","3.5","n/a","n/a"
"28 Jul 03","3.5","n/a","n/a"
"25 Jul 03","3.5","n/a","n/a"
"24 Jul 03","3.5","n/a","n/a"
"23 Jul 03","3.5","n/a","n/a"
"22 Jul 03","3.5","n/a","n/a"
"21 Jul 03","3.5","n/a","n/a"
"18 Jul 03","3.5","n/a","n/a"
"17 Jul 03","3.5","n/a","n/a"
"16 Jul 03","3.5","n/a","n/a"
"15 Jul 03","3.5","n/a","n/a"
"14 Jul 03","3.5","n/a","n/a"
"11 Jul 03","3.5","n/a","n/a"
"10 Jul 03","3.5","n/a","n/a"
"09 Jul 03","3.75","n/a","n/a"
"08 Jul 03","3.75","n/a","n/a"
"07 Jul 03","3.75","n/a","n/a"
"04 Jul 03","3.75","n/a","n/a"
"03 Jul 03","3.75","n/a","n/a"
"02 Jul 03","3.75","n/a","n/a"
"01 Jul 03","3.75","n/a","n/a"
"30 Jun 03","3.75","3.75","3.75"
"27 Jun 03","3.75","n/a","n/a"
"26 Jun 03","3.75","n/a","n/a"
"25 Jun 03","3.75","n/a","n/a"
"24 Jun 03","3.75","n/a","n/a"
"23 Jun 03","3.75","n/a","n/a"
"20 Jun 03","3.75","n/a","n/a"
"19 Jun 03","3.75","n/a","n/a"
"18 Jun 03","3.75","n/a","n/a"
"17 Jun 03","3.75","n/a","n/a"
"16 Jun 03","3.75","n/a","n/a"
"13 Jun 03","3.75","n/a","n/a"
"12 Jun 03","3.75","n/a","n/a"
"11 Jun 03","3.75","n/a","n/a"
"10 Jun 03","3.75","n/a","n/a"
"09 Jun 03","3.75","n/a","n/a"
"06 Jun 03","3.75","n/a","n/a"
"05 Jun 03","3.75","n/a","n/a"
"04 Jun 03","3.75","n/a","n/a"
"03 Jun 03","3.75","n/a","n/a"
"02 Jun 03","3.75","n/a","n/a"
"30 May 03","3.75","n/a","n/a"
"29 May 03","3.75","n/a","n/a"
"28 May 03","3.75","n/a","n/a"
"27 May 03","3.75","n/a","n/a"
"23 May 03","3.75","n/a","n/a"
"22 May 03","3.75","n/a","n/a"
"21 May 03","3.75","n/a","n/a"
"20 May 03","3.75","n/a","n/a"
"19 May 03","3.75","n/a","n/a"
"16 May 03","3.75","n/a","n/a"
"15 May 03","3.75","n/a","n/a"
"14 May 03","3.75","n/a","n/a"
"13 May 03","3.75","n/a","n/a"
"12 May 03","3.75","n/a","n/a"
"09 May 03","3.75","n/a","n/a"
"08 May 03","3.75","n/a","n/a"
"07 May 03","3.75","n/a","n/a"
"06 May 03","3.75","n/a","n/a"
"02 May 03","3.75","n/a","n/a"
"01 May 03","3.75","n/a","n/a"
"30 Apr 03","3.75","n/a","n/a"
"29 Apr 03","3.75","n/a","n/a"
"28 Apr 03","3.75","n/a","n/a"
"25 Apr 03","3.75","n/a","n/a"
"24 Apr 03","3.75","n/a","n/a"
"23 Apr 03","3.75","n/a","n/a"
"22 Apr 03","3.75","n/a","n/a"
"17 Apr 03","3.75","n/a","n/a"
"16 Apr 03","3.75","n/a","n/a"
"15 Apr 03","3.75","n/a","n/a"
"14 Apr 03","3.75","n/a","n/a"
"11 Apr 03","3.75","n/a","n/a"
"10 Apr 03","3.75","n/a","n/a"
"09 Apr 03","3.75","n/a","n/a"
"08 Apr 03","3.75","n/a","n/a"
"07 Apr 03","3.75","n/a","n/a"
"04 Apr 03","3.75","n/a","n/a"
"03 Apr 03","3.75","n/a","n/a"
"02 Apr 03","3.75","n/a","n/a"
"01 Apr 03","3.75","n/a","n/a"
"31 Mar 03","3.75","3.8492","3.75"
"28 Mar 03","3.75","n/a","n/a"
"27 Mar 03","3.75","n/a","n/a"
"26 Mar 03","3.75","n/a","n/a"
"25 Mar 03","3.75","n/a","n/a"
"24 Mar 03","3.75","n/a","n/a"
"21 Mar 03","3.75","n/a","n/a"
"20 Mar 03","3.75","n/a","n/a"
"19 Mar 03","3.75","n/a","n/a"
"18 Mar 03","3.75","n/a","n/a"
"17 Mar 03","3.75","n/a","n/a"
"14 Mar 03","3.75","n/a","n/a"
"13 Mar 03","3.75","n/a","n/a"
"12 Mar 03","3.75","n/a","n/a"
"11 Mar 03","3.75","n/a","n/a"
"10 Mar 03","3.75","n/a","n/a"
"07 Mar 03","3.75","n/a","n/a"
"06 Mar 03","3.75","n/a","n/a"
"05 Mar 03","3.75","n/a","n/a"
"04 Mar 03","3.75","n/a","n/a"
"03 Mar 03","3.75","n/a","n/a"
"28 Feb 03","3.75","n/a","n/a"
"27 Feb 03","3.75","n/a","n/a"
"26 Feb 03","3.75","n/a","n/a"
"25 Feb 03","3.75","n/a","n/a"
"24 Feb 03","3.75","n/a","n/a"
"21 Feb 03","3.75","n/a","n/a"
"20 Feb 03","3.75","n/a","n/a"
"19 Feb 03","3.75","n/a","n/a"
"18 Feb 03","3.75","n/a","n/a"
"17 Feb 03","3.75","n/a","n/a"
"14 Feb 03","3.75","n/a","n/a"
"13 Feb 03","3.75","n/a","n/a"
"12 Feb 03","3.75","n/a","n/a"
"11 Feb 03","3.75","n/a","n/a"
"10 Feb 03","3.75","n/a","n/a"
"07 Feb 03","3.75","n/a","n/a"
"06 Feb 03","3.75","n/a","n/a"
"05 Feb 03","4","n/a","n/a"
"04 Feb 03","4","n/a","n/a"
"03 Feb 03","4","n/a","n/a"
"31 Jan 03","4","n/a","n/a"
"30 Jan 03","4","n/a","n/a"
"29 Jan 03","4","n/a","n/a"
"28 Jan 03","4","n/a","n/a"
"27 Jan 03","4","n/a","n/a"
"24 Jan 03","4","n/a","n/a"
"23 Jan 03","4","n/a","n/a"
"22 Jan 03","4","n/a","n/a"
"21 Jan 03","4","n/a","n/a"
"20 Jan 03","4","n/a","n/a"
"17 Jan 03","4","n/a","n/a"
"16 Jan 03","4","n/a","n/a"
"15 Jan 03","4","n/a","n/a"
"14 Jan 03","4","n/a","n/a"
"13 Jan 03","4","n/a","n/a"
"10 Jan 03","4","n/a","n/a"
"09 Jan 03","4","n/a","n/a"
"08 Jan 03","4","n/a","n/a"
"07 Jan 03","4","n/a","n/a"
"06 Jan 03","4","n/a","n/a"
"03 Jan 03","4","n/a","n/a"
"02 Jan 03","4","n/a","n/a"
"31 Dec 02","4","4","4"
"30 Dec 02","4","n/a","n/a"
"27 Dec 02","4","n/a","n/a"
"24 Dec 02","4","n/a","n/a"
"23 Dec 02","4","n/a","n/a"
"20 Dec 02","4","n/a","n/a"
"19 Dec 02","4","n/a","n/a"
"18 Dec 02","4","n/a","n/a"
"17 Dec 02","4","n/a","n/a"
"16 Dec 02","4","n/a","n/a"
"13 Dec 02","4","n/a","n/a"
"12 Dec 02","4","n/a","n/a"
"11 Dec 02","4","n/a","n/a"
"10 Dec 02","4","n/a","n/a"
"09 Dec 02","4","n/a","n/a"
"06 Dec 02","4","n/a","n/a"
"05 Dec 02","4","n/a","n/a"
"04 Dec 02","4","n/a","n/a"
"03 Dec 02","4","n/a","n/a"
"02 Dec 02","4","n/a","n/a"
"29 Nov 02","4","n/a","n/a"
"28 Nov 02","4","n/a","n/a"
"27 Nov 02","4","n/a","n/a"
"26 Nov 02","4","n/a","n/a"
"25 Nov 02","4","n/a","n/a"
"22 Nov 02","4","n/a","n/a"
"21 Nov 02","4","n/a","n/a"
"20 Nov 02","4","n/a","n/a"
"19 Nov 02","4","n/a","n/a"
"18 Nov 02","4","n/a","n/a"
"15 Nov 02","4","n/a","n/a"
"14 Nov 02","4","n/a","n/a"
"13 Nov 02","4","n/a","n/a"
"12 Nov 02","4","n/a","n/a"
"11 Nov 02","4","n/a","n/a"
"08 Nov 02","4","n/a","n/a"
"07 Nov 02","4","n/a","n/a"
"06 Nov 02","4","n/a","n/a"
"05 Nov 02","4","n/a","n/a"
"04 Nov 02","4","n/a","n/a"
"01 Nov 02","4","n/a","n/a"
"31 Oct 02","4","n/a","n/a"
"30 Oct 02","4","n/a","n/a"
"29 Oct 02","4","n/a","n/a"
"28 Oct 02","4","n/a","n/a"
"25 Oct 02","4","n/a","n/a"
"24 Oct 02","4","n/a","n/a"
"23 Oct 02","4","n/a","n/a"
"22 Oct 02","4","n/a","n/a"
"21 Oct 02","4","n/a","n/a"
"18 Oct 02","4","n/a","n/a"
"17 Oct 02","4","n/a","n/a"
"16 Oct 02","4","n/a","n/a"
"15 Oct 02","4","n/a","n/a"
"14 Oct 02","4","n/a","n/a"
"11 Oct 02","4","n/a","n/a"
"10 Oct 02","4","n/a","n/a"
"09 Oct 02","4","n/a","n/a"
"08 Oct 02","4","n/a","n/a"
"07 Oct 02","4","n/a","n/a"
"04 Oct 02","4","n/a","n/a"
"03 Oct 02","4","n/a","n/a"
"02 Oct 02","4","n/a","n/a"
"01 Oct 02","4","n/a","n/a"
"30 Sep 02","4","4","4"
"27 Sep 02","4","n/a","n/a"
"26 Sep 02","4","n/a","n/a"
"25 Sep 02","4","n/a","n/a"
"24 Sep 02","4","n/a","n/a"
"23 Sep 02","4","n/a","n/a"
"20 Sep 02","4","n/a","n/a"
"19 Sep 02","4","n/a","n/a"
"18 Sep 02","4","n/a","n/a"
"17 Sep 02","4","n/a","n/a"
"16 Sep 02","4","n/a","n/a"
"13 Sep 02","4","n/a","n/a"
"12 Sep 02","4","n/a","n/a"
"11 Sep 02","4","n/a","n/a"
"10 Sep 02","4","n/a","n/a"
"09 Sep 02","4","n/a","n/a"
"06 Sep 02","4","n/a","n/a"
"05 Sep 02","4","n/a","n/a"
"04 Sep 02","4","n/a","n/a"
"03 Sep 02","4","n/a","n/a"
"02 Sep 02","4","n/a","n/a"
"30 Aug 02","4","n/a","n/a"
"29 Aug 02","4","n/a","n/a"
"28 Aug 02","4","n/a","n/a"
"27 Aug 02","4","n/a","n/a"
"23 Aug 02","4","n/a","n/a"
"22 Aug 02","4","n/a","n/a"
"21 Aug 02","4","n/a","n/a"
"20 Aug 02","4","n/a","n/a"
"19 Aug 02","4","n/a","n/a"
"16 Aug 02","4","n/a","n/a"
"15 Aug 02","4","n/a","n/a"
"14 Aug 02","4","n/a","n/a"
"13 Aug 02","4","n/a","n/a"
"12 Aug 02","4","n/a","n/a"
"09 Aug 02","4","n/a","n/a"
"08 Aug 02","4","n/a","n/a"
"07 Aug 02","4","n/a","n/a"
"06 Aug 02","4","n/a","n/a"
"05 Aug 02","4","n/a","n/a"
"02 Aug 02","4","n/a","n/a"
"01 Aug 02","4","n/a","n/a"
"31 Jul 02","4","n/a","n/a"
"30 Jul 02","4","n/a","n/a"
"29 Jul 02","4","n/a","n/a"
"26 Jul 02","4","n/a","n/a"
"25 Jul 02","4","n/a","n/a"
"24 Jul 02","4","n/a","n/a"
"23 Jul 02","4","n/a","n/a"
"22 Jul 02","4","n/a","n/a"
"19 Jul 02","4","n/a","n/a"
"18 Jul 02","4","n/a","n/a"
"17 Jul 02","4","n/a","n/a"
"16 Jul 02","4","n/a","n/a"
"15 Jul 02","4","n/a","n/a"
"12 Jul 02","4","n/a","n/a"
"11 Jul 02","4","n/a","n/a"
"10 Jul 02","4","n/a","n/a"
"09 Jul 02","4","n/a","n/a"
"08 Jul 02","4","n/a","n/a"
"05 Jul 02","4","n/a","n/a"
"04 Jul 02","4","n/a","n/a"
"03 Jul 02","4","n/a","n/a"
"02 Jul 02","4","n/a","n/a"
"01 Jul 02","4","n/a","n/a"
"30 Jun 02","n/a","4","4"
"28 Jun 02","4","n/a","n/a"
"27 Jun 02","4","n/a","n/a"
"26 Jun 02","4","n/a","n/a"
"25 Jun 02","4","n/a","n/a"
"24 Jun 02","4","n/a","n/a"
"21 Jun 02","4","n/a","n/a"
"20 Jun 02","4","n/a","n/a"
"19 Jun 02","4","n/a","n/a"
"18 Jun 02","4","n/a","n/a"
"17 Jun 02","4","n/a","n/a"
"14 Jun 02","4","n/a","n/a"
"13 Jun 02","4","n/a","n/a"
"12 Jun 02","4","n/a","n/a"
"11 Jun 02","4","n/a","n/a"
"10 Jun 02","4","n/a","n/a"
"07 Jun 02","4","n/a","n/a"
"06 Jun 02","4","n/a","n/a"
"05 Jun 02","4","n/a","n/a"
"31 May 02","4","n/a","n/a"
"30 May 02","4","n/a","n/a"
"29 May 02","4","n/a","n/a"
"28 May 02","4","n/a","n/a"
"27 May 02","4","n/a","n/a"
"24 May 02","4","n/a","n/a"
"23 May 02","4","n/a","n/a"
"22 May 02","4","n/a","n/a"
"21 May 02","4","n/a","n/a"
"20 May 02","4","n/a","n/a"
"17 May 02","4","n/a","n/a"
"16 May 02","4","n/a","n/a"
"15 May 02","4","n/a","n/a"
"14 May 02","4","n/a","n/a"
"13 May 02","4","n/a","n/a"
"10 May 02","4","n/a","n/a"
"09 May 02","4","n/a","n/a"
"08 May 02","4","n/a","n/a"
"07 May 02","4","n/a","n/a"
"03 May 02","4","n/a","n/a"
"02 May 02","4","n/a","n/a"
"01 May 02","4","n/a","n/a"
"30 Apr 02","4","n/a","n/a"
"29 Apr 02","4","n/a","n/a"
"26 Apr 02","4","n/a","n/a"
"25 Apr 02","4","n/a","n/a"
"24 Apr 02","4","n/a","n/a"
"23 Apr 02","4","n/a","n/a"
"22 Apr 02","4","n/a","n/a"
"19 Apr 02","4","n/a","n/a"
"18 Apr 02","4","n/a","n/a"
"17 Apr 02","4","n/a","n/a"
"16 Apr 02","4","n/a","n/a"
"15 Apr 02","4","n/a","n/a"
"12 Apr 02","4","n/a","n/a"
"11 Apr 02","4","n/a","n/a"
"10 Apr 02","4","n/a","n/a"
"09 Apr 02","4","n/a","n/a"
"08 Apr 02","4","n/a","n/a"
"05 Apr 02","4","n/a","n/a"
"04 Apr 02","4","n/a","n/a"
"03 Apr 02","4","n/a","n/a"
"02 Apr 02","4","n/a","n/a"
"31 Mar 02","n/a","4","4"
"28 Mar 02","4","n/a","n/a"
"27 Mar 02","4","n/a","n/a"
"26 Mar 02","4","n/a","n/a"
"25 Mar 02","4","n/a","n/a"
"22 Mar 02","4","n/a","n/a"
"21 Mar 02","4","n/a","n/a"
"20 Mar 02","4","n/a","n/a"
"19 Mar 02","4","n/a","n/a"
"18 Mar 02","4","n/a","n/a"
"15 Mar 02","4","n/a","n/a"
"14 Mar 02","4","n/a","n/a"
"13 Mar 02","4","n/a","n/a"
"12 Mar 02","4","n/a","n/a"
"11 Mar 02","4","n/a","n/a"
"08 Mar 02","4","n/a","n/a"
"07 Mar 02","4","n/a","n/a"
"06 Mar 02","4","n/a","n/a"
"05 Mar 02","4","n/a","n/a"
"04 Mar 02","4","n/a","n/a"
"01 Mar 02","4","n/a","n/a"
"28 Feb 02","4","n/a","n/a"
"27 Feb 02","4","n/a","n/a"
"26 Feb 02","4","n/a","n/a"
"25 Feb 02","4","n/a","n/a"
"22 Feb 02","4","n/a","n/a"
"21 Feb 02","4","n/a","n/a"
"20 Feb 02","4","n/a","n/a"
"19 Feb 02","4","n/a","n/a"
"18 Feb 02","4","n/a","n/a"
"15 Feb 02","4","n/a","n/a"
"14 Feb 02","4","n/a","n/a"
"13 Feb 02","4","n/a","n/a"
"12 Feb 02","4","n/a","n/a"
"11 Feb 02","4","n/a","n/a"
"08 Feb 02","4","n/a","n/a"
"07 Feb 02","4","n/a","n/a"
"06 Feb 02","4","n/a","n/a"
"05 Feb 02","4","n/a","n/a"
"04 Feb 02","4","n/a","n/a"
"01 Feb 02","4","n/a","n/a"
"31 Jan 02","4","n/a","n/a"
"30 Jan 02","4","n/a","n/a"
"29 Jan 02","4","n/a","n/a"
"28 Jan 02","4","n/a","n/a"
"25 Jan 02","4","n/a","n/a"
"24 Jan 02","4","n/a","n/a"
"23 Jan 02","4","n/a","n/a"
"22 Jan 02","4","n/a","n/a"
"21 Jan 02","4","n/a","n/a"
"18 Jan 02","4","n/a","n/a"
"17 Jan 02","4","n/a","n/a"
"16 Jan 02","4","n/a","n/a"
"15 Jan 02","4","n/a","n/a"
"14 Jan 02","4","n/a","n/a"
"11 Jan 02","4","n/a","n/a"
"10 Jan 02","4","n/a","n/a"
"09 Jan 02","4","n/a","n/a"
"08 Jan 02","4","n/a","n/a"
"07 Jan 02","4","n/a","n/a"
"04 Jan 02","4","n/a","n/a"
"03 Jan 02","4","n/a","n/a"
"02 Jan 02","4","n/a","n/a"
"31 Dec 01","4","4.2305","4"
"28 Dec 01","4","n/a","n/a"
"27 Dec 01","4","n/a","n/a"
"24 Dec 01","4","n/a","n/a"
"21 Dec 01","4","n/a","n/a"
"20 Dec 01","4","n/a","n/a"
"19 Dec 01","4","n/a","n/a"
"18 Dec 01","4","n/a","n/a"
"17 Dec 01","4","n/a","n/a"
"14 Dec 01","4","n/a","n/a"
"13 Dec 01","4","n/a","n/a"
"12 Dec 01","4","n/a","n/a"
"11 Dec 01","4","n/a","n/a"
"10 Dec 01","4","n/a","n/a"
"07 Dec 01","4","n/a","n/a"
"06 Dec 01","4","n/a","n/a"
"05 Dec 01","4","n/a","n/a"
"04 Dec 01","4","n/a","n/a"
"03 Dec 01","4","n/a","n/a"
"30 Nov 01","4","n/a","n/a"
"29 Nov 01","4","n/a","n/a"
"28 Nov 01","4","n/a","n/a"
"27 Nov 01","4","n/a","n/a"
"26 Nov 01","4","n/a","n/a"
"23 Nov 01","4","n/a","n/a"
"22 Nov 01","4","n/a","n/a"
"21 Nov 01","4","n/a","n/a"
"20 Nov 01","4","n/a","n/a"
"19 Nov 01","4","n/a","n/a"
"16 Nov 01","4","n/a","n/a"
"15 Nov 01","4","n/a","n/a"
"14 Nov 01","4","n/a","n/a"
"13 Nov 01","4","n/a","n/a"
"12 Nov 01","4","n/a","n/a"
"09 Nov 01","4","n/a","n/a"
"08 Nov 01","4","n/a","n/a"
"07 Nov 01","4.5","n/a","n/a"
"06 Nov 01","4.5","n/a","n/a"
"05 Nov 01","4.5","n/a","n/a"
"02 Nov 01","4.5","n/a","n/a"
"01 Nov 01","4.5","n/a","n/a"
"31 Oct 01","4.5","n/a","n/a"
"30 Oct 01","4.5","n/a","n/a"
"29 Oct 01","4.5","n/a","n/a"
"26 Oct 01","4.5","n/a","n/a"
"25 Oct 01","4.5","n/a","n/a"
"24 Oct 01","4.5","n/a","n/a"
"23 Oct 01","4.5","n/a","n/a"
"22 Oct 01","4.5","n/a","n/a"
"19 Oct 01","4.5","n/a","n/a"
"18 Oct 01","4.5","n/a","n/a"
"17 Oct 01","4.5","n/a","n/a"
"16 Oct 01","4.5","n/a","n/a"
"15 Oct 01","4.5","n/a","n/a"
"12 Oct 01","4.5","n/a","n/a"
"11 Oct 01","4.5","n/a","n/a"
"10 Oct 01","4.5","n/a","n/a"
"09 Oct 01","4.5","n/a","n/a"
"08 Oct 01","4.5","n/a","n/a"
"05 Oct 01","4.5","n/a","n/a"
"04 Oct 01","4.5","n/a","n/a"
"03 Oct 01","4.75","n/a","n/a"
"02 Oct 01","4.75","n/a","n/a"
"01 Oct 01","4.75","n/a","n/a"
"30 Sep 01","n/a","5.0547","4.75"
"28 Sep 01","4.75","n/a","n/a"
"27 Sep 01","4.75","n/a","n/a"
"26 Sep 01","4.75","n/a","n/a"
"25 Sep 01","4.75","n/a","n/a"
"24 Sep 01","4.75","n/a","n/a"
"21 Sep 01","4.75","n/a","n/a"
"20 Sep 01","4.75","n/a","n/a"
"19 Sep 01","4.75","n/a","n/a"
"18 Sep 01","4.75","n/a","n/a"
"17 Sep 01","5","n/a","n/a"
"14 Sep 01","5","n/a","n/a"
"13 Sep 01","5","n/a","n/a"
"12 Sep 01","5","n/a","n/a"
"11 Sep 01","5","n/a","n/a"
"10 Sep 01","5","n/a","n/a"
"07 Sep 01","5","n/a","n/a"
"06 Sep 01","5","n/a","n/a"
"05 Sep 01","5","n/a","n/a"
"04 Sep 01","5","n/a","n/a"
"03 Sep 01","5","n/a","n/a"
"31 Aug 01","5","n/a","n/a"
"30 Aug 01","5","n/a","n/a"
"29 Aug 01","5","n/a","n/a"
"28 Aug 01","5","n/a","n/a"
"24 Aug 01","5","n/a","n/a"
"23 Aug 01","5","n/a","n/a"
"22 Aug 01","5","n/a","n/a"
"21 Aug 01","5","n/a","n/a"
"20 Aug 01","5","n/a","n/a"
"17 Aug 01","5","n/a","n/a"
"16 Aug 01","5","n/a","n/a"
"15 Aug 01","5","n/a","n/a"
"14 Aug 01","5","n/a","n/a"
"13 Aug 01","5","n/a","n/a"
"10 Aug 01","5","n/a","n/a"
"09 Aug 01","5","n/a","n/a"
"08 Aug 01","5","n/a","n/a"
"07 Aug 01","5","n/a","n/a"
"06 Aug 01","5","n/a","n/a"
"03 Aug 01","5","n/a","n/a"
"02 Aug 01","5","n/a","n/a"
"01 Aug 01","5.25","n/a","n/a"
"31 Jul 01","5.25","n/a","n/a"
"30 Jul 01","5.25","n/a","n/a"
"27 Jul 01","5.25","n/a","n/a"
"26 Jul 01","5.25","n/a","n/a"
"25 Jul 01","5.25","n/a","n/a"
"24 Jul 01","5.25","n/a","n/a"
"23 Jul 01","5.25","n/a","n/a"
"20 Jul 01","5.25","n/a","n/a"
"19 Jul 01","5.25","n/a","n/a"
"18 Jul 01","5.25","n/a","n/a"
"17 Jul 01","5.25","n/a","n/a"
"16 Jul 01","5.25","n/a","n/a"
"13 Jul 01","5.25","n/a","n/a"
"12 Jul 01","5.25","n/a","n/a"
"11 Jul 01","5.25","n/a","n/a"
"10 Jul 01","5.25","n/a","n/a"
"09 Jul 01","5.25","n/a","n/a"
"06 Jul 01","5.25","n/a","n/a"
"05 Jul 01","5.25","n/a","n/a"
"04 Jul 01","5.25","n/a","n/a"
"03 Jul 01","5.25","n/a","n/a"
"02 Jul 01","5.25","n/a","n/a"
"30 Jun 01","n/a","5.3648","5.25"
"29 Jun 01","5.25","n/a","n/a"
"28 Jun 01","5.25","n/a","n/a"
"27 Jun 01","5.25","n/a","n/a"
"26 Jun 01","5.25","n/a","n/a"
"25 Jun 01","5.25","n/a","n/a"
"22 Jun 01","5.25","n/a","n/a"
"21 Jun 01","5.25","n/a","n/a"
"20 Jun 01","5.25","n/a","n/a"
"19 Jun 01","5.25","n/a","n/a"
"18 Jun 01","5.25","n/a","n/a"
"15 Jun 01","5.25","n/a","n/a"
"14 Jun 01","5.25","n/a","n/a"
"13 Jun 01","5.25","n/a","n/a"
"12 Jun 01","5.25","n/a","n/a"
"11 Jun 01","5.25","n/a","n/a"
"08 Jun 01","5.25","n/a","n/a"
"07 Jun 01","5.25","n/a","n/a"
"06 Jun 01","5.25","n/a","n/a"
"05 Jun 01","5.25","n/a","n/a"
"04 Jun 01","5.25","n/a","n/a"
"01 Jun 01","5.25","n/a","n/a"
"31 May 01","5.25","n/a","n/a"
"30 May 01","5.25","n/a","n/a"
"29 May 01","5.25","n/a","n/a"
"25 May 01","5.25","n/a","n/a"
"24 May 01","5.25","n/a","n/a"
"23 May 01","5.25","n/a","n/a"
"22 May 01","5.25","n/a","n/a"
"21 May 01","5.25","n/a","n/a"
"18 May 01","5.25","n/a","n/a"
"17 May 01","5.25","n/a","n/a"
"16 May 01","5.25","n/a","n/a"
"15 May 01","5.25","n/a","n/a"
"14 May 01","5.25","n/a","n/a"
"11 May 01","5.25","n/a","n/a"
"10 May 01","5.25","n/a","n/a"
"09 May 01","5.5","n/a","n/a"
"08 May 01","5.5","n/a","n/a"
"04 May 01","5.5","n/a","n/a"
"03 May 01","5.5","n/a","n/a"
"02 May 01","5.5","n/a","n/a"
"01 May 01","5.5","n/a","n/a"
"30 Apr 01","5.5","n/a","n/a"
"27 Apr 01","5.5","n/a","n/a"
"26 Apr 01","5.5","n/a","n/a"
"25 Apr 01","5.5","n/a","n/a"
"24 Apr 01","5.5","n/a","n/a"
"23 Apr 01","5.5","n/a","n/a"
"20 Apr 01","5.5","n/a","n/a"
"19 Apr 01","5.5","n/a","n/a"
"18 Apr 01","5.5","n/a","n/a"
"17 Apr 01","5.5","n/a","n/a"
"12 Apr 01","5.5","n/a","n/a"
"11 Apr 01","5.5","n/a","n/a"
"10 Apr 01","5.5","n/a","n/a"
"09 Apr 01","5.5","n/a","n/a"
"06 Apr 01","5.5","n/a","n/a"
"05 Apr 01","5.5","n/a","n/a"
"04 Apr 01","5.75","n/a","n/a"
"03 Apr 01","5.75","n/a","n/a"
"02 Apr 01","5.75","n/a","n/a"
"31 Mar 01","n/a","5.8555","5.75"
"30 Mar 01","5.75","n/a","n/a"
"29 Mar 01","5.75","n/a","n/a"
"28 Mar 01","5.75","n/a","n/a"
"27 Mar 01","5.75","n/a","n/a"
"26 Mar 01","5.75","n/a","n/a"
"23 Mar 01","5.75","n/a","n/a"
"22 Mar 01","5.75","n/a","n/a"
"21 Mar 01","5.75","n/a","n/a"
"20 Mar 01","5.75","n/a","n/a"
"19 Mar 01","5.75","n/a","n/a"
"16 Mar 01","5.75","n/a","n/a"
"15 Mar 01","5.75","n/a","n/a"
"14 Mar 01","5.75","n/a","n/a"
"13 Mar 01","5.75","n/a","n/a"
"12 Mar 01","5.75","n/a","n/a"
"09 Mar 01","5.75","n/a","n/a"
"08 Mar 01","5.75","n/a","n/a"
"07 Mar 01","5.75","n/a","n/a"
"06 Mar 01","5.75","n/a","n/a"
"05 Mar 01","5.75","n/a","n/a"
"02 Mar 01","5.75","n/a","n/a"
"01 Mar 01","5.75","n/a","n/a"
"28 Feb 01","5.75","n/a","n/a"
"27 Feb 01","5.75","n/a","n/a"
"26 Feb 01","5.75","n/a","n/a"
"23 Feb 01","5.75","n/a","n/a"
"22 Feb 01","5.75","n/a","n/a"
"21 Feb 01","5.75","n/a","n/a"
"20 Feb 01","5.75","n/a","n/a"
"19 Feb 01","5.75","n/a","n/a"
"16 Feb 01","5.75","n/a","n/a"
"15 Feb 01","5.75","n/a","n/a"
"14 Feb 01","5.75","n/a","n/a"
"13 Feb 01","5.75","n/a","n/a"
"12 Feb 01","5.75","n/a","n/a"
"09 Feb 01","5.75","n/a","n/a"
"08 Feb 01","5.75","n/a","n/a"
"07 Feb 01","6","n/a","n/a"
"06 Feb 01","6","n/a","n/a"
"05 Feb 01","6","n/a","n/a"
"02 Feb 01","6","n/a","n/a"
"01 Feb 01","6","n/a","n/a"
"31 Jan 01","6","n/a","n/a"
"30 Jan 01","6","n/a","n/a"
"29 Jan 01","6","n/a","n/a"
"26 Jan 01","6","n/a","n/a"
"25 Jan 01","6","n/a","n/a"
"24 Jan 01","6","n/a","n/a"
"23 Jan 01","6","n/a","n/a"
"22 Jan 01","6","n/a","n/a"
"19 Jan 01","6","n/a","n/a"
"18 Jan 01","6","n/a","n/a"
"17 Jan 01","6","n/a","n/a"
"16 Jan 01","6","n/a","n/a"
"15 Jan 01","6","n/a","n/a"
"12 Jan 01","6","n/a","n/a"
"11 Jan 01","6","n/a","n/a"
"10 Jan 01","6","n/a","n/a"
"09 Jan 01","6","n/a","n/a"
"08 Jan 01","6","n/a","n/a"
"05 Jan 01","6","n/a","n/a"
"04 Jan 01","6","n/a","n/a"
"03 Jan 01","6","n/a","n/a"
"02 Jan 01","6","n/a","n/a"
"31 Dec 00","n/a","6","6"
"29 Dec 00","6","n/a","n/a"
"28 Dec 00","6","n/a","n/a"
"27 Dec 00","6","n/a","n/a"
"22 Dec 00","6","n/a","n/a"
"21 Dec 00","6","n/a","n/a"
"20 Dec 00","6","n/a","n/a"
"19 Dec 00","6","n/a","n/a"
"18 Dec 00","6","n/a","n/a"
"15 Dec 00","6","n/a","n/a"
"14 Dec 00","6","n/a","n/a"
"13 Dec 00","6","n/a","n/a"
"12 Dec 00","6","n/a","n/a"
"11 Dec 00","6","n/a","n/a"
"08 Dec 00","6","n/a","n/a"
"07 Dec 00","6","n/a","n/a"
"06 Dec 00","6","n/a","n/a"
"05 Dec 00","6","n/a","n/a"
"04 Dec 00","6","n/a","n/a"
"01 Dec 00","6","n/a","n/a"
"30 Nov 00","6","n/a","n/a"
"29 Nov 00","6","n/a","n/a"
"28 Nov 00","6","n/a","n/a"
"27 Nov 00","6","n/a","n/a"
"24 Nov 00","6","n/a","n/a"
"23 Nov 00","6","n/a","n/a"
"22 Nov 00","6","n/a","n/a"
"21 Nov 00","6","n/a","n/a"
"20 Nov 00","6","n/a","n/a"
"17 Nov 00","6","n/a","n/a"
"16 Nov 00","6","n/a","n/a"
"15 Nov 00","6","n/a","n/a"
"14 Nov 00","6","n/a","n/a"
"13 Nov 00","6","n/a","n/a"
"10 Nov 00","6","n/a","n/a"
"09 Nov 00","6","n/a","n/a"
"08 Nov 00","6","n/a","n/a"
"07 Nov 00","6","n/a","n/a"
"06 Nov 00","6","n/a","n/a"
"03 Nov 00","6","n/a","n/a"
"02 Nov 00","6","n/a","n/a"
"01 Nov 00","6","n/a","n/a"
"31 Oct 00","6","n/a","n/a"
"30 Oct 00","6","n/a","n/a"
"27 Oct 00","6","n/a","n/a"
"26 Oct 00","6","n/a","n/a"
"25 Oct 00","6","n/a","n/a"
"24 Oct 00","6","n/a","n/a"
"23 Oct 00","6","n/a","n/a"
"20 Oct 00","6","n/a","n/a"
"19 Oct 00","6","n/a","n/a"
"18 Oct 00","6","n/a","n/a"
"17 Oct 00","6","n/a","n/a"
"16 Oct 00","6","n/a","n/a"
"13 Oct 00","6","n/a","n/a"
"12 Oct 00","6","n/a","n/a"
"11 Oct 00","6","n/a","n/a"
"10 Oct 00","6","n/a","n/a"
"09 Oct 00","6","n/a","n/a"
"06 Oct 00","6","n/a","n/a"
"05 Oct 00","6","n/a","n/a"
"04 Oct 00","6","n/a","n/a"
"03 Oct 00","6","n/a","n/a"
"02 Oct 00","6","n/a","n/a"
"30 Sep 00","n/a","6","6"
"29 Sep 00","6","n/a","n/a"
"28 Sep 00","6","n/a","n/a"
"27 Sep 00","6","n/a","n/a"
"26 Sep 00","6","n/a","n/a"
"25 Sep 00","6","n/a","n/a"
"22 Sep 00","6","n/a","n/a"
"21 Sep 00","6","n/a","n/a"
"20 Sep 00","6","n/a","n/a"
"19 Sep 00","6","n/a","n/a"
"18 Sep 00","6","n/a","n/a"
"15 Sep 00","6","n/a","n/a"
"14 Sep 00","6","n/a","n/a"
"13 Sep 00","6","n/a","n/a"
"12 Sep 00","6","n/a","n/a"
"11 Sep 00","6","n/a","n/a"
"08 Sep 00","6","n/a","n/a"
"07 Sep 00","6","n/a","n/a"
"06 Sep 00","6","n/a","n/a"
"05 Sep 00","6","n/a","n/a"
"04 Sep 00","6","n/a","n/a"
"01 Sep 00","6","n/a","n/a"
"31 Aug 00","6","n/a","n/a"
"30 Aug 00","6","n/a","n/a"
"29 Aug 00","6","n/a","n/a"
"25 Aug 00","6","n/a","n/a"
"24 Aug 00","6","n/a","n/a"
"23 Aug 00","6","n/a","n/a"
"22 Aug 00","6","n/a","n/a"
"21 Aug 00","6","n/a","n/a"
"18 Aug 00","6","n/a","n/a"
"17 Aug 00","6","n/a","n/a"
"16 Aug 00","6","n/a","n/a"
"15 Aug 00","6","n/a","n/a"
"14 Aug 00","6","n/a","n/a"
"11 Aug 00","6","n/a","n/a"
"10 Aug 00","6","n/a","n/a"
"09 Aug 00","6","n/a","n/a"
"08 Aug 00","6","n/a","n/a"
"07 Aug 00","6","n/a","n/a"
"04 Aug 00","6","n/a","n/a"
"03 Aug 00","6","n/a","n/a"
"02 Aug 00","6","n/a","n/a"
"01 Aug 00","6","n/a","n/a"
"31 Jul 00","6","n/a","n/a"
"28 Jul 00","6","n/a","n/a"
"27 Jul 00","6","n/a","n/a"
"26 Jul 00","6","n/a","n/a"
"25 Jul 00","6","n/a","n/a"
"24 Jul 00","6","n/a","n/a"
"21 Jul 00","6","n/a","n/a"
"20 Jul 00","6","n/a","n/a"
"19 Jul 00","6","n/a","n/a"
"18 Jul 00","6","n/a","n/a"
"17 Jul 00","6","n/a","n/a"
"14 Jul 00","6","n/a","n/a"
"13 Jul 00","6","n/a","n/a"
"12 Jul 00","6","n/a","n/a"
"11 Jul 00","6","n/a","n/a"
"10 Jul 00","6","n/a","n/a"
"07 Jul 00","6","n/a","n/a"
"06 Jul 00","6","n/a","n/a"
"05 Jul 00","6","n/a","n/a"
"04 Jul 00","6","n/a","n/a"
"03 Jul 00","6","n/a","n/a"
"30 Jun 00","6","6","6"
"29 Jun 00","6","n/a","n/a"
"28 Jun 00","6","n/a","n/a"
"27 Jun 00","6","n/a","n/a"
"26 Jun 00","6","n/a","n/a"
"23 Jun 00","6","n/a","n/a"
"22 Jun 00","6","n/a","n/a"
"21 Jun 00","6","n/a","n/a"
"20 Jun 00","6","n/a","n/a"
"19 Jun 00","6","n/a","n/a"
"16 Jun 00","6","n/a","n/a"
"15 Jun 00","6","n/a","n/a"
"14 Jun 00","6","n/a","n/a"
"13 Jun 00","6","n/a","n/a"
"12 Jun 00","6","n/a","n/a"
"09 Jun 00","6","n/a","n/a"
"08 Jun 00","6","n/a","n/a"
"07 Jun 00","6","n/a","n/a"
"06 Jun 00","6","n/a","n/a"
"05 Jun 00","6","n/a","n/a"
"02 Jun 00","6","n/a","n/a"
"01 Jun 00","6","n/a","n/a"
"31 May 00","6","n/a","n/a"
"30 May 00","6","n/a","n/a"
"26 May 00","6","n/a","n/a"
"25 May 00","6","n/a","n/a"
"24 May 00","6","n/a","n/a"
"23 May 00","6","n/a","n/a"
"22 May 00","6","n/a","n/a"
"19 May 00","6","n/a","n/a"
"18 May 00","6","n/a","n/a"
"17 May 00","6","n/a","n/a"
"16 May 00","6","n/a","n/a"
"15 May 00","6","n/a","n/a"
"12 May 00","6","n/a","n/a"
"11 May 00","6","n/a","n/a"
"10 May 00","6","n/a","n/a"
"09 May 00","6","n/a","n/a"
"08 May 00","6","n/a","n/a"
"05 May 00","6","n/a","n/a"
"04 May 00","6","n/a","n/a"
"03 May 00","6","n/a","n/a"
"02 May 00","6","n/a","n/a"
"28 Apr 00","6","n/a","n/a"
"27 Apr 00","6","n/a","n/a"
"26 Apr 00","6","n/a","n/a"
"25 Apr 00","6","n/a","n/a"
"20 Apr 00","6","n/a","n/a"
"19 Apr 00","6","n/a","n/a"
"18 Apr 00","6","n/a","n/a"
"17 Apr 00","6","n/a","n/a"
"14 Apr 00","6","n/a","n/a"
"13 Apr 00","6","n/a","n/a"
"12 Apr 00","6","n/a","n/a"
"11 Apr 00","6","n/a","n/a"
"10 Apr 00","6","n/a","n/a"
"07 Apr 00","6","n/a","n/a"
"06 Apr 00","6","n/a","n/a"
"05 Apr 00","6","n/a","n/a"
"04 Apr 00","6","n/a","n/a"
"03 Apr 00","6","n/a","n/a"
"31 Mar 00","6","5.8672","6"
"30 Mar 00","6","n/a","n/a"
"29 Mar 00","6","n/a","n/a"
"28 Mar 00","6","n/a","n/a"
"27 Mar 00","6","n/a","n/a"
"24 Mar 00","6","n/a","n/a"
"23 Mar 00","6","n/a","n/a"
"22 Mar 00","6","n/a","n/a"
"21 Mar 00","6","n/a","n/a"
"20 Mar 00","6","n/a","n/a"
"17 Mar 00","6","n/a","n/a"
"16 Mar 00","6","n/a","n/a"
"15 Mar 00","6","n/a","n/a"
"14 Mar 00","6","n/a","n/a"
"13 Mar 00","6","n/a","n/a"
"10 Mar 00","6","n/a","n/a"
"09 Mar 00","6","n/a","n/a"
"08 Mar 00","6","n/a","n/a"
"07 Mar 00","6","n/a","n/a"
"06 Mar 00","6","n/a","n/a"
"03 Mar 00","6","n/a","n/a"
"02 Mar 00","6","n/a","n/a"
"01 Mar 00","6","n/a","n/a"
"29 Feb 00","6","n/a","n/a"
"28 Feb 00","6","n/a","n/a"
"25 Feb 00","6","n/a","n/a"
"24 Feb 00","6","n/a","n/a"
"23 Feb 00","6","n/a","n/a"
"22 Feb 00","6","n/a","n/a"
"21 Feb 00","6","n/a","n/a"
"18 Feb 00","6","n/a","n/a"
"17 Feb 00","6","n/a","n/a"
"16 Feb 00","6","n/a","n/a"
"15 Feb 00","6","n/a","n/a"
"14 Feb 00","6","n/a","n/a"
"11 Feb 00","6","n/a","n/a"
"10 Feb 00","6","n/a","n/a"
"09 Feb 00","5.75","n/a","n/a"
"08 Feb 00","5.75","n/a","n/a"
"07 Feb 00","5.75","n/a","n/a"
"04 Feb 00","5.75","n/a","n/a"
"03 Feb 00","5.75","n/a","n/a"
"02 Feb 00","5.75","n/a","n/a"
"01 Feb 00","5.75","n/a","n/a"
"31 Jan 00","5.75","n/a","n/a"
"28 Jan 00","5.75","n/a","n/a"
"27 Jan 00","5.75","n/a","n/a"
"26 Jan 00","5.75","n/a","n/a"
"25 Jan 00","5.75","n/a","n/a"
"24 Jan 00","5.75","n/a","n/a"
"21 Jan 00","5.75","n/a","n/a"
"20 Jan 00","5.75","n/a","n/a"
"19 Jan 00","5.75","n/a","n/a"
"18 Jan 00","5.75","n/a","n/a"
"17 Jan 00","5.75","n/a","n/a"
"14 Jan 00","5.75","n/a","n/a"
"13 Jan 00","5.75","n/a","n/a"
"12 Jan 00","5.5","n/a","n/a"
"11 Jan 00","5.5","n/a","n/a"
"10 Jan 00","5.5","n/a","n/a"
"07 Jan 00","5.5","n/a","n/a"
"06 Jan 00","5.5","n/a","n/a"
"05 Jan 00","5.5","n/a","n/a"
"04 Jan 00","5.5","n/a","n/a"
"31 Dec 99","n/a","5.4048","5.5"
"30 Dec 99","5.5","n/a","n/a"
"29 Dec 99","5.5","n/a","n/a"
"24 Dec 99","5.5","n/a","n/a"
"23 Dec 99","5.5","n/a","n/a"
"22 Dec 99","5.5","n/a","n/a"
"21 Dec 99","5.5","n/a","n/a"
"20 Dec 99","5.5","n/a","n/a"
"17 Dec 99","5.5","n/a","n/a"
"16 Dec 99","5.5","n/a","n/a"
"15 Dec 99","5.5","n/a","n/a"
"14 Dec 99","5.5","n/a","n/a"
"13 Dec 99","5.5","n/a","n/a"
"10 Dec 99","5.5","n/a","n/a"
"09 Dec 99","5.5","n/a","n/a"
"08 Dec 99","5.5","n/a","n/a"
"07 Dec 99","5.5","n/a","n/a"
"06 Dec 99","5.5","n/a","n/a"
"03 Dec 99","5.5","n/a","n/a"
"02 Dec 99","5.5","n/a","n/a"
"01 Dec 99","5.5","n/a","n/a"
"30 Nov 99","5.5","n/a","n/a"
"29 Nov 99","5.5","n/a","n/a"
"26 Nov 99","5.5","n/a","n/a"
"25 Nov 99","5.5","n/a","n/a"
"24 Nov 99","5.5","n/a","n/a"
"23 Nov 99","5.5","n/a","n/a"
"22 Nov 99","5.5","n/a","n/a"
"19 Nov 99","5.5","n/a","n/a"
"18 Nov 99","5.5","n/a","n/a"
"17 Nov 99","5.5","n/a","n/a"
"16 Nov 99","5.5","n/a","n/a"
"15 Nov 99","5.5","n/a","n/a"
"12 Nov 99","5.5","n/a","n/a"
"11 Nov 99","5.5","n/a","n/a"
"10 Nov 99","5.5","n/a","n/a"
"09 Nov 99","5.5","n/a","n/a"
"08 Nov 99","5.5","n/a","n/a"
"05 Nov 99","5.5","n/a","n/a"
"04 Nov 99","5.5","n/a","n/a"
"03 Nov 99","5.25","n/a","n/a"
"02 Nov 99","5.25","n/a","n/a"
"01 Nov 99","5.25","n/a","n/a"
"29 Oct 99","5.25","n/a","n/a"
"28 Oct 99","5.25","n/a","n/a"
"27 Oct 99","5.25","n/a","n/a"
"26 Oct 99","5.25","n/a","n/a"
"25 Oct 99","5.25","n/a","n/a"
"22 Oct 99","5.25","n/a","n/a"
"21 Oct 99","5.25","n/a","n/a"
"20 Oct 99","5.25","n/a","n/a"
"19 Oct 99","5.25","n/a","n/a"
"18 Oct 99","5.25","n/a","n/a"
"15 Oct 99","5.25","n/a","n/a"
"14 Oct 99","5.25","n/a","n/a"
"13 Oct 99","5.25","n/a","n/a"
"12 Oct 99","5.25","n/a","n/a"
"11 Oct 99","5.25","n/a","n/a"
"08 Oct 99","5.25","n/a","n/a"
"07 Oct 99","5.25","n/a","n/a"
"06 Oct 99","5.25","n/a","n/a"
"05 Oct 99","5.25","n/a","n/a"
"04 Oct 99","5.25","n/a","n/a"
"01 Oct 99","5.25","n/a","n/a"
"30 Sep 99","5.25","5.0654","5.25"
"29 Sep 99","5.25","n/a","n/a"
"28 Sep 99","5.25","n/a","n/a"
"27 Sep 99","5.25","n/a","n/a"
"24 Sep 99","5.25","n/a","n/a"
"23 Sep 99","5.25","n/a","n/a"
"22 Sep 99","5.25","n/a","n/a"
"21 Sep 99","5.25","n/a","n/a"
"20 Sep 99","5.25","n/a","n/a"
"17 Sep 99","5.25","n/a","n/a"
"16 Sep 99","5.25","n/a","n/a"
"15 Sep 99","5.25","n/a","n/a"
"14 Sep 99","5.25","n/a","n/a"
"13 Sep 99","5.25","n/a","n/a"
"10 Sep 99","5.25","n/a","n/a"
"09 Sep 99","5.25","n/a","n/a"
"08 Sep 99","5.25","n/a","n/a"
"07 Sep 99","5","n/a","n/a"
"06 Sep 99","5","n/a","n/a"
"03 Sep 99","5","n/a","n/a"
"02 Sep 99","5","n/a","n/a"
"01 Sep 99","5","n/a","n/a"
"31 Aug 99","5","n/a","n/a"
"27 Aug 99","5","n/a","n/a"
"26 Aug 99","5","n/a","n/a"
"25 Aug 99","5","n/a","n/a"
"24 Aug 99","5","n/a","n/a"
"23 Aug 99","5","n/a","n/a"
"20 Aug 99","5","n/a","n/a"
"19 Aug 99","5","n/a","n/a"
"18 Aug 99","5","n/a","n/a"
"17 Aug 99","5","n/a","n/a"
"16 Aug 99","5","n/a","n/a"
"13 Aug 99","5","n/a","n/a"
"12 Aug 99","5","n/a","n/a"
"11 Aug 99","5","n/a","n/a"
"10 Aug 99","5","n/a","n/a"
"09 Aug 99","5","n/a","n/a"
"06 Aug 99","5","n/a","n/a"
"05 Aug 99","5","n/a","n/a"
"04 Aug 99","5","n/a","n/a"
"03 Aug 99","5","n/a","n/a"
"02 Aug 99","5","n/a","n/a"
"30 Jul 99","5","n/a","n/a"
"29 Jul 99","5","n/a","n/a"
"28 Jul 99","5","n/a","n/a"
"27 Jul 99","5","n/a","n/a"
"26 Jul 99","5","n/a","n/a"
"23 Jul 99","5","n/a","n/a"
"22 Jul 99","5","n/a","n/a"
"21 Jul 99","5","n/a","n/a"
"20 Jul 99","5","n/a","n/a"
"19 Jul 99","5","n/a","n/a"
"16 Jul 99","5","n/a","n/a"
"15 Jul 99","5","n/a","n/a"
"14 Jul 99","5","n/a","n/a"
"13 Jul 99","5","n/a","n/a"
"12 Jul 99","5","n/a","n/a"
"09 Jul 99","5","n/a","n/a"
"08 Jul 99","5","n/a","n/a"
"07 Jul 99","5","n/a","n/a"
"06 Jul 99","5","n/a","n/a"
"05 Jul 99","5","n/a","n/a"
"02 Jul 99","5","n/a","n/a"
"01 Jul 99","5","n/a","n/a"
"30 Jun 99","5","5.2008","5"
"29 Jun 99","5","n/a","n/a"
"28 Jun 99","5","n/a","n/a"
"25 Jun 99","5","n/a","n/a"
"24 Jun 99","5","n/a","n/a"
"23 Jun 99","5","n/a","n/a"
"22 Jun 99","5","n/a","n/a"
"21 Jun 99","5","n/a","n/a"
"18 Jun 99","5","n/a","n/a"
"17 Jun 99","5","n/a","n/a"
"16 Jun 99","5","n/a","n/a"
"15 Jun 99","5","n/a","n/a"
"14 Jun 99","5","n/a","n/a"
"11 Jun 99","5","n/a","n/a"
"10 Jun 99","5","n/a","n/a"
"09 Jun 99","5.25","n/a","n/a"
"08 Jun 99","5.25","n/a","n/a"
"07 Jun 99","5.25","n/a","n/a"
"04 Jun 99","5.25","n/a","n/a"
"03 Jun 99","5.25","n/a","n/a"
"02 Jun 99","5.25","n/a","n/a"
"01 Jun 99","5.25","n/a","n/a"
"28 May 99","5.25","n/a","n/a"
"27 May 99","5.25","n/a","n/a"
"26 May 99","5.25","n/a","n/a"
"25 May 99","5.25","n/a","n/a"
"24 May 99","5.25","n/a","n/a"
"21 May 99","5.25","n/a","n/a"
"20 May 99","5.25","n/a","n/a"
"19 May 99","5.25","n/a","n/a"
"18 May 99","5.25","n/a","n/a"
"17 May 99","5.25","n/a","n/a"
"14 May 99","5.25","n/a","n/a"
"13 May 99","5.25","n/a","n/a"
"12 May 99","5.25","n/a","n/a"
"11 May 99","5.25","n/a","n/a"
"10 May 99","5.25","n/a","n/a"
"07 May 99","5.25","n/a","n/a"
"06 May 99","5.25","n/a","n/a"
"05 May 99","5.25","n/a","n/a"
"04 May 99","5.25","n/a","n/a"
"30 Apr 99","5.25","n/a","n/a"
"29 Apr 99","5.25","n/a","n/a"
"28 Apr 99","5.25","n/a","n/a"
"27 Apr 99","5.25","n/a","n/a"
"26 Apr 99","5.25","n/a","n/a"
"23 Apr 99","5.25","n/a","n/a"
"22 Apr 99","5.25","n/a","n/a"
"21 Apr 99","5.25","n/a","n/a"
"20 Apr 99","5.25","n/a","n/a"
"19 Apr 99","5.25","n/a","n/a"
"16 Apr 99","5.25","n/a","n/a"
"15 Apr 99","5.25","n/a","n/a"
"14 Apr 99","5.25","n/a","n/a"
"13 Apr 99","5.25","n/a","n/a"
"12 Apr 99","5.25","n/a","n/a"
"09 Apr 99","5.25","n/a","n/a"
"08 Apr 99","5.25","n/a","n/a"
"07 Apr 99","5.5","n/a","n/a"
"06 Apr 99","5.5","n/a","n/a"
"01 Apr 99","5.5","n/a","n/a"
"31 Mar 99","5.5","5.6944","5.5"
"30 Mar 99","5.5","n/a","n/a"
"29 Mar 99","5.5","n/a","n/a"
"26 Mar 99","5.5","n/a","n/a"
"25 Mar 99","5.5","n/a","n/a"
"24 Mar 99","5.5","n/a","n/a"
"23 Mar 99","5.5","n/a","n/a"
"22 Mar 99","5.5","n/a","n/a"
"19 Mar 99","5.5","n/a","n/a"
"18 Mar 99","5.5","n/a","n/a"
"17 Mar 99","5.5","n/a","n/a"
"16 Mar 99","5.5","n/a","n/a"
"15 Mar 99","5.5","n/a","n/a"
"12 Mar 99","5.5","n/a","n/a"
"11 Mar 99","5.5","n/a","n/a"
"10 Mar 99","5.5","n/a","n/a"
"09 Mar 99","5.5","n/a","n/a"
"08 Mar 99","5.5","n/a","n/a"
"05 Mar 99","5.5","n/a","n/a"
"04 Mar 99","5.5","n/a","n/a"
"03 Mar 99","5.5","n/a","n/a"
"02 Mar 99","5.5","n/a","n/a"
"01 Mar 99","5.5","n/a","n/a"
"26 Feb 99","5.5","n/a","n/a"
"25 Feb 99","5.5","n/a","n/a"
"24 Feb 99","5.5","n/a","n/a"
"23 Feb 99","5.5","n/a","n/a"
"22 Feb 99","5.5","n/a","n/a"
"19 Feb 99","5.5","n/a","n/a"
"18 Feb 99","5.5","n/a","n/a"
"17 Feb 99","5.5","n/a","n/a"
"16 Feb 99","5.5","n/a","n/a"
"15 Feb 99","5.5","n/a","n/a"
"12 Feb 99","5.5","n/a","n/a"
"11 Feb 99","5.5","n/a","n/a"
"10 Feb 99","5.5","n/a","n/a"
"09 Feb 99","5.5","n/a","n/a"
"08 Feb 99","5.5","n/a","n/a"
"05 Feb 99","5.5","n/a","n/a"
"04 Feb 99","5.5","n/a","n/a"
"03 Feb 99","6","n/a","n/a"
"02 Feb 99","6","n/a","n/a"
"01 Feb 99","6","n/a","n/a"
"29 Jan 99","6","n/a","n/a"
"28 Jan 99","6","n/a","n/a"
"27 Jan 99","6","n/a","n/a"
"26 Jan 99","6","n/a","n/a"
"25 Jan 99","6","n/a","n/a"
"22 Jan 99","6","n/a","n/a"
"21 Jan 99","6","n/a","n/a"
"20 Jan 99","6","n/a","n/a"
"19 Jan 99","6","n/a","n/a"
"18 Jan 99","6","n/a","n/a"
"15 Jan 99","6","n/a","n/a"
"14 Jan 99","6","n/a","n/a"
"13 Jan 99","6","n/a","n/a"
"12 Jan 99","6","n/a","n/a"
"11 Jan 99","6","n/a","n/a"
"08 Jan 99","6","n/a","n/a"
"07 Jan 99","6","n/a","n/a"
"06 Jan 99","6.25","n/a","n/a"
"05 Jan 99","6.25","n/a","n/a"
"04 Jan 99","6.25","n/a","n/a"
"31 Dec 98","6.25","6.8555","6.25"
"30 Dec 98","6.25","n/a","n/a"
"29 Dec 98","6.25","n/a","n/a"
"24 Dec 98","6.25","n/a","n/a"
"23 Dec 98","6.25","n/a","n/a"
"22 Dec 98","6.25","n/a","n/a"
"21 Dec 98","6.25","n/a","n/a"
"18 Dec 98","6.25","n/a","n/a"
"17 Dec 98","6.25","n/a","n/a"
"16 Dec 98","6.25","n/a","n/a"
"15 Dec 98","6.25","n/a","n/a"
"14 Dec 98","6.25","n/a","n/a"
"11 Dec 98","6.25","n/a","n/a"
"10 Dec 98","6.25","n/a","n/a"
"09 Dec 98","6.75","n/a","n/a"
"08 Dec 98","6.75","n/a","n/a"
"07 Dec 98","6.75","n/a","n/a"
"04 Dec 98","6.75","n/a","n/a"
"03 Dec 98","6.75","n/a","n/a"
"02 Dec 98","6.75","n/a","n/a"
"01 Dec 98","6.75","n/a","n/a"
"30 Nov 98","6.75","n/a","n/a"
"27 Nov 98","6.75","n/a","n/a"
"26 Nov 98","6.75","n/a","n/a"
"25 Nov 98","6.75","n/a","n/a"
"24 Nov 98","6.75","n/a","n/a"
"23 Nov 98","6.75","n/a","n/a"
"20 Nov 98","6.75","n/a","n/a"
"19 Nov 98","6.75","n/a","n/a"
"18 Nov 98","6.75","n/a","n/a"
"17 Nov 98","6.75","n/a","n/a"
"16 Nov 98","6.75","n/a","n/a"
"13 Nov 98","6.75","n/a","n/a"
"12 Nov 98","6.75","n/a","n/a"
"11 Nov 98","6.75","n/a","n/a"
"10 Nov 98","6.75","n/a","n/a"
"09 Nov 98","6.75","n/a","n/a"
"06 Nov 98","6.75","n/a","n/a"
"05 Nov 98","6.75","n/a","n/a"
"04 Nov 98","7.25","n/a","n/a"
"03 Nov 98","7.25","n/a","n/a"
"02 Nov 98","7.25","n/a","n/a"
"30 Oct 98","7.25","n/a","n/a"
"29 Oct 98","7.25","n/a","n/a"
"28 Oct 98","7.25","n/a","n/a"
"27 Oct 98","7.25","n/a","n/a"
"26 Oct 98","7.25","n/a","n/a"
"23 Oct 98","7.25","n/a","n/a"
"22 Oct 98","7.25","n/a","n/a"
"21 Oct 98","7.25","n/a","n/a"
"20 Oct 98","7.25","n/a","n/a"
"19 Oct 98","7.25","n/a","n/a"
"16 Oct 98","7.25","n/a","n/a"
"15 Oct 98","7.25","n/a","n/a"
"14 Oct 98","7.25","n/a","n/a"
"13 Oct 98","7.25","n/a","n/a"
"12 Oct 98","7.25","n/a","n/a"
"09 Oct 98","7.25","n/a","n/a"
"08 Oct 98","7.25","n/a","n/a"
"07 Oct 98","7.5","n/a","n/a"
"06 Oct 98","7.5","n/a","n/a"
"05 Oct 98","7.5","n/a","n/a"
"02 Oct 98","7.5","n/a","n/a"
"01 Oct 98","7.5","n/a","n/a"
"30 Sep 98","7.5","7.5","7.5"
"29 Sep 98","7.5","n/a","n/a"
"28 Sep 98","7.5","n/a","n/a"
"25 Sep 98","7.5","n/a","n/a"
"24 Sep 98","7.5","n/a","n/a"
"23 Sep 98","7.5","n/a","n/a"
"22 Sep 98","7.5","n/a","n/a"
"21 Sep 98","7.5","n/a","n/a"
"18 Sep 98","7.5","n/a","n/a"
"17 Sep 98","7.5","n/a","n/a"
"16 Sep 98","7.5","n/a","n/a"
"15 Sep 98","7.5","n/a","n/a"
"14 Sep 98","7.5","n/a","n/a"
"11 Sep 98","7.5","n/a","n/a"
"10 Sep 98","7.5","n/a","n/a"
"09 Sep 98","7.5","n/a","n/a"
"08 Sep 98","7.5","n/a","n/a"
"07 Sep 98","7.5","n/a","n/a"
"04 Sep 98","7.5","n/a","n/a"
"03 Sep 98","7.5","n/a","n/a"
"02 Sep 98","7.5","n/a","n/a"
"01 Sep 98","7.5","n/a","n/a"
"28 Aug 98","7.5","n/a","n/a"
"27 Aug 98","7.5","n/a","n/a"
"26 Aug 98","7.5","n/a","n/a"
"25 Aug 98","7.5","n/a","n/a"
"24 Aug 98","7.5","n/a","n/a"
"21 Aug 98","7.5","n/a","n/a"
"20 Aug 98","7.5","n/a","n/a"
"19 Aug 98","7.5","n/a","n/a"
"18 Aug 98","7.5","n/a","n/a"
"17 Aug 98","7.5","n/a","n/a"
"14 Aug 98","7.5","n/a","n/a"
"13 Aug 98","7.5","n/a","n/a"
"12 Aug 98","7.5","n/a","n/a"
"11 Aug 98","7.5","n/a","n/a"
"10 Aug 98","7.5","n/a","n/a"
"07 Aug 98","7.5","n/a","n/a"
"06 Aug 98","7.5","n/a","n/a"
"05 Aug 98","7.5","n/a","n/a"
"04 Aug 98","7.5","n/a","n/a"
"03 Aug 98","7.5","n/a","n/a"
"31 Jul 98","7.5","n/a","n/a"
"30 Jul 98","7.5","n/a","n/a"
"29 Jul 98","7.5","n/a","n/a"
"28 Jul 98","7.5","n/a","n/a"
"27 Jul 98","7.5","n/a","n/a"
"24 Jul 98","7.5","n/a","n/a"
"23 Jul 98","7.5","n/a","n/a"
"22 Jul 98","7.5","n/a","n/a"
"21 Jul 98","7.5","n/a","n/a"
"20 Jul 98","7.5","n/a","n/a"
"17 Jul 98","7.5","n/a","n/a"
"16 Jul 98","7.5","n/a","n/a"
"15 Jul 98","7.5","n/a","n/a"
"14 Jul 98","7.5","n/a","n/a"
"13 Jul 98","7.5","n/a","n/a"
"10 Jul 98","7.5","n/a","n/a"
"09 Jul 98","7.5","n/a","n/a"
"08 Jul 98","7.5","n/a","n/a"
"07 Jul 98","7.5","n/a","n/a"
"06 Jul 98","7.5","n/a","n/a"
"03 Jul 98","7.5","n/a","n/a"
"02 Jul 98","7.5","n/a","n/a"
"01 Jul 98","7.5","n/a","n/a"
"30 Jun 98","7.5","7.3279","7.5"
"29 Jun 98","7.5","n/a","n/a"
"26 Jun 98","7.5","n/a","n/a"
"25 Jun 98","7.5","n/a","n/a"
"24 Jun 98","7.5","n/a","n/a"
"23 Jun 98","7.5","n/a","n/a"
"22 Jun 98","7.5","n/a","n/a"
"19 Jun 98","7.5","n/a","n/a"
"18 Jun 98","7.5","n/a","n/a"
"17 Jun 98","7.5","n/a","n/a"
"16 Jun 98","7.5","n/a","n/a"
"15 Jun 98","7.5","n/a","n/a"
"12 Jun 98","7.5","n/a","n/a"
"11 Jun 98","7.5","n/a","n/a"
"10 Jun 98","7.5","n/a","n/a"
"09 Jun 98","7.5","n/a","n/a"
"08 Jun 98","7.5","n/a","n/a"
"05 Jun 98","7.5","n/a","n/a"
"04 Jun 98","7.5","n/a","n/a"
"03 Jun 98","7.25","n/a","n/a"
"02 Jun 98","7.25","n/a","n/a"
"01 Jun 98","7.25","n/a","n/a"
"29 May 98","7.25","n/a","n/a"
"28 May 98","7.25","n/a","n/a"
"27 May 98","7.25","n/a","n/a"
"26 May 98","7.25","n/a","n/a"
"22 May 98","7.25","n/a","n/a"
"21 May 98","7.25","n/a","n/a"
"20 May 98","7.25","n/a","n/a"
"19 May 98","7.25","n/a","n/a"
"18 May 98","7.25","n/a","n/a"
"15 May 98","7.25","n/a","n/a"
"14 May 98","7.25","n/a","n/a"
"13 May 98","7.25","n/a","n/a"
"12 May 98","7.25","n/a","n/a"
"11 May 98","7.25","n/a","n/a"
"08 May 98","7.25","n/a","n/a"
"07 May 98","7.25","n/a","n/a"
"06 May 98","7.25","n/a","n/a"
"05 May 98","7.25","n/a","n/a"
"01 May 98","7.25","n/a","n/a"
"30 Apr 98","7.25","n/a","n/a"
"29 Apr 98","7.25","n/a","n/a"
"28 Apr 98","7.25","n/a","n/a"
"27 Apr 98","7.25","n/a","n/a"
"24 Apr 98","7.25","n/a","n/a"
"23 Apr 98","7.25","n/a","n/a"
"22 Apr 98","7.25","n/a","n/a"
"21 Apr 98","7.25","n/a","n/a"
"20 Apr 98","7.25","n/a","n/a"
"17 Apr 98","7.25","n/a","n/a"
"16 Apr 98","7.25","n/a","n/a"
"15 Apr 98","7.25","n/a","n/a"
"14 Apr 98","7.25","n/a","n/a"
"09 Apr 98","7.25","n/a","n/a"
"08 Apr 98","7.25","n/a","n/a"
"07 Apr 98","7.25","n/a","n/a"
"06 Apr 98","7.25","n/a","n/a"
"03 Apr 98","7.25","n/a","n/a"
"02 Apr 98","7.25","n/a","n/a"
"01 Apr 98","7.25","n/a","n/a"
"31 Mar 98","7.25","7.25","7.25"
"30 Mar 98","7.25","n/a","n/a"
"27 Mar 98","7.25","n/a","n/a"
"26 Mar 98","7.25","n/a","n/a"
"25 Mar 98","7.25","n/a","n/a"
"24 Mar 98","7.25","n/a","n/a"
"23 Mar 98","7.25","n/a","n/a"
"20 Mar 98","7.25","n/a","n/a"
"19 Mar 98","7.25","n/a","n/a"
"18 Mar 98","7.25","n/a","n/a"
"17 Mar 98","7.25","n/a","n/a"
"16 Mar 98","7.25","n/a","n/a"
"13 Mar 98","7.25","n/a","n/a"
"12 Mar 98","7.25","n/a","n/a"
"11 Mar 98","7.25","n/a","n/a"
"10 Mar 98","7.25","n/a","n/a"
"09 Mar 98","7.25","n/a","n/a"
"06 Mar 98","7.25","n/a","n/a"
"05 Mar 98","7.25","n/a","n/a"
"04 Mar 98","7.25","n/a","n/a"
"03 Mar 98","7.25","n/a","n/a"
"02 Mar 98","7.25","n/a","n/a"
"27 Feb 98","7.25","n/a","n/a"
"26 Feb 98","7.25","n/a","n/a"
"25 Feb 98","7.25","n/a","n/a"
"24 Feb 98","7.25","n/a","n/a"
"23 Feb 98","7.25","n/a","n/a"
"20 Feb 98","7.25","n/a","n/a"
"19 Feb 98","7.25","n/a","n/a"
"18 Feb 98","7.25","n/a","n/a"
"17 Feb 98","7.25","n/a","n/a"
"16 Feb 98","7.25","n/a","n/a"
"13 Feb 98","7.25","n/a","n/a"
"12 Feb 98","7.25","n/a","n/a"
"11 Feb 98","7.25","n/a","n/a"
"10 Feb 98","7.25","n/a","n/a"
"09 Feb 98","7.25","n/a","n/a"
"06 Feb 98","7.25","n/a","n/a"
"05 Feb 98","7.25","n/a","n/a"
"04 Feb 98","7.25","n/a","n/a"
"03 Feb 98","7.25","n/a","n/a"
"02 Feb 98","7.25","n/a","n/a"
"30 Jan 98","7.25","n/a","n/a"
"29 Jan 98","7.25","n/a","n/a"
"28 Jan 98","7.25","n/a","n/a"
"27 Jan 98","7.25","n/a","n/a"
"26 Jan 98","7.25","n/a","n/a"
"23 Jan 98","7.25","n/a","n/a"
"22 Jan 98","7.25","n/a","n/a"
"21 Jan 98","7.25","n/a","n/a"
"20 Jan 98","7.25","n/a","n/a"
"19 Jan 98","7.25","n/a","n/a"
"16 Jan 98","7.25","n/a","n/a"
"15 Jan 98","7.25","n/a","n/a"
"14 Jan 98","7.25","n/a","n/a"
"13 Jan 98","7.25","n/a","n/a"
"12 Jan 98","7.25","n/a","n/a"
"09 Jan 98","7.25","n/a","n/a"
"08 Jan 98","7.25","n/a","n/a"
"07 Jan 98","7.25","n/a","n/a"
"06 Jan 98","7.25","n/a","n/a"
"05 Jan 98","7.25","n/a","n/a"
"02 Jan 98","7.25","n/a","n/a"
"31 Dec 97","7.25","7.1484","7.25"
"30 Dec 97","7.25","n/a","n/a"
"29 Dec 97","7.25","n/a","n/a"
"24 Dec 97","7.25","n/a","n/a"
"23 Dec 97","7.25","n/a","n/a"
"22 Dec 97","7.25","n/a","n/a"
"19 Dec 97","7.25","n/a","n/a"
"18 Dec 97","7.25","n/a","n/a"
"17 Dec 97","7.25","n/a","n/a"
"16 Dec 97","7.25","n/a","n/a"
"15 Dec 97","7.25","n/a","n/a"
"12 Dec 97","7.25","n/a","n/a"
"11 Dec 97","7.25","n/a","n/a"
"10 Dec 97","7.25","n/a","n/a"
"09 Dec 97","7.25","n/a","n/a"
"08 Dec 97","7.25","n/a","n/a"
"05 Dec 97","7.25","n/a","n/a"
"04 Dec 97","7.25","n/a","n/a"
"03 Dec 97","7.25","n/a","n/a"
"02 Dec 97","7.25","n/a","n/a"
"01 Dec 97","7.25","n/a","n/a"
"28 Nov 97","7.25","n/a","n/a"
"27 Nov 97","7.25","n/a","n/a"
"26 Nov 97","7.25","n/a","n/a"
"25 Nov 97","7.25","n/a","n/a"
"24 Nov 97","7.25","n/a","n/a"
"21 Nov 97","7.25","n/a","n/a"
"20 Nov 97","7.25","n/a","n/a"
"19 Nov 97","7.25","n/a","n/a"
"18 Nov 97","7.25","n/a","n/a"
"17 Nov 97","7.25","n/a","n/a"
"14 Nov 97","7.25","n/a","n/a"
"13 Nov 97","7.25","n/a","n/a"
"12 Nov 97","7.25","n/a","n/a"
"11 Nov 97","7.25","n/a","n/a"
"10 Nov 97","7.25","n/a","n/a"
"07 Nov 97","7.25","n/a","n/a"
"06 Nov 97","7.25","n/a","n/a"
"05 Nov 97","7","n/a","n/a"
"04 Nov 97","7","n/a","n/a"
"03 Nov 97","7","n/a","n/a"
"31 Oct 97","7","n/a","n/a"
"30 Oct 97","7","n/a","n/a"
"29 Oct 97","7","n/a","n/a"
"28 Oct 97","7","n/a","n/a"
"27 Oct 97","7","n/a","n/a"
"24 Oct 97","7","n/a","n/a"
"23 Oct 97","7","n/a","n/a"
"22 Oct 97","7","n/a","n/a"
"21 Oct 97","7","n/a","n/a"
"20 Oct 97","7","n/a","n/a"
"17 Oct 97","7","n/a","n/a"
"16 Oct 97","7","n/a","n/a"
"15 Oct 97","7","n/a","n/a"
"14 Oct 97","7","n/a","n/a"
"13 Oct 97","7","n/a","n/a"
"10 Oct 97","7","n/a","n/a"
"09 Oct 97","7","n/a","n/a"
"08 Oct 97","7","n/a","n/a"
"07 Oct 97","7","n/a","n/a"
"06 Oct 97","7","n/a","n/a"
"03 Oct 97","7","n/a","n/a"
"02 Oct 97","7","n/a","n/a"
"01 Oct 97","7","n/a","n/a"
"30 Sep 97","7","6.8692","7"
"29 Sep 97","7","n/a","n/a"
"26 Sep 97","7","n/a","n/a"
"25 Sep 97","7","n/a","n/a"
"24 Sep 97","7","n/a","n/a"
"23 Sep 97","7","n/a","n/a"
"22 Sep 97","7","n/a","n/a"
"19 Sep 97","7","n/a","n/a"
"18 Sep 97","7","n/a","n/a"
"17 Sep 97","7","n/a","n/a"
"16 Sep 97","7","n/a","n/a"
"15 Sep 97","7","n/a","n/a"
"12 Sep 97","7","n/a","n/a"
"11 Sep 97","7","n/a","n/a"
"10 Sep 97","7","n/a","n/a"
"09 Sep 97","7","n/a","n/a"
"08 Sep 97","7","n/a","n/a"
"05 Sep 97","7","n/a","n/a"
"04 Sep 97","7","n/a","n/a"
"03 Sep 97","7","n/a","n/a"
"02 Sep 97","7","n/a","n/a"
"01 Sep 97","7","n/a","n/a"
"29 Aug 97","7","n/a","n/a"
"28 Aug 97","7","n/a","n/a"
"27 Aug 97","7","n/a","n/a"
"26 Aug 97","7","n/a","n/a"
"22 Aug 97","7","n/a","n/a"
"21 Aug 97","7","n/a","n/a"
"20 Aug 97","7","n/a","n/a"
"19 Aug 97","7","n/a","n/a"
"18 Aug 97","7","n/a","n/a"
"15 Aug 97","7","n/a","n/a"
"14 Aug 97","7","n/a","n/a"
"13 Aug 97","7","n/a","n/a"
"12 Aug 97","7","n/a","n/a"
"11 Aug 97","7","n/a","n/a"
"08 Aug 97","7","n/a","n/a"
"07 Aug 97","7","n/a","n/a"
"06 Aug 97","6.75","n/a","n/a"
"05 Aug 97","6.75","n/a","n/a"
"04 Aug 97","6.75","n/a","n/a"
"01 Aug 97","6.75","n/a","n/a"
"31 Jul 97","6.75","n/a","n/a"
"30 Jul 97","6.75","n/a","n/a"
"29 Jul 97","6.75","n/a","n/a"
"28 Jul 97","6.75","n/a","n/a"
"25 Jul 97","6.75","n/a","n/a"
"24 Jul 97","6.75","n/a","n/a"
"23 Jul 97","6.75","n/a","n/a"
"22 Jul 97","6.75","n/a","n/a"
"21 Jul 97","6.75","n/a","n/a"
"18 Jul 97","6.75","n/a","n/a"
"17 Jul 97","6.75","n/a","n/a"
"16 Jul 97","6.75","n/a","n/a"
"15 Jul 97","6.75","n/a","n/a"
"14 Jul 97","6.75","n/a","n/a"
"11 Jul 97","6.75","n/a","n/a"
"10 Jul 97","6.75","n/a","n/a"
"09 Jul 97","6.5","n/a","n/a"
"08 Jul 97","6.5","n/a","n/a"
"07 Jul 97","6.5","n/a","n/a"
"04 Jul 97","6.5","n/a","n/a"
"03 Jul 97","6.5","n/a","n/a"
"02 Jul 97","6.5","n/a","n/a"
"01 Jul 97","6.5","n/a","n/a"
"30 Jun 97","6.5","6.1984","6.5"
"27 Jun 97","6.5","n/a","n/a"
"26 Jun 97","6.5","n/a","n/a"
"25 Jun 97","6.5","n/a","n/a"
"24 Jun 97","6.5","n/a","n/a"
"23 Jun 97","6.5","n/a","n/a"
"20 Jun 97","6.5","n/a","n/a"
"19 Jun 97","6.5","n/a","n/a"
"18 Jun 97","6.5","n/a","n/a"
"17 Jun 97","6.5","n/a","n/a"
"16 Jun 97","6.5","n/a","n/a"
"13 Jun 97","6.5","n/a","n/a"
"12 Jun 97","6.5","n/a","n/a"
"11 Jun 97","6.5","n/a","n/a"
"10 Jun 97","6.5","n/a","n/a"
"09 Jun 97","6.5","n/a","n/a"
"06 Jun 97","6.5","n/a","n/a"
"05 Jun 97","6.25","n/a","n/a"
"04 Jun 97","6.25","n/a","n/a"
"03 Jun 97","6.25","n/a","n/a"
"02 Jun 97","6.25","n/a","n/a"
"30 May 97","6.25","n/a","n/a"
"29 May 97","6.25","n/a","n/a"
"28 May 97","6.25","n/a","n/a"
"27 May 97","6.25","n/a","n/a"
"23 May 97","6.25","n/a","n/a"
"22 May 97","6.25","n/a","n/a"
"21 May 97","6.25","n/a","n/a"
"20 May 97","6.25","n/a","n/a"
"19 May 97","6.25","n/a","n/a"
"16 May 97","6.25","n/a","n/a"
"15 May 97","6.25","n/a","n/a"
"14 May 97","6.25","n/a","n/a"
"13 May 97","6.25","n/a","n/a"
"12 May 97","6.25","n/a","n/a"
"09 May 97","6.25","n/a","n/a"
"08 May 97","6.25","n/a","n/a"
"07 May 97","6.25","n/a","n/a"
"06 May 97","6.25","n/a","n/a"
"02 May 97","5.9375","n/a","n/a"
"01 May 97","5.9375","n/a","n/a"
"30 Apr 97","5.9375","n/a","n/a"
"29 Apr 97","5.9375","n/a","n/a"
"28 Apr 97","5.9375","n/a","n/a"
"25 Apr 97","5.9375","n/a","n/a"
"24 Apr 97","5.9375","n/a","n/a"
"23 Apr 97","5.9375","n/a","n/a"
"22 Apr 97","5.9375","n/a","n/a"
"21 Apr 97","5.9375","n/a","n/a"
"18 Apr 97","5.9375","n/a","n/a"
"17 Apr 97","5.9375","n/a","n/a"
"16 Apr 97","5.9375","n/a","n/a"
"15 Apr 97","5.9375","n/a","n/a"
"14 Apr 97","5.9375","n/a","n/a"
"11 Apr 97","5.9375","n/a","n/a"
"10 Apr 97","5.9375","n/a","n/a"
"09 Apr 97","5.9375","n/a","n/a"
"08 Apr 97","5.9375","n/a","n/a"
"07 Apr 97","5.9375","n/a","n/a"
"04 Apr 97","5.9375","n/a","n/a"
"03 Apr 97","5.9375","n/a","n/a"
"02 Apr 97","5.9375","n/a","n/a"
"01 Apr 97","5.9375","n/a","n/a"
"31 Mar 97","n/a","5.9375","5.9375"
"27 Mar 97","5.9375","n/a","n/a"
"26 Mar 97","5.9375","n/a","n/a"
"25 Mar 97","5.9375","n/a","n/a"
"24 Mar 97","5.9375","n/a","n/a"
"21 Mar 97","5.9375","n/a","n/a"
"20 Mar 97","5.9375","n/a","n/a"
"19 Mar 97","5.9375","n/a","n/a"
"18 Mar 97","5.9375","n/a","n/a"
"17 Mar 97","5.9375","n/a","n/a"
"14 Mar 97","5.9375","n/a","n/a"
"13 Mar 97","5.9375","n/a","n/a"
"12 Mar 97","5.9375","n/a","n/a"
"11 Mar 97","5.9375","n/a","n/a"
"10 Mar 97","5.9375","n/a","n/a"
"07 Mar 97","5.9375","n/a","n/a"
"06 Mar 97","5.9375","n/a","n/a"
"05 Mar 97","5.9375","n/a","n/a"
"04 Mar 97","5.9375","n/a","n/a"
"03 Mar 97","5.9375","n/a","n/a"
"28 Feb 97","5.9375","n/a","n/a"
"27 Feb 97","5.9375","n/a","n/a"
"26 Feb 97","5.9375","n/a","n/a"
"25 Feb 97","5.9375","n/a","n/a"
"24 Feb 97","5.9375","n/a","n/a"
"21 Feb 97","5.9375","n/a","n/a"
"20 Feb 97","5.9375","n/a","n/a"
"19 Feb 97","5.9375","n/a","n/a"
"18 Feb 97","5.9375","n/a","n/a"
"17 Feb 97","5.9375","n/a","n/a"
"14 Feb 97","5.9375","n/a","n/a"
"13 Feb 97","5.9375","n/a","n/a"
"12 Feb 97","5.9375","n/a","n/a"
"11 Feb 97","5.9375","n/a","n/a"
"10 Feb 97","5.9375","n/a","n/a"
"07 Feb 97","5.9375","n/a","n/a"
"06 Feb 97","5.9375","n/a","n/a"
"05 Feb 97","5.9375","n/a","n/a"
"04 Feb 97","5.9375","n/a","n/a"
"03 Feb 97","5.9375","n/a","n/a"
"31 Jan 97","5.9375","n/a","n/a"
"30 Jan 97","5.9375","n/a","n/a"
"29 Jan 97","5.9375","n/a","n/a"
"28 Jan 97","5.9375","n/a","n/a"
"27 Jan 97","5.9375","n/a","n/a"
"24 Jan 97","5.9375","n/a","n/a"
"23 Jan 97","5.9375","n/a","n/a"
"22 Jan 97","5.9375","n/a","n/a"
"21 Jan 97","5.9375","n/a","n/a"
"20 Jan 97","5.9375","n/a","n/a"
"17 Jan 97","5.9375","n/a","n/a"
"16 Jan 97","5.9375","n/a","n/a"
"15 Jan 97","5.9375","n/a","n/a"
"14 Jan 97","5.9375","n/a","n/a"
"13 Jan 97","5.9375","n/a","n/a"
"10 Jan 97","5.9375","n/a","n/a"
"09 Jan 97","5.9375","n/a","n/a"
"08 Jan 97","5.9375","n/a","n/a"
"07 Jan 97","5.9375","n/a","n/a"
"06 Jan 97","5.9375","n/a","n/a"
"03 Jan 97","5.9375","n/a","n/a"
"02 Jan 97","5.9375","n/a","n/a"
"31 Dec 96","5.9375","5.8555","5.9375"
"30 Dec 96","5.9375","n/a","n/a"
"27 Dec 96","5.9375","n/a","n/a"
"24 Dec 96","5.9375","n/a","n/a"
"23 Dec 96","5.9375","n/a","n/a"
"20 Dec 96","5.9375","n/a","n/a"
"19 Dec 96","5.9375","n/a","n/a"
"18 Dec 96","5.9375","n/a","n/a"
"17 Dec 96","5.9375","n/a","n/a"
"16 Dec 96","5.9375","n/a","n/a"
"13 Dec 96","5.9375","n/a","n/a"
"12 Dec 96","5.9375","n/a","n/a"
"11 Dec 96","5.9375","n/a","n/a"
"10 Dec 96","5.9375","n/a","n/a"
"09 Dec 96","5.9375","n/a","n/a"
"06 Dec 96","5.9375","n/a","n/a"
"05 Dec 96","5.9375","n/a","n/a"
"04 Dec 96","5.9375","n/a","n/a"
"03 Dec 96","5.9375","n/a","n/a"
"02 Dec 96","5.9375","n/a","n/a"
"29 Nov 96","5.9375","n/a","n/a"
"28 Nov 96","5.9375","n/a","n/a"
"27 Nov 96","5.9375","n/a","n/a"
"26 Nov 96","5.9375","n/a","n/a"
"25 Nov 96","5.9375","n/a","n/a"
"22 Nov 96","5.9375","n/a","n/a"
"21 Nov 96","5.9375","n/a","n/a"
"20 Nov 96","5.9375","n/a","n/a"
"19 Nov 96","5.9375","n/a","n/a"
"18 Nov 96","5.9375","n/a","n/a"
"15 Nov 96","5.9375","n/a","n/a"
"14 Nov 96","5.9375","n/a","n/a"
"13 Nov 96","5.9375","n/a","n/a"
"12 Nov 96","5.9375","n/a","n/a"
"11 Nov 96","5.9375","n/a","n/a"
"08 Nov 96","5.9375","n/a","n/a"
"07 Nov 96","5.9375","n/a","n/a"
"06 Nov 96","5.9375","n/a","n/a"
"05 Nov 96","5.9375","n/a","n/a"
"04 Nov 96","5.9375","n/a","n/a"
"01 Nov 96","5.9375","n/a","n/a"
"31 Oct 96","5.9375","n/a","n/a"
"30 Oct 96","5.9375","n/a","n/a"
"29 Oct 96","5.6875","n/a","n/a"
"28 Oct 96","5.6875","n/a","n/a"
"25 Oct 96","5.6875","n/a","n/a"
"24 Oct 96","5.6875","n/a","n/a"
"23 Oct 96","5.6875","n/a","n/a"
"22 Oct 96","5.6875","n/a","n/a"
"21 Oct 96","5.6875","n/a","n/a"
"18 Oct 96","5.6875","n/a","n/a"
"17 Oct 96","5.6875","n/a","n/a"
"16 Oct 96","5.6875","n/a","n/a"
"15 Oct 96","5.6875","n/a","n/a"
"14 Oct 96","5.6875","n/a","n/a"
"11 Oct 96","5.6875","n/a","n/a"
"10 Oct 96","5.6875","n/a","n/a"
"09 Oct 96","5.6875","n/a","n/a"
"08 Oct 96","5.6875","n/a","n/a"
"07 Oct 96","5.6875","n/a","n/a"
"04 Oct 96","5.6875","n/a","n/a"
"03 Oct 96","5.6875","n/a","n/a"
"02 Oct 96","5.6875","n/a","n/a"
"01 Oct 96","5.6875","n/a","n/a"
"30 Sep 96","5.6875","5.6875","5.6875"
"27 Sep 96","5.6875","n/a","n/a"
"26 Sep 96","5.6875","n/a","n/a"
"25 Sep 96","5.6875","n/a","n/a"
"24 Sep 96","5.6875","n/a","n/a"
"23 Sep 96","5.6875","n/a","n/a"
"20 Sep 96","5.6875","n/a","n/a"
"19 Sep 96","5.6875","n/a","n/a"
"18 Sep 96","5.6875","n/a","n/a"
"17 Sep 96","5.6875","n/a","n/a"
"16 Sep 96","5.6875","n/a","n/a"
"13 Sep 96","5.6875","n/a","n/a"
"12 Sep 96","5.6875","n/a","n/a"
"11 Sep 96","5.6875","n/a","n/a"
"10 Sep 96","5.6875","n/a","n/a"
"09 Sep 96","5.6875","n/a","n/a"
"06 Sep 96","5.6875","n/a","n/a"
"05 Sep 96","5.6875","n/a","n/a"
"04 Sep 96","5.6875","n/a","n/a"
"03 Sep 96","5.6875","n/a","n/a"
"02 Sep 96","5.6875","n/a","n/a"
"30 Aug 96","5.6875","n/a","n/a"
"29 Aug 96","5.6875","n/a","n/a"
"28 Aug 96","5.6875","n/a","n/a"
"27 Aug 96","5.6875","n/a","n/a"
"23 Aug 96","5.6875","n/a","n/a"
"22 Aug 96","5.6875","n/a","n/a"
"21 Aug 96","5.6875","n/a","n/a"
"20 Aug 96","5.6875","n/a","n/a"
"19 Aug 96","5.6875","n/a","n/a"
"16 Aug 96","5.6875","n/a","n/a"
"15 Aug 96","5.6875","n/a","n/a"
"14 Aug 96","5.6875","n/a","n/a"
"13 Aug 96","5.6875","n/a","n/a"
"12 Aug 96","5.6875","n/a","n/a"
"09 Aug 96","5.6875","n/a","n/a"
"08 Aug 96","5.6875","n/a","n/a"
"07 Aug 96","5.6875","n/a","n/a"
"06 Aug 96","5.6875","n/a","n/a"
"05 Aug 96","5.6875","n/a","n/a"
"02 Aug 96","5.6875","n/a","n/a"
"01 Aug 96","5.6875","n/a","n/a"
"31 Jul 96","5.6875","n/a","n/a"
"30 Jul 96","5.6875","n/a","n/a"
"29 Jul 96","5.6875","n/a","n/a"
"26 Jul 96","5.6875","n/a","n/a"
"25 Jul 96","5.6875","n/a","n/a"
"24 Jul 96","5.6875","n/a","n/a"
"23 Jul 96","5.6875","n/a","n/a"
"22 Jul 96","5.6875","n/a","n/a"
"19 Jul 96","5.6875","n/a","n/a"
"18 Jul 96","5.6875","n/a","n/a"
"17 Jul 96","5.6875","n/a","n/a"
"16 Jul 96","5.6875","n/a","n/a"
"15 Jul 96","5.6875","n/a","n/a"
"12 Jul 96","5.6875","n/a","n/a"
"11 Jul 96","5.6875","n/a","n/a"
"10 Jul 96","5.6875","n/a","n/a"
"09 Jul 96","5.6875","n/a","n/a"
"08 Jul 96","5.6875","n/a","n/a"
"05 Jul 96","5.6875","n/a","n/a"
"04 Jul 96","5.6875","n/a","n/a"
"03 Jul 96","5.6875","n/a","n/a"
"02 Jul 96","5.6875","n/a","n/a"
"01 Jul 96","5.6875","n/a","n/a"
"30 Jun 96","n/a","5.8678","5.6875"
"28 Jun 96","5.6875","n/a","n/a"
"27 Jun 96","5.6875","n/a","n/a"
"26 Jun 96","5.6875","n/a","n/a"
"25 Jun 96","5.6875","n/a","n/a"
"24 Jun 96","5.6875","n/a","n/a"
"21 Jun 96","5.6875","n/a","n/a"
"20 Jun 96","5.6875","n/a","n/a"
"19 Jun 96","5.6875","n/a","n/a"
"18 Jun 96","5.6875","n/a","n/a"
"17 Jun 96","5.6875","n/a","n/a"
"14 Jun 96","5.6875","n/a","n/a"
"13 Jun 96","5.6875","n/a","n/a"
"12 Jun 96","5.6875","n/a","n/a"
"11 Jun 96","5.6875","n/a","n/a"
"10 Jun 96","5.6875","n/a","n/a"
"07 Jun 96","5.6875","n/a","n/a"
"06 Jun 96","5.6875","n/a","n/a"
"05 Jun 96","5.9375","n/a","n/a"
"04 Jun 96","5.9375","n/a","n/a"
"03 Jun 96","5.9375","n/a","n/a"
"31 May 96","5.9375","n/a","n/a"
"30 May 96","5.9375","n/a","n/a"
"29 May 96","5.9375","n/a","n/a"
"28 May 96","5.9375","n/a","n/a"
"24 May 96","5.9375","n/a","n/a"
"23 May 96","5.9375","n/a","n/a"
"22 May 96","5.9375","n/a","n/a"
"21 May 96","5.9375","n/a","n/a"
"20 May 96","5.9375","n/a","n/a"
"17 May 96","5.9375","n/a","n/a"
"16 May 96","5.9375","n/a","n/a"
"15 May 96","5.9375","n/a","n/a"
"14 May 96","5.9375","n/a","n/a"
"13 May 96","5.9375","n/a","n/a"
"10 May 96","5.9375","n/a","n/a"
"09 May 96","5.9375","n/a","n/a"
"08 May 96","5.9375","n/a","n/a"
"07 May 96","5.9375","n/a","n/a"
"03 May 96","5.9375","n/a","n/a"
"02 May 96","5.9375","n/a","n/a"
"01 May 96","5.9375","n/a","n/a"
"30 Apr 96","5.9375","n/a","n/a"
"29 Apr 96","5.9375","n/a","n/a"
"26 Apr 96","5.9375","n/a","n/a"
"25 Apr 96","5.9375","n/a","n/a"
"24 Apr 96","5.9375","n/a","n/a"
"23 Apr 96","5.9375","n/a","n/a"
"22 Apr 96","5.9375","n/a","n/a"
"19 Apr 96","5.9375","n/a","n/a"
"18 Apr 96","5.9375","n/a","n/a"
"17 Apr 96","5.9375","n/a","n/a"
"16 Apr 96","5.9375","n/a","n/a"
"15 Apr 96","5.9375","n/a","n/a"
"12 Apr 96","5.9375","n/a","n/a"
"11 Apr 96","5.9375","n/a","n/a"
"10 Apr 96","5.9375","n/a","n/a"
"09 Apr 96","5.9375","n/a","n/a"
"04 Apr 96","5.9375","n/a","n/a"
"03 Apr 96","5.9375","n/a","n/a"
"02 Apr 96","5.9375","n/a","n/a"
"01 Apr 96","5.9375","n/a","n/a"
"31 Mar 96","n/a","6.125","5.9375"
"29 Mar 96","5.9375","n/a","n/a"
"28 Mar 96","5.9375","n/a","n/a"
"27 Mar 96","5.9375","n/a","n/a"
"26 Mar 96","5.9375","n/a","n/a"
"25 Mar 96","5.9375","n/a","n/a"
"22 Mar 96","5.9375","n/a","n/a"
"21 Mar 96","5.9375","n/a","n/a"
"20 Mar 96","5.9375","n/a","n/a"
"19 Mar 96","5.9375","n/a","n/a"
"18 Mar 96","5.9375","n/a","n/a"
"15 Mar 96","5.9375","n/a","n/a"
"14 Mar 96","5.9375","n/a","n/a"
"13 Mar 96","5.9375","n/a","n/a"
"12 Mar 96","5.9375","n/a","n/a"
"11 Mar 96","5.9375","n/a","n/a"
"08 Mar 96","5.9375","n/a","n/a"
"07 Mar 96","6.125","n/a","n/a"
"06 Mar 96","6.125","n/a","n/a"
"05 Mar 96","6.125","n/a","n/a"
"04 Mar 96","6.125","n/a","n/a"
"01 Mar 96","6.125","n/a","n/a"
"29 Feb 96","6.125","n/a","n/a"
"28 Feb 96","6.125","n/a","n/a"
"27 Feb 96","6.125","n/a","n/a"
"26 Feb 96","6.125","n/a","n/a"
"23 Feb 96","6.125","n/a","n/a"
"22 Feb 96","6.125","n/a","n/a"
"21 Feb 96","6.125","n/a","n/a"
"20 Feb 96","6.125","n/a","n/a"
"19 Feb 96","6.125","n/a","n/a"
"16 Feb 96","6.125","n/a","n/a"
"15 Feb 96","6.125","n/a","n/a"
"14 Feb 96","6.125","n/a","n/a"
"13 Feb 96","6.125","n/a","n/a"
"12 Feb 96","6.125","n/a","n/a"
"09 Feb 96","6.125","n/a","n/a"
"08 Feb 96","6.125","n/a","n/a"
"07 Feb 96","6.125","n/a","n/a"
"06 Feb 96","6.125","n/a","n/a"
"05 Feb 96","6.125","n/a","n/a"
"02 Feb 96","6.125","n/a","n/a"
"01 Feb 96","6.125","n/a","n/a"
"31 Jan 96","6.125","n/a","n/a"
"30 Jan 96","6.125","n/a","n/a"
"29 Jan 96","6.125","n/a","n/a"
"26 Jan 96","6.125","n/a","n/a"
"25 Jan 96","6.125","n/a","n/a"
"24 Jan 96","6.125","n/a","n/a"
"23 Jan 96","6.125","n/a","n/a"
"22 Jan 96","6.125","n/a","n/a"
"19 Jan 96","6.125","n/a","n/a"
"18 Jan 96","6.125","n/a","n/a"
"17 Jan 96","6.375","n/a","n/a"
"16 Jan 96","6.375","n/a","n/a"
"15 Jan 96","6.375","n/a","n/a"
"12 Jan 96","6.375","n/a","n/a"
"11 Jan 96","6.375","n/a","n/a"
"10 Jan 96","6.375","n/a","n/a"
"09 Jan 96","6.375","n/a","n/a"
"08 Jan 96","6.375","n/a","n/a"
"05 Jan 96","6.375","n/a","n/a"
"04 Jan 96","6.375","n/a","n/a"
"03 Jan 96","6.375","n/a","n/a"
"02 Jan 96","6.375","n/a","n/a"
"31 Dec 95","n/a","6.5813","6.375"
"29 Dec 95","6.375","n/a","n/a"
"28 Dec 95","6.375","n/a","n/a"
"27 Dec 95","6.375","n/a","n/a"
"22 Dec 95","6.375","n/a","n/a"
"21 Dec 95","6.375","n/a","n/a"
"20 Dec 95","6.375","n/a","n/a"
"19 Dec 95","6.375","n/a","n/a"
"18 Dec 95","6.375","n/a","n/a"
"15 Dec 95","6.375","n/a","n/a"
"14 Dec 95","6.375","n/a","n/a"
"13 Dec 95","6.375","n/a","n/a"
"12 Dec 95","6.625","n/a","n/a"
"11 Dec 95","6.625","n/a","n/a"
"08 Dec 95","6.625","n/a","n/a"
"07 Dec 95","6.625","n/a","n/a"
"06 Dec 95","6.625","n/a","n/a"
"05 Dec 95","6.625","n/a","n/a"
"04 Dec 95","6.625","n/a","n/a"
"01 Dec 95","6.625","n/a","n/a"
"30 Nov 95","6.625","n/a","n/a"
"29 Nov 95","6.625","n/a","n/a"
"28 Nov 95","6.625","n/a","n/a"
"27 Nov 95","6.625","n/a","n/a"
"24 Nov 95","6.625","n/a","n/a"
"23 Nov 95","6.625","n/a","n/a"
"22 Nov 95","6.625","n/a","n/a"
"21 Nov 95","6.625","n/a","n/a"
"20 Nov 95","6.625","n/a","n/a"
"17 Nov 95","6.625","n/a","n/a"
"16 Nov 95","6.625","n/a","n/a"
"15 Nov 95","6.625","n/a","n/a"
"14 Nov 95","6.625","n/a","n/a"
"13 Nov 95","6.625","n/a","n/a"
"10 Nov 95","6.625","n/a","n/a"
"09 Nov 95","6.625","n/a","n/a"
"08 Nov 95","6.625","n/a","n/a"
"07 Nov 95","6.625","n/a","n/a"
"06 Nov 95","6.625","n/a","n/a"
"03 Nov 95","6.625","n/a","n/a"
"02 Nov 95","6.625","n/a","n/a"
"01 Nov 95","6.625","n/a","n/a"
"31 Oct 95","6.625","n/a","n/a"
"30 Oct 95","6.625","n/a","n/a"
"27 Oct 95","6.625","n/a","n/a"
"26 Oct 95","6.625","n/a","n/a"
"25 Oct 95","6.625","n/a","n/a"
"24 Oct 95","6.625","n/a","n/a"
"23 Oct 95","6.625","n/a","n/a"
"20 Oct 95","6.625","n/a","n/a"
"19 Oct 95","6.625","n/a","n/a"
"18 Oct 95","6.625","n/a","n/a"
"17 Oct 95","6.625","n/a","n/a"
"16 Oct 95","6.625","n/a","n/a"
"13 Oct 95","6.625","n/a","n/a"
"12 Oct 95","6.625","n/a","n/a"
"11 Oct 95","6.625","n/a","n/a"
"10 Oct 95","6.625","n/a","n/a"
"09 Oct 95","6.625","n/a","n/a"
"06 Oct 95","6.625","n/a","n/a"
"05 Oct 95","6.625","n/a","n/a"
"04 Oct 95","6.625","n/a","n/a"
"03 Oct 95","6.625","n/a","n/a"
"02 Oct 95","6.625","n/a","n/a"
"30 Sep 95","n/a","6.625","6.625"
"29 Sep 95","6.625","n/a","n/a"
"28 Sep 95","6.625","n/a","n/a"
"27 Sep 95","6.625","n/a","n/a"
"26 Sep 95","6.625","n/a","n/a"
"25 Sep 95","6.625","n/a","n/a"
"22 Sep 95","6.625","n/a","n/a"
"21 Sep 95","6.625","n/a","n/a"
"20 Sep 95","6.625","n/a","n/a"
"19 Sep 95","6.625","n/a","n/a"
"18 Sep 95","6.625","n/a","n/a"
"15 Sep 95","6.625","n/a","n/a"
"14 Sep 95","6.625","n/a","n/a"
"13 Sep 95","6.625","n/a","n/a"
"12 Sep 95","6.625","n/a","n/a"
"11 Sep 95","6.625","n/a","n/a"
"08 Sep 95","6.625","n/a","n/a"
"07 Sep 95","6.625","n/a","n/a"
"06 Sep 95","6.625","n/a","n/a"
"05 Sep 95","6.625","n/a","n/a"
"04 Sep 95","6.625","n/a","n/a"
"01 Sep 95","6.625","n/a","n/a"
"31 Aug 95","6.625","n/a","n/a"
"30 Aug 95","6.625","n/a","n/a"
"29 Aug 95","6.625","n/a","n/a"
"25 Aug 95","6.625","n/a","n/a"
"24 Aug 95","6.625","n/a","n/a"
"23 Aug 95","6.625","n/a","n/a"
"22 Aug 95","6.625","n/a","n/a"
"21 Aug 95","6.625","n/a","n/a"
"18 Aug 95","6.625","n/a","n/a"
"17 Aug 95","6.625","n/a","n/a"
"16 Aug 95","6.625","n/a","n/a"
"15 Aug 95","6.625","n/a","n/a"
"14 Aug 95","6.625","n/a","n/a"
"11 Aug 95","6.625","n/a","n/a"
"10 Aug 95","6.625","n/a","n/a"
"09 Aug 95","6.625","n/a","n/a"
"08 Aug 95","6.625","n/a","n/a"
"07 Aug 95","6.625","n/a","n/a"
"04 Aug 95","6.625","n/a","n/a"
"03 Aug 95","6.625","n/a","n/a"
"02 Aug 95","6.625","n/a","n/a"
"01 Aug 95","6.625","n/a","n/a"
"31 Jul 95","6.625","n/a","n/a"
"28 Jul 95","6.625","n/a","n/a"
"27 Jul 95","6.625","n/a","n/a"
"26 Jul 95","6.625","n/a","n/a"
"25 Jul 95","6.625","n/a","n/a"
"24 Jul 95","6.625","n/a","n/a"
"21 Jul 95","6.625","n/a","n/a"
"20 Jul 95","6.625","n/a","n/a"
"19 Jul 95","6.625","n/a","n/a"
"18 Jul 95","6.625","n/a","n/a"
"17 Jul 95","6.625","n/a","n/a"
"14 Jul 95","6.625","n/a","n/a"
"13 Jul 95","6.625","n/a","n/a"
"12 Jul 95","6.625","n/a","n/a"
"11 Jul 95","6.625","n/a","n/a"
"10 Jul 95","6.625","n/a","n/a"
"07 Jul 95","6.625","n/a","n/a"
"06 Jul 95","6.625","n/a","n/a"
"05 Jul 95","6.625","n/a","n/a"
"04 Jul 95","6.625","n/a","n/a"
"03 Jul 95","6.625","n/a","n/a"
"30 Jun 95","6.625","6.625","6.625"
"29 Jun 95","6.625","n/a","n/a"
"28 Jun 95","6.625","n/a","n/a"
"27 Jun 95","6.625","n/a","n/a"
"26 Jun 95","6.625","n/a","n/a"
"23 Jun 95","6.625","n/a","n/a"
"22 Jun 95","6.625","n/a","n/a"
"21 Jun 95","6.625","n/a","n/a"
"20 Jun 95","6.625","n/a","n/a"
"19 Jun 95","6.625","n/a","n/a"
"16 Jun 95","6.625","n/a","n/a"
"15 Jun 95","6.625","n/a","n/a"
"14 Jun 95","6.625","n/a","n/a"
"13 Jun 95","6.625","n/a","n/a"
"12 Jun 95","6.625","n/a","n/a"
"09 Jun 95","6.625","n/a","n/a"
"08 Jun 95","6.625","n/a","n/a"
"07 Jun 95","6.625","n/a","n/a"
"06 Jun 95","6.625","n/a","n/a"
"05 Jun 95","6.625","n/a","n/a"
"02 Jun 95","6.625","n/a","n/a"
"01 Jun 95","6.625","n/a","n/a"
"31 May 95","6.625","n/a","n/a"
"30 May 95","6.625","n/a","n/a"
"26 May 95","6.625","n/a","n/a"
"25 May 95","6.625","n/a","n/a"
"24 May 95","6.625","n/a","n/a"
"23 May 95","6.625","n/a","n/a"
"22 May 95","6.625","n/a","n/a"
"19 May 95","6.625","n/a","n/a"
"18 May 95","6.625","n/a","n/a"
"17 May 95","6.625","n/a","n/a"
"16 May 95","6.625","n/a","n/a"
"15 May 95","6.625","n/a","n/a"
"12 May 95","6.625","n/a","n/a"
"11 May 95","6.625","n/a","n/a"
"10 May 95","6.625","n/a","n/a"
"09 May 95","6.625","n/a","n/a"
"05 May 95","6.625","n/a","n/a"
"04 May 95","6.625","n/a","n/a"
"03 May 95","6.625","n/a","n/a"
"02 May 95","6.625","n/a","n/a"
"01 May 95","6.625","n/a","n/a"
"28 Apr 95","6.625","n/a","n/a"
"27 Apr 95","6.625","n/a","n/a"
"26 Apr 95","6.625","n/a","n/a"
"25 Apr 95","6.625","n/a","n/a"
"24 Apr 95","6.625","n/a","n/a"
"21 Apr 95","6.625","n/a","n/a"
"20 Apr 95","6.625","n/a","n/a"
"19 Apr 95","6.625","n/a","n/a"
"18 Apr 95","6.625","n/a","n/a"
"13 Apr 95","6.625","n/a","n/a"
"12 Apr 95","6.625","n/a","n/a"
"11 Apr 95","6.625","n/a","n/a"
"10 Apr 95","6.625","n/a","n/a"
"07 Apr 95","6.625","n/a","n/a"
"06 Apr 95","6.625","n/a","n/a"
"05 Apr 95","6.625","n/a","n/a"
"04 Apr 95","6.625","n/a","n/a"
"03 Apr 95","6.625","n/a","n/a"
"31 Mar 95","6.625","6.4531","6.625"
"30 Mar 95","6.625","n/a","n/a"
"29 Mar 95","6.625","n/a","n/a"
"28 Mar 95","6.625","n/a","n/a"
"27 Mar 95","6.625","n/a","n/a"
"24 Mar 95","6.625","n/a","n/a"
"23 Mar 95","6.625","n/a","n/a"
"22 Mar 95","6.625","n/a","n/a"
"21 Mar 95","6.625","n/a","n/a"
"20 Mar 95","6.625","n/a","n/a"
"17 Mar 95","6.625","n/a","n/a"
"16 Mar 95","6.625","n/a","n/a"
"15 Mar 95","6.625","n/a","n/a"
"14 Mar 95","6.625","n/a","n/a"
"13 Mar 95","6.625","n/a","n/a"
"10 Mar 95","6.625","n/a","n/a"
"09 Mar 95","6.625","n/a","n/a"
"08 Mar 95","6.625","n/a","n/a"
"07 Mar 95","6.625","n/a","n/a"
"06 Mar 95","6.625","n/a","n/a"
"03 Mar 95","6.625","n/a","n/a"
"02 Mar 95","6.625","n/a","n/a"
"01 Mar 95","6.625","n/a","n/a"
"28 Feb 95","6.625","n/a","n/a"
"27 Feb 95","6.625","n/a","n/a"
"24 Feb 95","6.625","n/a","n/a"
"23 Feb 95","6.625","n/a","n/a"
"22 Feb 95","6.625","n/a","n/a"
"21 Feb 95","6.625","n/a","n/a"
"20 Feb 95","6.625","n/a","n/a"
"17 Feb 95","6.625","n/a","n/a"
"16 Feb 95","6.625","n/a","n/a"
"15 Feb 95","6.625","n/a","n/a"
"14 Feb 95","6.625","n/a","n/a"
"13 Feb 95","6.625","n/a","n/a"
"10 Feb 95","6.625","n/a","n/a"
"09 Feb 95","6.625","n/a","n/a"
"08 Feb 95","6.625","n/a","n/a"
"07 Feb 95","6.625","n/a","n/a"
"06 Feb 95","6.625","n/a","n/a"
"03 Feb 95","6.625","n/a","n/a"
"02 Feb 95","6.625","n/a","n/a"
"01 Feb 95","6.125","n/a","n/a"
"31 Jan 95","6.125","n/a","n/a"
"30 Jan 95","6.125","n/a","n/a"
"27 Jan 95","6.125","n/a","n/a"
"26 Jan 95","6.125","n/a","n/a"
"25 Jan 95","6.125","n/a","n/a"
"24 Jan 95","6.125","n/a","n/a"
"23 Jan 95","6.125","n/a","n/a"
"20 Jan 95","6.125","n/a","n/a"
"19 Jan 95","6.125","n/a","n/a"
"18 Jan 95","6.125","n/a","n/a"
"17 Jan 95","6.125","n/a","n/a"
"16 Jan 95","6.125","n/a","n/a"
"13 Jan 95","6.125","n/a","n/a"
"12 Jan 95","6.125","n/a","n/a"
"11 Jan 95","6.125","n/a","n/a"
"10 Jan 95","6.125","n/a","n/a"
"09 Jan 95","6.125","n/a","n/a"
"06 Jan 95","6.125","n/a","n/a"
"05 Jan 95","6.125","n/a","n/a"
"04 Jan 95","6.125","n/a","n/a"
"03 Jan 95","6.125","n/a","n/a"
"31 Dec 94","n/a","5.752","6.125"
"30 Dec 94","6.125","n/a","n/a"
"29 Dec 94","6.125","n/a","n/a"
"28 Dec 94","6.125","n/a","n/a"
"23 Dec 94","6.125","n/a","n/a"
"22 Dec 94","6.125","n/a","n/a"
"21 Dec 94","6.125","n/a","n/a"
"20 Dec 94","6.125","n/a","n/a"
"19 Dec 94","6.125","n/a","n/a"
"16 Dec 94","6.125","n/a","n/a"
"15 Dec 94","6.125","n/a","n/a"
"14 Dec 94","6.125","n/a","n/a"
"13 Dec 94","6.125","n/a","n/a"
"12 Dec 94","6.125","n/a","n/a"
"09 Dec 94","6.125","n/a","n/a"
"08 Dec 94","6.125","n/a","n/a"
"07 Dec 94","6.125","n/a","n/a"
"06 Dec 94","5.625","n/a","n/a"
"05 Dec 94","5.625","n/a","n/a"
"02 Dec 94","5.625","n/a","n/a"
"01 Dec 94","5.625","n/a","n/a"
"30 Nov 94","5.625","n/a","n/a"
"29 Nov 94","5.625","n/a","n/a"
"28 Nov 94","5.625","n/a","n/a"
"25 Nov 94","5.625","n/a","n/a"
"24 Nov 94","5.625","n/a","n/a"
"23 Nov 94","5.625","n/a","n/a"
"22 Nov 94","5.625","n/a","n/a"
"21 Nov 94","5.625","n/a","n/a"
"18 Nov 94","5.625","n/a","n/a"
"17 Nov 94","5.625","n/a","n/a"
"16 Nov 94","5.625","n/a","n/a"
"15 Nov 94","5.625","n/a","n/a"
"14 Nov 94","5.625","n/a","n/a"
"11 Nov 94","5.625","n/a","n/a"
"10 Nov 94","5.625","n/a","n/a"
"09 Nov 94","5.625","n/a","n/a"
"08 Nov 94","5.625","n/a","n/a"
"07 Nov 94","5.625","n/a","n/a"
"04 Nov 94","5.625","n/a","n/a"
"03 Nov 94","5.625","n/a","n/a"
"02 Nov 94","5.625","n/a","n/a"
"01 Nov 94","5.625","n/a","n/a"
"31 Oct 94","5.625","n/a","n/a"
"28 Oct 94","5.625","n/a","n/a"
"27 Oct 94","5.625","n/a","n/a"
"26 Oct 94","5.625","n/a","n/a"
"25 Oct 94","5.625","n/a","n/a"
"24 Oct 94","5.625","n/a","n/a"
"21 Oct 94","5.625","n/a","n/a"
"20 Oct 94","5.625","n/a","n/a"
"19 Oct 94","5.625","n/a","n/a"
"18 Oct 94","5.625","n/a","n/a"
"17 Oct 94","5.625","n/a","n/a"
"14 Oct 94","5.625","n/a","n/a"
"13 Oct 94","5.625","n/a","n/a"
"12 Oct 94","5.625","n/a","n/a"
"11 Oct 94","5.625","n/a","n/a"
"10 Oct 94","5.625","n/a","n/a"
"07 Oct 94","5.625","n/a","n/a"
"06 Oct 94","5.625","n/a","n/a"
"05 Oct 94","5.625","n/a","n/a"
"04 Oct 94","5.625","n/a","n/a"
"03 Oct 94","5.625","n/a","n/a"
"30 Sep 94","5.625","5.2404","5.625"
"29 Sep 94","5.625","n/a","n/a"
"28 Sep 94","5.625","n/a","n/a"
"27 Sep 94","5.625","n/a","n/a"
"26 Sep 94","5.625","n/a","n/a"
"23 Sep 94","5.625","n/a","n/a"
"22 Sep 94","5.625","n/a","n/a"
"21 Sep 94","5.625","n/a","n/a"
"20 Sep 94","5.625","n/a","n/a"
"19 Sep 94","5.625","n/a","n/a"
"16 Sep 94","5.625","n/a","n/a"
"15 Sep 94","5.625","n/a","n/a"
"14 Sep 94","5.625","n/a","n/a"
"13 Sep 94","5.625","n/a","n/a"
"12 Sep 94","5.625","n/a","n/a"
"09 Sep 94","5.125","n/a","n/a"
"08 Sep 94","5.125","n/a","n/a"
"07 Sep 94","5.125","n/a","n/a"
"06 Sep 94","5.125","n/a","n/a"
"05 Sep 94","5.125","n/a","n/a"
"02 Sep 94","5.125","n/a","n/a"
"01 Sep 94","5.125","n/a","n/a"
"31 Aug 94","5.125","n/a","n/a"
"30 Aug 94","5.125","n/a","n/a"
"26 Aug 94","5.125","n/a","n/a"
"25 Aug 94","5.125","n/a","n/a"
"24 Aug 94","5.125","n/a","n/a"
"23 Aug 94","5.125","n/a","n/a"
"22 Aug 94","5.125","n/a","n/a"
"19 Aug 94","5.125","n/a","n/a"
"18 Aug 94","5.125","n/a","n/a"
"17 Aug 94","5.125","n/a","n/a"
"16 Aug 94","5.125","n/a","n/a"
"15 Aug 94","5.125","n/a","n/a"
"12 Aug 94","5.125","n/a","n/a"
"11 Aug 94","5.125","n/a","n/a"
"10 Aug 94","5.125","n/a","n/a"
"09 Aug 94","5.125","n/a","n/a"
"08 Aug 94","5.125","n/a","n/a"
"05 Aug 94","5.125","n/a","n/a"
"04 Aug 94","5.125","n/a","n/a"
"03 Aug 94","5.125","n/a","n/a"
"02 Aug 94","5.125","n/a","n/a"
"01 Aug 94","5.125","n/a","n/a"
"29 Jul 94","5.125","n/a","n/a"
"28 Jul 94","5.125","n/a","n/a"
"27 Jul 94","5.125","n/a","n/a"
"26 Jul 94","5.125","n/a","n/a"
"25 Jul 94","5.125","n/a","n/a"
"22 Jul 94","5.125","n/a","n/a"
"21 Jul 94","5.125","n/a","n/a"
"20 Jul 94","5.125","n/a","n/a"
"19 Jul 94","5.125","n/a","n/a"
"18 Jul 94","5.125","n/a","n/a"
"15 Jul 94","5.125","n/a","n/a"
"14 Jul 94","5.125","n/a","n/a"
"13 Jul 94","5.125","n/a","n/a"
"12 Jul 94","5.125","n/a","n/a"
"11 Jul 94","5.125","n/a","n/a"
"08 Jul 94","5.125","n/a","n/a"
"07 Jul 94","5.125","n/a","n/a"
"06 Jul 94","5.125","n/a","n/a"
"05 Jul 94","5.125","n/a","n/a"
"04 Jul 94","5.125","n/a","n/a"
"01 Jul 94","5.125","n/a","n/a"
"30 Jun 94","5.125","5.125","5.125"
"29 Jun 94","5.125","n/a","n/a"
"28 Jun 94","5.125","n/a","n/a"
"27 Jun 94","5.125","n/a","n/a"
"24 Jun 94","5.125","n/a","n/a"
"23 Jun 94","5.125","n/a","n/a"
"22 Jun 94","5.125","n/a","n/a"
"21 Jun 94","5.125","n/a","n/a"
"20 Jun 94","5.125","n/a","n/a"
"17 Jun 94","5.125","n/a","n/a"
"16 Jun 94","5.125","n/a","n/a"
"15 Jun 94","5.125","n/a","n/a"
"14 Jun 94","5.125","n/a","n/a"
"13 Jun 94","5.125","n/a","n/a"
"10 Jun 94","5.125","n/a","n/a"
"09 Jun 94","5.125","n/a","n/a"
"08 Jun 94","5.125","n/a","n/a"
"07 Jun 94","5.125","n/a","n/a"
"06 Jun 94","5.125","n/a","n/a"
"03 Jun 94","5.125","n/a","n/a"
"02 Jun 94","5.125","n/a","n/a"
"01 Jun 94","5.125","n/a","n/a"
"31 May 94","5.125","n/a","n/a"
"27 May 94","5.125","n/a","n/a"
"26 May 94","5.125","n/a","n/a"
"25 May 94","5.125","n/a","n/a"
"24 May 94","5.125","n/a","n/a"
"23 May 94","5.125","n/a","n/a"
"20 May 94","5.125","n/a","n/a"
"19 May 94","5.125","n/a","n/a"
"18 May 94","5.125","n/a","n/a"
"17 May 94","5.125","n/a","n/a"
"16 May 94","5.125","n/a","n/a"
"13 May 94","5.125","n/a","n/a"
"12 May 94","5.125","n/a","n/a"
"11 May 94","5.125","n/a","n/a"
"10 May 94","5.125","n/a","n/a"
"09 May 94","5.125","n/a","n/a"
"06 May 94","5.125","n/a","n/a"
"05 May 94","5.125","n/a","n/a"
"04 May 94","5.125","n/a","n/a"
"03 May 94","5.125","n/a","n/a"
"29 Apr 94","5.125","n/a","n/a"
"28 Apr 94","5.125","n/a","n/a"
"27 Apr 94","5.125","n/a","n/a"
"26 Apr 94","5.125","n/a","n/a"
"25 Apr 94","5.125","n/a","n/a"
"22 Apr 94","5.125","n/a","n/a"
"21 Apr 94","5.125","n/a","n/a"
"20 Apr 94","5.125","n/a","n/a"
"19 Apr 94","5.125","n/a","n/a"
"18 Apr 94","5.125","n/a","n/a"
"15 Apr 94","5.125","n/a","n/a"
"14 Apr 94","5.125","n/a","n/a"
"13 Apr 94","5.125","n/a","n/a"
"12 Apr 94","5.125","n/a","n/a"
"11 Apr 94","5.125","n/a","n/a"
"08 Apr 94","5.125","n/a","n/a"
"07 Apr 94","5.125","n/a","n/a"
"06 Apr 94","5.125","n/a","n/a"
"05 Apr 94","5.125","n/a","n/a"
"31 Mar 94","5.125","5.2242","5.125"
"30 Mar 94","5.125","n/a","n/a"
"29 Mar 94","5.125","n/a","n/a"
"28 Mar 94","5.125","n/a","n/a"
"25 Mar 94","5.125","n/a","n/a"
"24 Mar 94","5.125","n/a","n/a"
"23 Mar 94","5.125","n/a","n/a"
"22 Mar 94","5.125","n/a","n/a"
"21 Mar 94","5.125","n/a","n/a"
"18 Mar 94","5.125","n/a","n/a"
"17 Mar 94","5.125","n/a","n/a"
"16 Mar 94","5.125","n/a","n/a"
"15 Mar 94","5.125","n/a","n/a"
"14 Mar 94","5.125","n/a","n/a"
"11 Mar 94","5.125","n/a","n/a"
"10 Mar 94","5.125","n/a","n/a"
"09 Mar 94","5.125","n/a","n/a"
"08 Mar 94","5.125","n/a","n/a"
"07 Mar 94","5.125","n/a","n/a"
"04 Mar 94","5.125","n/a","n/a"
"03 Mar 94","5.125","n/a","n/a"
"02 Mar 94","5.125","n/a","n/a"
"01 Mar 94","5.125","n/a","n/a"
"28 Feb 94","5.125","n/a","n/a"
"25 Feb 94","5.125","n/a","n/a"
"24 Feb 94","5.125","n/a","n/a"
"23 Feb 94","5.125","n/a","n/a"
"22 Feb 94","5.125","n/a","n/a"
"21 Feb 94","5.125","n/a","n/a"
"18 Feb 94","5.125","n/a","n/a"
"17 Feb 94","5.125","n/a","n/a"
"16 Feb 94","5.125","n/a","n/a"
"15 Feb 94","5.125","n/a","n/a"
"14 Feb 94","5.125","n/a","n/a"
"11 Feb 94","5.125","n/a","n/a"
"10 Feb 94","5.125","n/a","n/a"
"09 Feb 94","5.125","n/a","n/a"
"08 Feb 94","5.125","n/a","n/a"
"07 Feb 94","5.375","n/a","n/a"
"04 Feb 94","5.375","n/a","n/a"
"03 Feb 94","5.375","n/a","n/a"
"02 Feb 94","5.375","n/a","n/a"
"01 Feb 94","5.375","n/a","n/a"
"31 Jan 94","5.375","n/a","n/a"
"28 Jan 94","5.375","n/a","n/a"
"27 Jan 94","5.375","n/a","n/a"
"26 Jan 94","5.375","n/a","n/a"
"25 Jan 94","5.375","n/a","n/a"
"24 Jan 94","5.375","n/a","n/a"
"21 Jan 94","5.375","n/a","n/a"
"20 Jan 94","5.375","n/a","n/a"
"19 Jan 94","5.375","n/a","n/a"
"18 Jan 94","5.375","n/a","n/a"
"17 Jan 94","5.375","n/a","n/a"
"14 Jan 94","5.375","n/a","n/a"
"13 Jan 94","5.375","n/a","n/a"
"12 Jan 94","5.375","n/a","n/a"
"11 Jan 94","5.375","n/a","n/a"
"10 Jan 94","5.375","n/a","n/a"
"07 Jan 94","5.375","n/a","n/a"
"06 Jan 94","5.375","n/a","n/a"
"05 Jan 94","5.375","n/a","n/a"
"04 Jan 94","5.375","n/a","n/a"
"31 Dec 93","5.375","5.6641","5.375"
"30 Dec 93","5.375","n/a","n/a"
"29 Dec 93","5.375","n/a","n/a"
"24 Dec 93","5.375","n/a","n/a"
"23 Dec 93","5.375","n/a","n/a"
"22 Dec 93","5.375","n/a","n/a"
"21 Dec 93","5.375","n/a","n/a"
"20 Dec 93","5.375","n/a","n/a"
"17 Dec 93","5.375","n/a","n/a"
"16 Dec 93","5.375","n/a","n/a"
"15 Dec 93","5.375","n/a","n/a"
"14 Dec 93","5.375","n/a","n/a"
"13 Dec 93","5.375","n/a","n/a"
"10 Dec 93","5.375","n/a","n/a"
"09 Dec 93","5.375","n/a","n/a"
"08 Dec 93","5.375","n/a","n/a"
"07 Dec 93","5.375","n/a","n/a"
"06 Dec 93","5.375","n/a","n/a"
"03 Dec 93","5.375","n/a","n/a"
"02 Dec 93","5.375","n/a","n/a"
"01 Dec 93","5.375","n/a","n/a"
"30 Nov 93","5.375","n/a","n/a"
"29 Nov 93","5.375","n/a","n/a"
"26 Nov 93","5.375","n/a","n/a"
"25 Nov 93","5.375","n/a","n/a"
"24 Nov 93","5.375","n/a","n/a"
"23 Nov 93","5.375","n/a","n/a"
"22 Nov 93","5.875","n/a","n/a"
"19 Nov 93","5.875","n/a","n/a"
"18 Nov 93","5.875","n/a","n/a"
"17 Nov 93","5.875","n/a","n/a"
"16 Nov 93","5.875","n/a","n/a"
"15 Nov 93","5.875","n/a","n/a"
"12 Nov 93","5.875","n/a","n/a"
"11 Nov 93","5.875","n/a","n/a"
"10 Nov 93","5.875","n/a","n/a"
"09 Nov 93","5.875","n/a","n/a"
"08 Nov 93","5.875","n/a","n/a"
"05 Nov 93","5.875","n/a","n/a"
"04 Nov 93","5.875","n/a","n/a"
"03 Nov 93","5.875","n/a","n/a"
"02 Nov 93","5.875","n/a","n/a"
"01 Nov 93","5.875","n/a","n/a"
"29 Oct 93","5.875","n/a","n/a"
"28 Oct 93","5.875","n/a","n/a"
"27 Oct 93","5.875","n/a","n/a"
"26 Oct 93","5.875","n/a","n/a"
"25 Oct 93","5.875","n/a","n/a"
"22 Oct 93","5.875","n/a","n/a"
"21 Oct 93","5.875","n/a","n/a"
"20 Oct 93","5.875","n/a","n/a"
"19 Oct 93","5.875","n/a","n/a"
"18 Oct 93","5.875","n/a","n/a"
"15 Oct 93","5.875","n/a","n/a"
"14 Oct 93","5.875","n/a","n/a"
"13 Oct 93","5.875","n/a","n/a"
"12 Oct 93","5.875","n/a","n/a"
"11 Oct 93","5.875","n/a","n/a"
"08 Oct 93","5.875","n/a","n/a"
"07 Oct 93","5.875","n/a","n/a"
"06 Oct 93","5.875","n/a","n/a"
"05 Oct 93","5.875","n/a","n/a"
"04 Oct 93","5.875","n/a","n/a"
"01 Oct 93","5.875","n/a","n/a"
"30 Sep 93","5.875","5.875","5.875"
"29 Sep 93","5.875","n/a","n/a"
"28 Sep 93","5.875","n/a","n/a"
"27 Sep 93","5.875","n/a","n/a"
"24 Sep 93","5.875","n/a","n/a"
"23 Sep 93","5.875","n/a","n/a"
"22 Sep 93","5.875","n/a","n/a"
"21 Sep 93","5.875","n/a","n/a"
"20 Sep 93","5.875","n/a","n/a"
"17 Sep 93","5.875","n/a","n/a"
"16 Sep 93","5.875","n/a","n/a"
"15 Sep 93","5.875","n/a","n/a"
"14 Sep 93","5.875","n/a","n/a"
"13 Sep 93","5.875","n/a","n/a"
"10 Sep 93","5.875","n/a","n/a"
"09 Sep 93","5.875","n/a","n/a"
"08 Sep 93","5.875","n/a","n/a"
"07 Sep 93","5.875","n/a","n/a"
"06 Sep 93","5.875","n/a","n/a"
"03 Sep 93","5.875","n/a","n/a"
"02 Sep 93","5.875","n/a","n/a"
"01 Sep 93","5.875","n/a","n/a"
"31 Aug 93","5.875","n/a","n/a"
"27 Aug 93","5.875","n/a","n/a"
"26 Aug 93","5.875","n/a","n/a"
"25 Aug 93","5.875","n/a","n/a"
"24 Aug 93","5.875","n/a","n/a"
"23 Aug 93","5.875","n/a","n/a"
"20 Aug 93","5.875","n/a","n/a"
"19 Aug 93","5.875","n/a","n/a"
"18 Aug 93","5.875","n/a","n/a"
"17 Aug 93","5.875","n/a","n/a"
"16 Aug 93","5.875","n/a","n/a"
"13 Aug 93","5.875","n/a","n/a"
"12 Aug 93","5.875","n/a","n/a"
"11 Aug 93","5.875","n/a","n/a"
"10 Aug 93","5.875","n/a","n/a"
"09 Aug 93","5.875","n/a","n/a"
"06 Aug 93","5.875","n/a","n/a"
"05 Aug 93","5.875","n/a","n/a"
"04 Aug 93","5.875","n/a","n/a"
"03 Aug 93","5.875","n/a","n/a"
"02 Aug 93","5.875","n/a","n/a"
"30 Jul 93","5.875","n/a","n/a"
"29 Jul 93","5.875","n/a","n/a"
"28 Jul 93","5.875","n/a","n/a"
"27 Jul 93","5.875","n/a","n/a"
"26 Jul 93","5.875","n/a","n/a"
"23 Jul 93","5.875","n/a","n/a"
"22 Jul 93","5.875","n/a","n/a"
"21 Jul 93","5.875","n/a","n/a"
"20 Jul 93","5.875","n/a","n/a"
"19 Jul 93","5.875","n/a","n/a"
"16 Jul 93","5.875","n/a","n/a"
"15 Jul 93","5.875","n/a","n/a"
"14 Jul 93","5.875","n/a","n/a"
"13 Jul 93","5.875","n/a","n/a"
"12 Jul 93","5.875","n/a","n/a"
"09 Jul 93","5.875","n/a","n/a"
"08 Jul 93","5.875","n/a","n/a"
"07 Jul 93","5.875","n/a","n/a"
"06 Jul 93","5.875","n/a","n/a"
"05 Jul 93","5.875","n/a","n/a"
"02 Jul 93","5.875","n/a","n/a"
"01 Jul 93","5.875","n/a","n/a"
"30 Jun 93","5.875","5.875","5.875"
"29 Jun 93","5.875","n/a","n/a"
"28 Jun 93","5.875","n/a","n/a"
"25 Jun 93","5.875","n/a","n/a"
"24 Jun 93","5.875","n/a","n/a"
"23 Jun 93","5.875","n/a","n/a"
"22 Jun 93","5.875","n/a","n/a"
"21 Jun 93","5.875","n/a","n/a"
"18 Jun 93","5.875","n/a","n/a"
"17 Jun 93","5.875","n/a","n/a"
"16 Jun 93","5.875","n/a","n/a"
"15 Jun 93","5.875","n/a","n/a"
"14 Jun 93","5.875","n/a","n/a"
"11 Jun 93","5.875","n/a","n/a"
"10 Jun 93","5.875","n/a","n/a"
"09 Jun 93","5.875","n/a","n/a"
"08 Jun 93","5.875","n/a","n/a"
"07 Jun 93","5.875","n/a","n/a"
"04 Jun 93","5.875","n/a","n/a"
"03 Jun 93","5.875","n/a","n/a"
"02 Jun 93","5.875","n/a","n/a"
"01 Jun 93","5.875","n/a","n/a"
"28 May 93","5.875","n/a","n/a"
"27 May 93","5.875","n/a","n/a"
"26 May 93","5.875","n/a","n/a"
"25 May 93","5.875","n/a","n/a"
"24 May 93","5.875","n/a","n/a"
"21 May 93","5.875","n/a","n/a"
"20 May 93","5.875","n/a","n/a"
"19 May 93","5.875","n/a","n/a"
"18 May 93","5.875","n/a","n/a"
"17 May 93","5.875","n/a","n/a"
"14 May 93","5.875","n/a","n/a"
"13 May 93","5.875","n/a","n/a"
"12 May 93","5.875","n/a","n/a"
"11 May 93","5.875","n/a","n/a"
"10 May 93","5.875","n/a","n/a"
"07 May 93","5.875","n/a","n/a"
"06 May 93","5.875","n/a","n/a"
"05 May 93","5.875","n/a","n/a"
"04 May 93","5.875","n/a","n/a"
"30 Apr 93","5.875","n/a","n/a"
"29 Apr 93","5.875","n/a","n/a"
"28 Apr 93","5.875","n/a","n/a"
"27 Apr 93","5.875","n/a","n/a"
"26 Apr 93","5.875","n/a","n/a"
"23 Apr 93","5.875","n/a","n/a"
"22 Apr 93","5.875","n/a","n/a"
"21 Apr 93","5.875","n/a","n/a"
"20 Apr 93","5.875","n/a","n/a"
"19 Apr 93","5.875","n/a","n/a"
"16 Apr 93","5.875","n/a","n/a"
"15 Apr 93","5.875","n/a","n/a"
"14 Apr 93","5.875","n/a","n/a"
"13 Apr 93","5.875","n/a","n/a"
"08 Apr 93","5.875","n/a","n/a"
"07 Apr 93","5.875","n/a","n/a"
"06 Apr 93","5.875","n/a","n/a"
"05 Apr 93","5.875","n/a","n/a"
"02 Apr 93","5.875","n/a","n/a"
"01 Apr 93","5.875","n/a","n/a"
"31 Mar 93","5.875","6.129","5.875"
"30 Mar 93","5.875","n/a","n/a"
"29 Mar 93","5.875","n/a","n/a"
"26 Mar 93","5.875","n/a","n/a"
"25 Mar 93","5.875","n/a","n/a"
"24 Mar 93","5.875","n/a","n/a"
"23 Mar 93","5.875","n/a","n/a"
"22 Mar 93","5.875","n/a","n/a"
"19 Mar 93","5.875","n/a","n/a"
"18 Mar 93","5.875","n/a","n/a"
"17 Mar 93","5.875","n/a","n/a"
"16 Mar 93","5.875","n/a","n/a"
"15 Mar 93","5.875","n/a","n/a"
"12 Mar 93","5.875","n/a","n/a"
"11 Mar 93","5.875","n/a","n/a"
"10 Mar 93","5.875","n/a","n/a"
"09 Mar 93","5.875","n/a","n/a"
"08 Mar 93","5.875","n/a","n/a"
"05 Mar 93","5.875","n/a","n/a"
"04 Mar 93","5.875","n/a","n/a"
"03 Mar 93","5.875","n/a","n/a"
"02 Mar 93","5.875","n/a","n/a"
"01 Mar 93","5.875","n/a","n/a"
"26 Feb 93","5.875","n/a","n/a"
"25 Feb 93","5.875","n/a","n/a"
"24 Feb 93","5.875","n/a","n/a"
"23 Feb 93","5.875","n/a","n/a"
"22 Feb 93","5.875","n/a","n/a"
"19 Feb 93","5.875","n/a","n/a"
"18 Feb 93","5.875","n/a","n/a"
"17 Feb 93","5.875","n/a","n/a"
"16 Feb 93","5.875","n/a","n/a"
"15 Feb 93","5.875","n/a","n/a"
"12 Feb 93","5.875","n/a","n/a"
"11 Feb 93","5.875","n/a","n/a"
"10 Feb 93","5.875","n/a","n/a"
"09 Feb 93","5.875","n/a","n/a"
"08 Feb 93","5.875","n/a","n/a"
"05 Feb 93","5.875","n/a","n/a"
"04 Feb 93","5.875","n/a","n/a"
"03 Feb 93","5.875","n/a","n/a"
"02 Feb 93","5.875","n/a","n/a"
"01 Feb 93","5.875","n/a","n/a"
"29 Jan 93","5.875","n/a","n/a"
"28 Jan 93","5.875","n/a","n/a"
"27 Jan 93","5.875","n/a","n/a"
"26 Jan 93","5.875","n/a","n/a"
"25 Jan 93","6.875","n/a","n/a"
"22 Jan 93","6.875","n/a","n/a"
"21 Jan 93","6.875","n/a","n/a"
"20 Jan 93","6.875","n/a","n/a"
"19 Jan 93","6.875","n/a","n/a"
"18 Jan 93","6.875","n/a","n/a"
"15 Jan 93","6.875","n/a","n/a"
"14 Jan 93","6.875","n/a","n/a"
"13 Jan 93","6.875","n/a","n/a"
"12 Jan 93","6.875","n/a","n/a"
"11 Jan 93","6.875","n/a","n/a"
"08 Jan 93","6.875","n/a","n/a"
"07 Jan 93","6.875","n/a","n/a"
"06 Jan 93","6.875","n/a","n/a"
"05 Jan 93","6.875","n/a","n/a"
"04 Jan 93","6.875","n/a","n/a"
"31 Dec 92","6.875","7.5313","6.875"
"30 Dec 92","6.875","n/a","n/a"
"29 Dec 92","6.875","n/a","n/a"
"24 Dec 92","6.875","n/a","n/a"
"23 Dec 92","6.875","n/a","n/a"
"22 Dec 92","6.875","n/a","n/a"
"21 Dec 92","6.875","n/a","n/a"
"18 Dec 92","6.875","n/a","n/a"
"17 Dec 92","6.875","n/a","n/a"
"16 Dec 92","6.875","n/a","n/a"
"15 Dec 92","6.875","n/a","n/a"
"14 Dec 92","6.875","n/a","n/a"
"11 Dec 92","6.875","n/a","n/a"
"10 Dec 92","6.875","n/a","n/a"
"09 Dec 92","6.875","n/a","n/a"
"08 Dec 92","6.875","n/a","n/a"
"07 Dec 92","6.875","n/a","n/a"
"04 Dec 92","6.875","n/a","n/a"
"03 Dec 92","6.875","n/a","n/a"
"02 Dec 92","6.875","n/a","n/a"
"01 Dec 92","6.875","n/a","n/a"
"30 Nov 92","6.875","n/a","n/a"
"27 Nov 92","6.875","n/a","n/a"
"26 Nov 92","6.875","n/a","n/a"
"25 Nov 92","6.875","n/a","n/a"
"24 Nov 92","6.875","n/a","n/a"
"23 Nov 92","6.875","n/a","n/a"
"20 Nov 92","6.875","n/a","n/a"
"19 Nov 92","6.875","n/a","n/a"
"18 Nov 92","6.875","n/a","n/a"
"17 Nov 92","6.875","n/a","n/a"
"16 Nov 92","6.875","n/a","n/a"
"13 Nov 92","6.875","n/a","n/a"
"12 Nov 92","7.875","n/a","n/a"
"11 Nov 92","7.875","n/a","n/a"
"10 Nov 92","7.875","n/a","n/a"
"09 Nov 92","7.875","n/a","n/a"
"06 Nov 92","7.875","n/a","n/a"
"05 Nov 92","7.875","n/a","n/a"
"04 Nov 92","7.875","n/a","n/a"
"03 Nov 92","7.875","n/a","n/a"
"02 Nov 92","7.875","n/a","n/a"
"30 Oct 92","7.875","n/a","n/a"
"29 Oct 92","7.875","n/a","n/a"
"28 Oct 92","7.875","n/a","n/a"
"27 Oct 92","7.875","n/a","n/a"
"26 Oct 92","7.875","n/a","n/a"
"23 Oct 92","7.875","n/a","n/a"
"22 Oct 92","7.875","n/a","n/a"
"21 Oct 92","7.875","n/a","n/a"
"20 Oct 92","7.875","n/a","n/a"
"19 Oct 92","7.875","n/a","n/a"
"16 Oct 92","7.875","n/a","n/a"
"15 Oct 92","8.875","n/a","n/a"
"14 Oct 92","8.875","n/a","n/a"
"13 Oct 92","8.875","n/a","n/a"
"12 Oct 92","8.875","n/a","n/a"
"09 Oct 92","8.875","n/a","n/a"
"08 Oct 92","8.875","n/a","n/a"
"07 Oct 92","8.875","n/a","n/a"
"06 Oct 92","8.875","n/a","n/a"
"05 Oct 92","8.875","n/a","n/a"
"02 Oct 92","8.875","n/a","n/a"
"01 Oct 92","8.875","n/a","n/a"
"30 Sep 92","8.875","9.7673","8.875"
"29 Sep 92","8.875","n/a","n/a"
"28 Sep 92","8.875","n/a","n/a"
"25 Sep 92","8.875","n/a","n/a"
"24 Sep 92","8.875","n/a","n/a"
"23 Sep 92","8.875","n/a","n/a"
"22 Sep 92","8.875","n/a","n/a"
"21 Sep 92","9.875","n/a","n/a"
"18 Sep 92","9.875","n/a","n/a"
"17 Sep 92","9.875","n/a","n/a"
"16 Sep 92","9.875","n/a","n/a"
"15 Sep 92","9.875","n/a","n/a"
"14 Sep 92","9.875","n/a","n/a"
"11 Sep 92","9.875","n/a","n/a"
"10 Sep 92","9.875","n/a","n/a"
"09 Sep 92","9.875","n/a","n/a"
"08 Sep 92","9.875","n/a","n/a"
"07 Sep 92","9.875","n/a","n/a"
"04 Sep 92","9.875","n/a","n/a"
"03 Sep 92","9.875","n/a","n/a"
"02 Sep 92","9.875","n/a","n/a"
"01 Sep 92","9.875","n/a","n/a"
"28 Aug 92","9.875","n/a","n/a"
"27 Aug 92","9.875","n/a","n/a"
"26 Aug 92","9.875","n/a","n/a"
"25 Aug 92","9.875","n/a","n/a"
"24 Aug 92","9.875","n/a","n/a"
"21 Aug 92","9.875","n/a","n/a"
"20 Aug 92","9.875","n/a","n/a"
"19 Aug 92","9.875","n/a","n/a"
"18 Aug 92","9.875","n/a","n/a"
"17 Aug 92","9.875","n/a","n/a"
"14 Aug 92","9.875","n/a","n/a"
"13 Aug 92","9.875","n/a","n/a"
"12 Aug 92","9.875","n/a","n/a"
"11 Aug 92","9.875","n/a","n/a"
"10 Aug 92","9.875","n/a","n/a"
"07 Aug 92","9.875","n/a","n/a"
"06 Aug 92","9.875","n/a","n/a"
"05 Aug 92","9.875","n/a","n/a"
"04 Aug 92","9.875","n/a","n/a"
"03 Aug 92","9.875","n/a","n/a"
"31 Jul 92","9.875","n/a","n/a"
"30 Jul 92","9.875","n/a","n/a"
"29 Jul 92","9.875","n/a","n/a"
"28 Jul 92","9.875","n/a","n/a"
"27 Jul 92","9.875","n/a","n/a"
"24 Jul 92","9.875","n/a","n/a"
"23 Jul 92","9.875","n/a","n/a"
"22 Jul 92","9.875","n/a","n/a"
"21 Jul 92","9.875","n/a","n/a"
"20 Jul 92","9.875","n/a","n/a"
"17 Jul 92","9.875","n/a","n/a"
"16 Jul 92","9.875","n/a","n/a"
"15 Jul 92","9.875","n/a","n/a"
"14 Jul 92","9.875","n/a","n/a"
"13 Jul 92","9.875","n/a","n/a"
"10 Jul 92","9.875","n/a","n/a"
"09 Jul 92","9.875","n/a","n/a"
"08 Jul 92","9.875","n/a","n/a"
"07 Jul 92","9.875","n/a","n/a"
"06 Jul 92","9.875","n/a","n/a"
"03 Jul 92","9.875","n/a","n/a"
"02 Jul 92","9.875","n/a","n/a"
"01 Jul 92","9.875","n/a","n/a"
"30 Jun 92","9.875","10.0471","9.875"
"29 Jun 92","9.875","n/a","n/a"
"26 Jun 92","9.875","n/a","n/a"
"25 Jun 92","9.875","n/a","n/a"
"24 Jun 92","9.875","n/a","n/a"
"23 Jun 92","9.875","n/a","n/a"
"22 Jun 92","9.875","n/a","n/a"
"19 Jun 92","9.875","n/a","n/a"
"18 Jun 92","9.875","n/a","n/a"
"17 Jun 92","9.875","n/a","n/a"
"16 Jun 92","9.875","n/a","n/a"
"15 Jun 92","9.875","n/a","n/a"
"12 Jun 92","9.875","n/a","n/a"
"11 Jun 92","9.875","n/a","n/a"
"10 Jun 92","9.875","n/a","n/a"
"09 Jun 92","9.875","n/a","n/a"
"08 Jun 92","9.875","n/a","n/a"
"05 Jun 92","9.875","n/a","n/a"
"04 Jun 92","9.875","n/a","n/a"
"03 Jun 92","9.875","n/a","n/a"
"02 Jun 92","9.875","n/a","n/a"
"01 Jun 92","9.875","n/a","n/a"
"29 May 92","9.875","n/a","n/a"
"28 May 92","9.875","n/a","n/a"
"27 May 92","9.875","n/a","n/a"
"26 May 92","9.875","n/a","n/a"
"22 May 92","9.875","n/a","n/a"
"21 May 92","9.875","n/a","n/a"
"20 May 92","9.875","n/a","n/a"
"19 May 92","9.875","n/a","n/a"
"18 May 92","9.875","n/a","n/a"
"15 May 92","9.875","n/a","n/a"
"14 May 92","9.875","n/a","n/a"
"13 May 92","9.875","n/a","n/a"
"12 May 92","9.875","n/a","n/a"
"11 May 92","9.875","n/a","n/a"
"08 May 92","9.875","n/a","n/a"
"07 May 92","9.875","n/a","n/a"
"06 May 92","9.875","n/a","n/a"
"05 May 92","9.875","n/a","n/a"
"01 May 92","10.375","n/a","n/a"
"30 Apr 92","10.375","n/a","n/a"
"29 Apr 92","10.375","n/a","n/a"
"28 Apr 92","10.375","n/a","n/a"
"27 Apr 92","10.375","n/a","n/a"
"24 Apr 92","10.375","n/a","n/a"
"23 Apr 92","10.375","n/a","n/a"
"22 Apr 92","10.375","n/a","n/a"
"21 Apr 92","10.375","n/a","n/a"
"16 Apr 92","10.375","n/a","n/a"
"15 Apr 92","10.375","n/a","n/a"
"14 Apr 92","10.375","n/a","n/a"
"13 Apr 92","10.375","n/a","n/a"
"10 Apr 92","10.375","n/a","n/a"
"09 Apr 92","10.375","n/a","n/a"
"08 Apr 92","10.375","n/a","n/a"
"07 Apr 92","10.375","n/a","n/a"
"06 Apr 92","10.375","n/a","n/a"
"03 Apr 92","10.375","n/a","n/a"
"02 Apr 92","10.375","n/a","n/a"
"01 Apr 92","10.375","n/a","n/a"
"31 Mar 92","10.375","10.375","10.375"
"30 Mar 92","10.375","n/a","n/a"
"27 Mar 92","10.375","n/a","n/a"
"26 Mar 92","10.375","n/a","n/a"
"25 Mar 92","10.375","n/a","n/a"
"24 Mar 92","10.375","n/a","n/a"
"23 Mar 92","10.375","n/a","n/a"
"20 Mar 92","10.375","n/a","n/a"
"19 Mar 92","10.375","n/a","n/a"
"18 Mar 92","10.375","n/a","n/a"
"17 Mar 92","10.375","n/a","n/a"
"16 Mar 92","10.375","n/a","n/a"
"13 Mar 92","10.375","n/a","n/a"
"12 Mar 92","10.375","n/a","n/a"
"11 Mar 92","10.375","n/a","n/a"
"10 Mar 92","10.375","n/a","n/a"
"09 Mar 92","10.375","n/a","n/a"
"06 Mar 92","10.375","n/a","n/a"
"05 Mar 92","10.375","n/a","n/a"
"04 Mar 92","10.375","n/a","n/a"
"03 Mar 92","10.375","n/a","n/a"
"02 Mar 92","10.375","n/a","n/a"
"28 Feb 92","10.375","n/a","n/a"
"27 Feb 92","10.375","n/a","n/a"
"26 Feb 92","10.375","n/a","n/a"
"25 Feb 92","10.375","n/a","n/a"
"24 Feb 92","10.375","n/a","n/a"
"21 Feb 92","10.375","n/a","n/a"
"20 Feb 92","10.375","n/a","n/a"
"19 Feb 92","10.375","n/a","n/a"
"18 Feb 92","10.375","n/a","n/a"
"17 Feb 92","10.375","n/a","n/a"
"14 Feb 92","10.375","n/a","n/a"
"13 Feb 92","10.375","n/a","n/a"
"12 Feb 92","10.375","n/a","n/a"
"11 Feb 92","10.375","n/a","n/a"
"10 Feb 92","10.375","n/a","n/a"
"07 Feb 92","10.375","n/a","n/a"
"06 Feb 92","10.375","n/a","n/a"
"05 Feb 92","10.375","n/a","n/a"
"04 Feb 92","10.375","n/a","n/a"
"03 Feb 92","10.375","n/a","n/a"
"31 Jan 92","10.375","n/a","n/a"
"30 Jan 92","10.375","n/a","n/a"
"29 Jan 92","10.375","n/a","n/a"
"28 Jan 92","10.375","n/a","n/a"
"27 Jan 92","10.375","n/a","n/a"
"24 Jan 92","10.375","n/a","n/a"
"23 Jan 92","10.375","n/a","n/a"
"22 Jan 92","10.375","n/a","n/a"
"21 Jan 92","10.375","n/a","n/a"
"20 Jan 92","10.375","n/a","n/a"
"17 Jan 92","10.375","n/a","n/a"
"16 Jan 92","10.375","n/a","n/a"
"15 Jan 92","10.375","n/a","n/a"
"14 Jan 92","10.375","n/a","n/a"
"13 Jan 92","10.375","n/a","n/a"
"10 Jan 92","10.375","n/a","n/a"
"09 Jan 92","10.375","n/a","n/a"
"08 Jan 92","10.375","n/a","n/a"
"07 Jan 92","10.375","n/a","n/a"
"06 Jan 92","10.375","n/a","n/a"
"03 Jan 92","10.375","n/a","n/a"
"02 Jan 92","10.375","n/a","n/a"
"31 Dec 91","10.375","10.375","10.375"
"30 Dec 91","10.375","n/a","n/a"
"27 Dec 91","10.375","n/a","n/a"
"24 Dec 91","10.375","n/a","n/a"
"23 Dec 91","10.375","n/a","n/a"
"20 Dec 91","10.375","n/a","n/a"
"19 Dec 91","10.375","n/a","n/a"
"18 Dec 91","10.375","n/a","n/a"
"17 Dec 91","10.375","n/a","n/a"
"16 Dec 91","10.375","n/a","n/a"
"13 Dec 91","10.375","n/a","n/a"
"12 Dec 91","10.375","n/a","n/a"
"11 Dec 91","10.375","n/a","n/a"
"10 Dec 91","10.375","n/a","n/a"
"09 Dec 91","10.375","n/a","n/a"
"06 Dec 91","10.375","n/a","n/a"
"05 Dec 91","10.375","n/a","n/a"
"04 Dec 91","10.375","n/a","n/a"
"03 Dec 91","10.375","n/a","n/a"
"02 Dec 91","10.375","n/a","n/a"
"29 Nov 91","10.375","n/a","n/a"
"28 Nov 91","10.375","n/a","n/a"
"27 Nov 91","10.375","n/a","n/a"
"26 Nov 91","10.375","n/a","n/a"
"25 Nov 91","10.375","n/a","n/a"
"22 Nov 91","10.375","n/a","n/a"
"21 Nov 91","10.375","n/a","n/a"
"20 Nov 91","10.375","n/a","n/a"
"19 Nov 91","10.375","n/a","n/a"
"18 Nov 91","10.375","n/a","n/a"
"15 Nov 91","10.375","n/a","n/a"
"14 Nov 91","10.375","n/a","n/a"
"13 Nov 91","10.375","n/a","n/a"
"12 Nov 91","10.375","n/a","n/a"
"11 Nov 91","10.375","n/a","n/a"
"08 Nov 91","10.375","n/a","n/a"
"07 Nov 91","10.375","n/a","n/a"
"06 Nov 91","10.375","n/a","n/a"
"05 Nov 91","10.375","n/a","n/a"
"04 Nov 91","10.375","n/a","n/a"
"01 Nov 91","10.375","n/a","n/a"
"31 Oct 91","10.375","n/a","n/a"
"30 Oct 91","10.375","n/a","n/a"
"29 Oct 91","10.375","n/a","n/a"
"28 Oct 91","10.375","n/a","n/a"
"25 Oct 91","10.375","n/a","n/a"
"24 Oct 91","10.375","n/a","n/a"
"23 Oct 91","10.375","n/a","n/a"
"22 Oct 91","10.375","n/a","n/a"
"21 Oct 91","10.375","n/a","n/a"
"18 Oct 91","10.375","n/a","n/a"
"17 Oct 91","10.375","n/a","n/a"
"16 Oct 91","10.375","n/a","n/a"
"15 Oct 91","10.375","n/a","n/a"
"14 Oct 91","10.375","n/a","n/a"
"11 Oct 91","10.375","n/a","n/a"
"10 Oct 91","10.375","n/a","n/a"
"09 Oct 91","10.375","n/a","n/a"
"08 Oct 91","10.375","n/a","n/a"
"07 Oct 91","10.375","n/a","n/a"
"04 Oct 91","10.375","n/a","n/a"
"03 Oct 91","10.375","n/a","n/a"
"02 Oct 91","10.375","n/a","n/a"
"01 Oct 91","10.375","n/a","n/a"
"30 Sep 91","10.375","10.7981","10.375"
"27 Sep 91","10.375","n/a","n/a"
"26 Sep 91","10.375","n/a","n/a"
"25 Sep 91","10.375","n/a","n/a"
"24 Sep 91","10.375","n/a","n/a"
"23 Sep 91","10.375","n/a","n/a"
"20 Sep 91","10.375","n/a","n/a"
"19 Sep 91","10.375","n/a","n/a"
"18 Sep 91","10.375","n/a","n/a"
"17 Sep 91","10.375","n/a","n/a"
"16 Sep 91","10.375","n/a","n/a"
"13 Sep 91","10.375","n/a","n/a"
"12 Sep 91","10.375","n/a","n/a"
"11 Sep 91","10.375","n/a","n/a"
"10 Sep 91","10.375","n/a","n/a"
"09 Sep 91","10.375","n/a","n/a"
"06 Sep 91","10.375","n/a","n/a"
"05 Sep 91","10.375","n/a","n/a"
"04 Sep 91","10.375","n/a","n/a"
"03 Sep 91","10.875","n/a","n/a"
"02 Sep 91","10.875","n/a","n/a"
"30 Aug 91","10.875","n/a","n/a"
"29 Aug 91","10.875","n/a","n/a"
"28 Aug 91","10.875","n/a","n/a"
"27 Aug 91","10.875","n/a","n/a"
"23 Aug 91","10.875","n/a","n/a"
"22 Aug 91","10.875","n/a","n/a"
"21 Aug 91","10.875","n/a","n/a"
"20 Aug 91","10.875","n/a","n/a"
"19 Aug 91","10.875","n/a","n/a"
"16 Aug 91","10.875","n/a","n/a"
"15 Aug 91","10.875","n/a","n/a"
"14 Aug 91","10.875","n/a","n/a"
"13 Aug 91","10.875","n/a","n/a"
"12 Aug 91","10.875","n/a","n/a"
"09 Aug 91","10.875","n/a","n/a"
"08 Aug 91","10.875","n/a","n/a"
"07 Aug 91","10.875","n/a","n/a"
"06 Aug 91","10.875","n/a","n/a"
"05 Aug 91","10.875","n/a","n/a"
"02 Aug 91","10.875","n/a","n/a"
"01 Aug 91","10.875","n/a","n/a"
"31 Jul 91","10.875","n/a","n/a"
"30 Jul 91","10.875","n/a","n/a"
"29 Jul 91","10.875","n/a","n/a"
"26 Jul 91","10.875","n/a","n/a"
"25 Jul 91","10.875","n/a","n/a"
"24 Jul 91","10.875","n/a","n/a"
"23 Jul 91","10.875","n/a","n/a"
"22 Jul 91","10.875","n/a","n/a"
"19 Jul 91","10.875","n/a","n/a"
"18 Jul 91","10.875","n/a","n/a"
"17 Jul 91","10.875","n/a","n/a"
"16 Jul 91","10.875","n/a","n/a"
"15 Jul 91","10.875","n/a","n/a"
"12 Jul 91","10.875","n/a","n/a"
"11 Jul 91","11.375","n/a","n/a"
"10 Jul 91","11.375","n/a","n/a"
"09 Jul 91","11.375","n/a","n/a"
"08 Jul 91","11.375","n/a","n/a"
"05 Jul 91","11.375","n/a","n/a"
"04 Jul 91","11.375","n/a","n/a"
"03 Jul 91","11.375","n/a","n/a"
"02 Jul 91","11.375","n/a","n/a"
"01 Jul 91","11.375","n/a","n/a"
"30 Jun 91","n/a","11.7379","11.375"
"28 Jun 91","11.375","n/a","n/a"
"27 Jun 91","11.375","n/a","n/a"
"26 Jun 91","11.375","n/a","n/a"
"25 Jun 91","11.375","n/a","n/a"
"24 Jun 91","11.375","n/a","n/a"
"21 Jun 91","11.375","n/a","n/a"
"20 Jun 91","11.375","n/a","n/a"
"19 Jun 91","11.375","n/a","n/a"
"18 Jun 91","11.375","n/a","n/a"
"17 Jun 91","11.375","n/a","n/a"
"14 Jun 91","11.375","n/a","n/a"
"13 Jun 91","11.375","n/a","n/a"
"12 Jun 91","11.375","n/a","n/a"
"11 Jun 91","11.375","n/a","n/a"
"10 Jun 91","11.375","n/a","n/a"
"07 Jun 91","11.375","n/a","n/a"
"06 Jun 91","11.375","n/a","n/a"
"05 Jun 91","11.375","n/a","n/a"
"04 Jun 91","11.375","n/a","n/a"
"03 Jun 91","11.375","n/a","n/a"
"31 May 91","11.375","n/a","n/a"
"30 May 91","11.375","n/a","n/a"
"29 May 91","11.375","n/a","n/a"
"28 May 91","11.375","n/a","n/a"
"24 May 91","11.375","n/a","n/a"
"23 May 91","11.875","n/a","n/a"
"22 May 91","11.875","n/a","n/a"
"21 May 91","11.875","n/a","n/a"
"20 May 91","11.875","n/a","n/a"
"17 May 91","11.875","n/a","n/a"
"16 May 91","11.875","n/a","n/a"
"15 May 91","11.875","n/a","n/a"
"14 May 91","11.875","n/a","n/a"
"13 May 91","11.875","n/a","n/a"
"10 May 91","11.875","n/a","n/a"
"09 May 91","11.875","n/a","n/a"
"08 May 91","11.875","n/a","n/a"
"07 May 91","11.875","n/a","n/a"
"03 May 91","11.875","n/a","n/a"
"02 May 91","11.875","n/a","n/a"
"01 May 91","11.875","n/a","n/a"
"30 Apr 91","11.875","n/a","n/a"
"29 Apr 91","11.875","n/a","n/a"
"26 Apr 91","11.875","n/a","n/a"
"25 Apr 91","11.875","n/a","n/a"
"24 Apr 91","11.875","n/a","n/a"
"23 Apr 91","11.875","n/a","n/a"
"22 Apr 91","11.875","n/a","n/a"
"19 Apr 91","11.875","n/a","n/a"
"18 Apr 91","11.875","n/a","n/a"
"17 Apr 91","11.875","n/a","n/a"
"16 Apr 91","11.875","n/a","n/a"
"15 Apr 91","11.875","n/a","n/a"
"12 Apr 91","11.875","n/a","n/a"
"11 Apr 91","12.375","n/a","n/a"
"10 Apr 91","12.375","n/a","n/a"
"09 Apr 91","12.375","n/a","n/a"
"08 Apr 91","12.375","n/a","n/a"
"05 Apr 91","12.375","n/a","n/a"
"04 Apr 91","12.375","n/a","n/a"
"03 Apr 91","12.375","n/a","n/a"
"02 Apr 91","12.375","n/a","n/a"
"31 Mar 91","n/a","13.3992","12.375"
"28 Mar 91","12.375","n/a","n/a"
"27 Mar 91","12.375","n/a","n/a"
"26 Mar 91","12.375","n/a","n/a"
"25 Mar 91","12.375","n/a","n/a"
"22 Mar 91","12.375","n/a","n/a"
"21 Mar 91","12.875","n/a","n/a"
"20 Mar 91","12.875","n/a","n/a"
"19 Mar 91","12.875","n/a","n/a"
"18 Mar 91","12.875","n/a","n/a"
"15 Mar 91","12.875","n/a","n/a"
"14 Mar 91","12.875","n/a","n/a"
"13 Mar 91","12.875","n/a","n/a"
"12 Mar 91","12.875","n/a","n/a"
"11 Mar 91","12.875","n/a","n/a"
"08 Mar 91","12.875","n/a","n/a"
"07 Mar 91","12.875","n/a","n/a"
"06 Mar 91","12.875","n/a","n/a"
"05 Mar 91","12.875","n/a","n/a"
"04 Mar 91","12.875","n/a","n/a"
"01 Mar 91","12.875","n/a","n/a"
"28 Feb 91","12.875","n/a","n/a"
"27 Feb 91","12.875","n/a","n/a"
"26 Feb 91","13.375","n/a","n/a"
"25 Feb 91","13.375","n/a","n/a"
"22 Feb 91","13.375","n/a","n/a"
"21 Feb 91","13.375","n/a","n/a"
"20 Feb 91","13.375","n/a","n/a"
"19 Feb 91","13.375","n/a","n/a"
"18 Feb 91","13.375","n/a","n/a"
"15 Feb 91","13.375","n/a","n/a"
"14 Feb 91","13.375","n/a","n/a"
"13 Feb 91","13.375","n/a","n/a"
"12 Feb 91","13.875","n/a","n/a"
"11 Feb 91","13.875","n/a","n/a"
"08 Feb 91","13.875","n/a","n/a"
"07 Feb 91","13.875","n/a","n/a"
"06 Feb 91","13.875","n/a","n/a"
"05 Feb 91","13.875","n/a","n/a"
"04 Feb 91","13.875","n/a","n/a"
"01 Feb 91","13.875","n/a","n/a"
"31 Jan 91","13.875","n/a","n/a"
"30 Jan 91","13.875","n/a","n/a"
"29 Jan 91","13.875","n/a","n/a"
"28 Jan 91","13.875","n/a","n/a"
"25 Jan 91","13.875","n/a","n/a"
"24 Jan 91","13.875","n/a","n/a"
"23 Jan 91","13.875","n/a","n/a"
"22 Jan 91","13.875","n/a","n/a"
"21 Jan 91","13.875","n/a","n/a"
"18 Jan 91","13.875","n/a","n/a"
"17 Jan 91","13.875","n/a","n/a"
"16 Jan 91","13.875","n/a","n/a"
"15 Jan 91","13.875","n/a","n/a"
"14 Jan 91","13.875","n/a","n/a"
"11 Jan 91","13.875","n/a","n/a"
"10 Jan 91","13.875","n/a","n/a"
"09 Jan 91","13.875","n/a","n/a"
"08 Jan 91","13.875","n/a","n/a"
"07 Jan 91","13.875","n/a","n/a"
"04 Jan 91","13.875","n/a","n/a"
"03 Jan 91","13.875","n/a","n/a"
"02 Jan 91","13.875","n/a","n/a"
"31 Dec 90","13.875","13.9531","13.875"
"28 Dec 90","13.875","n/a","n/a"
"27 Dec 90","13.875","n/a","n/a"
"24 Dec 90","13.875","n/a","n/a"
"21 Dec 90","13.875","n/a","n/a"
"20 Dec 90","13.875","n/a","n/a"
"19 Dec 90","13.875","n/a","n/a"
"18 Dec 90","13.875","n/a","n/a"
"17 Dec 90","13.875","n/a","n/a"
"14 Dec 90","13.875","n/a","n/a"
"13 Dec 90","13.875","n/a","n/a"
"12 Dec 90","13.875","n/a","n/a"
"11 Dec 90","13.875","n/a","n/a"
"10 Dec 90","13.875","n/a","n/a"
"07 Dec 90","13.875","n/a","n/a"
"06 Dec 90","13.875","n/a","n/a"
"05 Dec 90","13.875","n/a","n/a"
"04 Dec 90","13.875","n/a","n/a"
"03 Dec 90","13.875","n/a","n/a"
"30 Nov 90","13.875","n/a","n/a"
"29 Nov 90","13.875","n/a","n/a"
"28 Nov 90","13.875","n/a","n/a"
"27 Nov 90","13.875","n/a","n/a"
"26 Nov 90","13.875","n/a","n/a"
"23 Nov 90","13.875","n/a","n/a"
"22 Nov 90","13.875","n/a","n/a"
"21 Nov 90","13.875","n/a","n/a"
"20 Nov 90","13.875","n/a","n/a"
"19 Nov 90","13.875","n/a","n/a"
"16 Nov 90","13.875","n/a","n/a"
"15 Nov 90","13.875","n/a","n/a"
"14 Nov 90","13.875","n/a","n/a"
"13 Nov 90","13.875","n/a","n/a"
"12 Nov 90","13.875","n/a","n/a"
"09 Nov 90","13.875","n/a","n/a"
"08 Nov 90","13.875","n/a","n/a"
"07 Nov 90","13.875","n/a","n/a"
"06 Nov 90","13.875","n/a","n/a"
"05 Nov 90","13.875","n/a","n/a"
"02 Nov 90","13.875","n/a","n/a"
"01 Nov 90","13.875","n/a","n/a"
"31 Oct 90","13.875","n/a","n/a"
"30 Oct 90","13.875","n/a","n/a"
"29 Oct 90","13.875","n/a","n/a"
"26 Oct 90","13.875","n/a","n/a"
"25 Oct 90","13.875","n/a","n/a"
"24 Oct 90","13.875","n/a","n/a"
"23 Oct 90","13.875","n/a","n/a"
"22 Oct 90","13.875","n/a","n/a"
"19 Oct 90","13.875","n/a","n/a"
"18 Oct 90","13.875","n/a","n/a"
"17 Oct 90","13.875","n/a","n/a"
"16 Oct 90","13.875","n/a","n/a"
"15 Oct 90","13.875","n/a","n/a"
"12 Oct 90","13.875","n/a","n/a"
"11 Oct 90","13.875","n/a","n/a"
"10 Oct 90","13.875","n/a","n/a"
"09 Oct 90","13.875","n/a","n/a"
"08 Oct 90","13.875","n/a","n/a"
"05 Oct 90","14.875","n/a","n/a"
"04 Oct 90","14.875","n/a","n/a"
"03 Oct 90","14.875","n/a","n/a"
"02 Oct 90","14.875","n/a","n/a"
"01 Oct 90","14.875","n/a","n/a"
"30 Sep 90","n/a","14.875","14.875"
"28 Sep 90","14.875","n/a","n/a"
"27 Sep 90","14.875","n/a","n/a"
"26 Sep 90","14.875","n/a","n/a"
"25 Sep 90","14.875","n/a","n/a"
"24 Sep 90","14.875","n/a","n/a"
"21 Sep 90","14.875","n/a","n/a"
"20 Sep 90","14.875","n/a","n/a"
"19 Sep 90","14.875","n/a","n/a"
"18 Sep 90","14.875","n/a","n/a"
"17 Sep 90","14.875","n/a","n/a"
"14 Sep 90","14.875","n/a","n/a"
"13 Sep 90","14.875","n/a","n/a"
"12 Sep 90","14.875","n/a","n/a"
"11 Sep 90","14.875","n/a","n/a"
"10 Sep 90","14.875","n/a","n/a"
"07 Sep 90","14.875","n/a","n/a"
"06 Sep 90","14.875","n/a","n/a"
"05 Sep 90","14.875","n/a","n/a"
"04 Sep 90","14.875","n/a","n/a"
"03 Sep 90","14.875","n/a","n/a"
"31 Aug 90","14.875","n/a","n/a"
"30 Aug 90","14.875","n/a","n/a"
"29 Aug 90","14.875","n/a","n/a"
"28 Aug 90","14.875","n/a","n/a"
"24 Aug 90","14.875","n/a","n/a"
"23 Aug 90","14.875","n/a","n/a"
"22 Aug 90","14.875","n/a","n/a"
"21 Aug 90","14.875","n/a","n/a"
"20 Aug 90","14.875","n/a","n/a"
"17 Aug 90","14.875","n/a","n/a"
"16 Aug 90","14.875","n/a","n/a"
"15 Aug 90","14.875","n/a","n/a"
"14 Aug 90","14.875","n/a","n/a"
"13 Aug 90","14.875","n/a","n/a"
"10 Aug 90","14.875","n/a","n/a"
"09 Aug 90","14.875","n/a","n/a"
"08 Aug 90","14.875","n/a","n/a"
"07 Aug 90","14.875","n/a","n/a"
"06 Aug 90","14.875","n/a","n/a"
"03 Aug 90","14.875","n/a","n/a"
"02 Aug 90","14.875","n/a","n/a"
"01 Aug 90","14.875","n/a","n/a"
"31 Jul 90","14.875","n/a","n/a"
"30 Jul 90","14.875","n/a","n/a"
"27 Jul 90","14.875","n/a","n/a"
"26 Jul 90","14.875","n/a","n/a"
"25 Jul 90","14.875","n/a","n/a"
"24 Jul 90","14.875","n/a","n/a"
"23 Jul 90","14.875","n/a","n/a"
"20 Jul 90","14.875","n/a","n/a"
"19 Jul 90","14.875","n/a","n/a"
"18 Jul 90","14.875","n/a","n/a"
"17 Jul 90","14.875","n/a","n/a"
"16 Jul 90","14.875","n/a","n/a"
"13 Jul 90","14.875","n/a","n/a"
"12 Jul 90","14.875","n/a","n/a"
"11 Jul 90","14.875","n/a","n/a"
"10 Jul 90","14.875","n/a","n/a"
"09 Jul 90","14.875","n/a","n/a"
"06 Jul 90","14.875","n/a","n/a"
"05 Jul 90","14.875","n/a","n/a"
"04 Jul 90","14.875","n/a","n/a"
"03 Jul 90","14.875","n/a","n/a"
"02 Jul 90","14.875","n/a","n/a"
"30 Jun 90","n/a","14.875","14.875"
"29 Jun 90","14.875","n/a","n/a"
"28 Jun 90","14.875","n/a","n/a"
"27 Jun 90","14.875","n/a","n/a"
"26 Jun 90","14.875","n/a","n/a"
"25 Jun 90","14.875","n/a","n/a"
"22 Jun 90","14.875","n/a","n/a"
"21 Jun 90","14.875","n/a","n/a"
"20 Jun 90","14.875","n/a","n/a"
"19 Jun 90","14.875","n/a","n/a"
"18 Jun 90","14.875","n/a","n/a"
"15 Jun 90","14.875","n/a","n/a"
"14 Jun 90","14.875","n/a","n/a"
"13 Jun 90","14.875","n/a","n/a"
"12 Jun 90","14.875","n/a","n/a"
"11 Jun 90","14.875","n/a","n/a"
"08 Jun 90","14.875","n/a","n/a"
"07 Jun 90","14.875","n/a","n/a"
"06 Jun 90","14.875","n/a","n/a"
"05 Jun 90","14.875","n/a","n/a"
"04 Jun 90","14.875","n/a","n/a"
"01 Jun 90","14.875","n/a","n/a"
"31 May 90","14.875","n/a","n/a"
"30 May 90","14.875","n/a","n/a"
"29 May 90","14.875","n/a","n/a"
"25 May 90","14.875","n/a","n/a"
"24 May 90","14.875","n/a","n/a"
"23 May 90","14.875","n/a","n/a"
"22 May 90","14.875","n/a","n/a"
"21 May 90","14.875","n/a","n/a"
"18 May 90","14.875","n/a","n/a"
"17 May 90","14.875","n/a","n/a"
"16 May 90","14.875","n/a","n/a"
"15 May 90","14.875","n/a","n/a"
"14 May 90","14.875","n/a","n/a"
"11 May 90","14.875","n/a","n/a"
"10 May 90","14.875","n/a","n/a"
"09 May 90","14.875","n/a","n/a"
"08 May 90","14.875","n/a","n/a"
"04 May 90","14.875","n/a","n/a"
"03 May 90","14.875","n/a","n/a"
"02 May 90","14.875","n/a","n/a"
"01 May 90","14.875","n/a","n/a"
"30 Apr 90","14.875","n/a","n/a"
"27 Apr 90","14.875","n/a","n/a"
"26 Apr 90","14.875","n/a","n/a"
"25 Apr 90","14.875","n/a","n/a"
"24 Apr 90","14.875","n/a","n/a"
"23 Apr 90","14.875","n/a","n/a"
"20 Apr 90","14.875","n/a","n/a"
"19 Apr 90","14.875","n/a","n/a"
"18 Apr 90","14.875","n/a","n/a"
"17 Apr 90","14.875","n/a","n/a"
"12 Apr 90","14.875","n/a","n/a"
"11 Apr 90","14.875","n/a","n/a"
"10 Apr 90","14.875","n/a","n/a"
"09 Apr 90","14.875","n/a","n/a"
"06 Apr 90","14.875","n/a","n/a"
"05 Apr 90","14.875","n/a","n/a"
"04 Apr 90","14.875","n/a","n/a"
"03 Apr 90","14.875","n/a","n/a"
"02 Apr 90","14.875","n/a","n/a"
"31 Mar 90","n/a","14.875","14.875"
"30 Mar 90","14.875","n/a","n/a"
"29 Mar 90","14.875","n/a","n/a"
"28 Mar 90","14.875","n/a","n/a"
"27 Mar 90","14.875","n/a","n/a"
"26 Mar 90","14.875","n/a","n/a"
"23 Mar 90","14.875","n/a","n/a"
"22 Mar 90","14.875","n/a","n/a"
"21 Mar 90","14.875","n/a","n/a"
"20 Mar 90","14.875","n/a","n/a"
"19 Mar 90","14.875","n/a","n/a"
"16 Mar 90","14.875","n/a","n/a"
"15 Mar 90","14.875","n/a","n/a"
"14 Mar 90","14.875","n/a","n/a"
"13 Mar 90","14.875","n/a","n/a"
"12 Mar 90","14.875","n/a","n/a"
"09 Mar 90","14.875","n/a","n/a"
"08 Mar 90","14.875","n/a","n/a"
"07 Mar 90","14.875","n/a","n/a"
"06 Mar 90","14.875","n/a","n/a"
"05 Mar 90","14.875","n/a","n/a"
"02 Mar 90","14.875","n/a","n/a"
"01 Mar 90","14.875","n/a","n/a"
"28 Feb 90","14.875","n/a","n/a"
"27 Feb 90","14.875","n/a","n/a"
"26 Feb 90","14.875","n/a","n/a"
"23 Feb 90","14.875","n/a","n/a"
"22 Feb 90","14.875","n/a","n/a"
"21 Feb 90","14.875","n/a","n/a"
"20 Feb 90","14.875","n/a","n/a"
"19 Feb 90","14.875","n/a","n/a"
"16 Feb 90","14.875","n/a","n/a"
"15 Feb 90","14.875","n/a","n/a"
"14 Feb 90","14.875","n/a","n/a"
"13 Feb 90","14.875","n/a","n/a"
"12 Feb 90","14.875","n/a","n/a"
"09 Feb 90","14.875","n/a","n/a"
"08 Feb 90","14.875","n/a","n/a"
"07 Feb 90","14.875","n/a","n/a"
"06 Feb 90","14.875","n/a","n/a"
"05 Feb 90","14.875","n/a","n/a"
"02 Feb 90","14.875","n/a","n/a"
"01 Feb 90","14.875","n/a","n/a"
"31 Jan 90","14.875","n/a","n/a"
"30 Jan 90","14.875","n/a","n/a"
"29 Jan 90","14.875","n/a","n/a"
"26 Jan 90","14.875","n/a","n/a"
"25 Jan 90","14.875","n/a","n/a"
"24 Jan 90","14.875","n/a","n/a"
"23 Jan 90","14.875","n/a","n/a"
"22 Jan 90","14.875","n/a","n/a"
"19 Jan 90","14.875","n/a","n/a"
"18 Jan 90","14.875","n/a","n/a"
"17 Jan 90","14.875","n/a","n/a"
"16 Jan 90","14.875","n/a","n/a"
"15 Jan 90","14.875","n/a","n/a"
"12 Jan 90","14.875","n/a","n/a"
"11 Jan 90","14.875","n/a","n/a"
"10 Jan 90","14.875","n/a","n/a"
"09 Jan 90","14.875","n/a","n/a"
"08 Jan 90","14.875","n/a","n/a"
"05 Jan 90","14.875","n/a","n/a"
"04 Jan 90","14.875","n/a","n/a"
"03 Jan 90","14.875","n/a","n/a"
"02 Jan 90","14.875","n/a","n/a"
"31 Dec 89","n/a","14.8036","14.875"
"29 Dec 89","14.875","n/a","n/a"
"28 Dec 89","14.875","n/a","n/a"
"27 Dec 89","14.875","n/a","n/a"
"22 Dec 89","14.875","n/a","n/a"
"21 Dec 89","14.875","n/a","n/a"
"20 Dec 89","14.875","n/a","n/a"
"19 Dec 89","14.875","n/a","n/a"
"18 Dec 89","14.875","n/a","n/a"
"15 Dec 89","14.875","n/a","n/a"
"14 Dec 89","14.875","n/a","n/a"
"13 Dec 89","14.875","n/a","n/a"
"12 Dec 89","14.875","n/a","n/a"
"11 Dec 89","14.875","n/a","n/a"
"08 Dec 89","14.875","n/a","n/a"
"07 Dec 89","14.875","n/a","n/a"
"06 Dec 89","14.875","n/a","n/a"
"05 Dec 89","14.875","n/a","n/a"
"04 Dec 89","14.875","n/a","n/a"
"01 Dec 89","14.875","n/a","n/a"
"30 Nov 89","14.875","n/a","n/a"
"29 Nov 89","14.875","n/a","n/a"
"28 Nov 89","14.875","n/a","n/a"
"27 Nov 89","14.875","n/a","n/a"
"24 Nov 89","14.875","n/a","n/a"
"23 Nov 89","14.875","n/a","n/a"
"22 Nov 89","14.875","n/a","n/a"
"21 Nov 89","14.875","n/a","n/a"
"20 Nov 89","14.875","n/a","n/a"
"17 Nov 89","14.875","n/a","n/a"
"16 Nov 89","14.875","n/a","n/a"
"15 Nov 89","14.875","n/a","n/a"
"14 Nov 89","14.875","n/a","n/a"
"13 Nov 89","14.875","n/a","n/a"
"10 Nov 89","14.875","n/a","n/a"
"09 Nov 89","14.875","n/a","n/a"
"08 Nov 89","14.875","n/a","n/a"
"07 Nov 89","14.875","n/a","n/a"
"06 Nov 89","14.875","n/a","n/a"
"03 Nov 89","14.875","n/a","n/a"
"02 Nov 89","14.875","n/a","n/a"
"01 Nov 89","14.875","n/a","n/a"
"31 Oct 89","14.875","n/a","n/a"
"30 Oct 89","14.875","n/a","n/a"
"27 Oct 89","14.875","n/a","n/a"
"26 Oct 89","14.875","n/a","n/a"
"25 Oct 89","14.875","n/a","n/a"
"24 Oct 89","14.875","n/a","n/a"
"23 Oct 89","14.875","n/a","n/a"
"20 Oct 89","14.875","n/a","n/a"
"19 Oct 89","14.875","n/a","n/a"
"18 Oct 89","14.875","n/a","n/a"
"17 Oct 89","14.875","n/a","n/a"
"16 Oct 89","14.875","n/a","n/a"
"13 Oct 89","14.875","n/a","n/a"
"12 Oct 89","14.875","n/a","n/a"
"11 Oct 89","14.875","n/a","n/a"
"10 Oct 89","14.875","n/a","n/a"
"09 Oct 89","14.875","n/a","n/a"
"06 Oct 89","14.875","n/a","n/a"
"05 Oct 89","13.75","n/a","n/a"
"04 Oct 89","13.75","n/a","n/a"
"03 Oct 89","13.75","n/a","n/a"
"02 Oct 89","13.75","n/a","n/a"
"30 Sep 89","n/a","13.7607","13.75"
"29 Sep 89","13.75","n/a","n/a"
"28 Sep 89","13.75","n/a","n/a"
"27 Sep 89","13.75","n/a","n/a"
"26 Sep 89","13.75","n/a","n/a"
"25 Sep 89","13.75","n/a","n/a"
"22 Sep 89","13.75","n/a","n/a"
"21 Sep 89","13.75","n/a","n/a"
"20 Sep 89","13.75","n/a","n/a"
"19 Sep 89","13.75","n/a","n/a"
"18 Sep 89","13.75","n/a","n/a"
"15 Sep 89","13.75","n/a","n/a"
"14 Sep 89","13.75","n/a","n/a"
"13 Sep 89","13.75","n/a","n/a"
"12 Sep 89","13.75","n/a","n/a"
"11 Sep 89","13.75","n/a","n/a"
"08 Sep 89","13.75","n/a","n/a"
"07 Sep 89","13.875","n/a","n/a"
"06 Sep 89","13.875","n/a","n/a"
"05 Sep 89","13.875","n/a","n/a"
"04 Sep 89","13.875","n/a","n/a"
"01 Sep 89","13.8438","n/a","n/a"
"31 Aug 89","13.8438","n/a","n/a"
"30 Aug 89","13.75","n/a","n/a"
"29 Aug 89","13.75","n/a","n/a"
"25 Aug 89","13.75","n/a","n/a"
"24 Aug 89","13.75","n/a","n/a"
"23 Aug 89","13.75","n/a","n/a"
"22 Aug 89","13.75","n/a","n/a"
"21 Aug 89","13.75","n/a","n/a"
"18 Aug 89","13.75","n/a","n/a"
"17 Aug 89","13.75","n/a","n/a"
"16 Aug 89","13.75","n/a","n/a"
"15 Aug 89","13.75","n/a","n/a"
"14 Aug 89","13.75","n/a","n/a"
"11 Aug 89","13.75","n/a","n/a"
"10 Aug 89","13.75","n/a","n/a"
"09 Aug 89","13.75","n/a","n/a"
"08 Aug 89","13.75","n/a","n/a"
"07 Aug 89","13.75","n/a","n/a"
"04 Aug 89","13.75","n/a","n/a"
"03 Aug 89","13.75","n/a","n/a"
"02 Aug 89","13.75","n/a","n/a"
"01 Aug 89","13.75","n/a","n/a"
"31 Jul 89","13.75","n/a","n/a"
"28 Jul 89","13.75","n/a","n/a"
"27 Jul 89","13.75","n/a","n/a"
"26 Jul 89","13.75","n/a","n/a"
"25 Jul 89","13.75","n/a","n/a"
"24 Jul 89","13.75","n/a","n/a"
"21 Jul 89","13.75","n/a","n/a"
"20 Jul 89","13.75","n/a","n/a"
"19 Jul 89","13.75","n/a","n/a"
"18 Jul 89","13.75","n/a","n/a"
"17 Jul 89","13.75","n/a","n/a"
"14 Jul 89","13.75","n/a","n/a"
"13 Jul 89","13.75","n/a","n/a"
"12 Jul 89","13.75","n/a","n/a"
"11 Jul 89","13.75","n/a","n/a"
"10 Jul 89","13.75","n/a","n/a"
"07 Jul 89","13.75","n/a","n/a"
"06 Jul 89","13.75","n/a","n/a"
"05 Jul 89","13.75","n/a","n/a"
"04 Jul 89","13.75","n/a","n/a"
"03 Jul 89","13.75","n/a","n/a"
"30 Jun 89","13.75","13.2361","13.75"
"29 Jun 89","13.75","n/a","n/a"
"28 Jun 89","13.75","n/a","n/a"
"27 Jun 89","13.75","n/a","n/a"
"26 Jun 89","13.75","n/a","n/a"
"23 Jun 89","13.75","n/a","n/a"
"22 Jun 89","13.75","n/a","n/a"
"21 Jun 89","13.75","n/a","n/a"
"20 Jun 89","13.75","n/a","n/a"
"19 Jun 89","13.75","n/a","n/a"
"16 Jun 89","13.75","n/a","n/a"
"15 Jun 89","13.75","n/a","n/a"
"14 Jun 89","13.75","n/a","n/a"
"13 Jun 89","13.75","n/a","n/a"
"12 Jun 89","13.75","n/a","n/a"
"09 Jun 89","13.75","n/a","n/a"
"08 Jun 89","13.75","n/a","n/a"
"07 Jun 89","13.75","n/a","n/a"
"06 Jun 89","13.75","n/a","n/a"
"05 Jun 89","13.75","n/a","n/a"
"02 Jun 89","13.75","n/a","n/a"
"01 Jun 89","13.75","n/a","n/a"
"31 May 89","13.75","n/a","n/a"
"30 May 89","13.75","n/a","n/a"
"26 May 89","13.75","n/a","n/a"
"25 May 89","13.75","n/a","n/a"
"24 May 89","12.875","n/a","n/a"
"23 May 89","12.875","n/a","n/a"
"22 May 89","12.875","n/a","n/a"
"19 May 89","12.875","n/a","n/a"
"18 May 89","12.875","n/a","n/a"
"17 May 89","12.875","n/a","n/a"
"16 May 89","12.875","n/a","n/a"
"15 May 89","12.875","n/a","n/a"
"12 May 89","12.875","n/a","n/a"
"11 May 89","12.875","n/a","n/a"
"10 May 89","12.875","n/a","n/a"
"09 May 89","12.875","n/a","n/a"
"08 May 89","12.875","n/a","n/a"
"05 May 89","12.875","n/a","n/a"
"04 May 89","12.875","n/a","n/a"
"03 May 89","12.875","n/a","n/a"
"02 May 89","12.875","n/a","n/a"
"28 Apr 89","12.875","n/a","n/a"
"27 Apr 89","12.875","n/a","n/a"
"26 Apr 89","12.875","n/a","n/a"
"25 Apr 89","12.875","n/a","n/a"
"24 Apr 89","12.875","n/a","n/a"
"21 Apr 89","12.875","n/a","n/a"
"20 Apr 89","12.875","n/a","n/a"
"19 Apr 89","12.875","n/a","n/a"
"18 Apr 89","12.875","n/a","n/a"
"17 Apr 89","12.875","n/a","n/a"
"14 Apr 89","12.875","n/a","n/a"
"13 Apr 89","12.875","n/a","n/a"
"12 Apr 89","12.875","n/a","n/a"
"11 Apr 89","12.875","n/a","n/a"
"10 Apr 89","12.875","n/a","n/a"
"07 Apr 89","12.875","n/a","n/a"
"06 Apr 89","12.875","n/a","n/a"
"05 Apr 89","12.875","n/a","n/a"
"04 Apr 89","12.875","n/a","n/a"
"03 Apr 89","12.875","n/a","n/a"
"31 Mar 89","12.875","12.875","12.875"
"30 Mar 89","12.875","n/a","n/a"
"29 Mar 89","12.875","n/a","n/a"
"28 Mar 89","12.875","n/a","n/a"
"23 Mar 89","12.875","n/a","n/a"
"22 Mar 89","12.875","n/a","n/a"
"21 Mar 89","12.875","n/a","n/a"
"20 Mar 89","12.875","n/a","n/a"
"17 Mar 89","12.875","n/a","n/a"
"16 Mar 89","12.875","n/a","n/a"
"15 Mar 89","12.875","n/a","n/a"
"14 Mar 89","12.875","n/a","n/a"
"13 Mar 89","12.875","n/a","n/a"
"10 Mar 89","12.875","n/a","n/a"
"09 Mar 89","12.875","n/a","n/a"
"08 Mar 89","12.875","n/a","n/a"
"07 Mar 89","12.875","n/a","n/a"
"06 Mar 89","12.875","n/a","n/a"
"03 Mar 89","12.875","n/a","n/a"
"02 Mar 89","12.875","n/a","n/a"
"01 Mar 89","12.875","n/a","n/a"
"28 Feb 89","12.875","n/a","n/a"
"27 Feb 89","12.875","n/a","n/a"
"24 Feb 89","12.875","n/a","n/a"
"23 Feb 89","12.875","n/a","n/a"
"22 Feb 89","12.875","n/a","n/a"
"21 Feb 89","12.875","n/a","n/a"
"20 Feb 89","12.875","n/a","n/a"
"17 Feb 89","12.875","n/a","n/a"
"16 Feb 89","12.875","n/a","n/a"
"15 Feb 89","12.875","n/a","n/a"
"14 Feb 89","12.875","n/a","n/a"
"13 Feb 89","12.875","n/a","n/a"
"10 Feb 89","12.875","n/a","n/a"
"09 Feb 89","12.875","n/a","n/a"
"08 Feb 89","12.875","n/a","n/a"
"07 Feb 89","12.875","n/a","n/a"
"06 Feb 89","12.875","n/a","n/a"
"03 Feb 89","12.875","n/a","n/a"
"02 Feb 89","12.875","n/a","n/a"
"01 Feb 89","12.875","n/a","n/a"
"31 Jan 89","12.875","n/a","n/a"
"30 Jan 89","12.875","n/a","n/a"
"27 Jan 89","12.875","n/a","n/a"
"26 Jan 89","12.875","n/a","n/a"
"25 Jan 89","12.875","n/a","n/a"
"24 Jan 89","12.875","n/a","n/a"
"23 Jan 89","12.875","n/a","n/a"
"20 Jan 89","12.875","n/a","n/a"
"19 Jan 89","12.875","n/a","n/a"
"18 Jan 89","12.875","n/a","n/a"
"17 Jan 89","12.875","n/a","n/a"
"16 Jan 89","12.875","n/a","n/a"
"13 Jan 89","12.875","n/a","n/a"
"12 Jan 89","12.875","n/a","n/a"
"11 Jan 89","12.875","n/a","n/a"
"10 Jan 89","12.875","n/a","n/a"
"09 Jan 89","12.875","n/a","n/a"
"06 Jan 89","12.875","n/a","n/a"
"05 Jan 89","12.875","n/a","n/a"
"04 Jan 89","12.875","n/a","n/a"
"03 Jan 89","12.875","n/a","n/a"
"31 Dec 88","n/a","12.256","12.875"
"30 Dec 88","12.875","n/a","n/a"
"29 Dec 88","12.875","n/a","n/a"
"28 Dec 88","12.875","n/a","n/a"
"23 Dec 88","12.875","n/a","n/a"
"22 Dec 88","12.875","n/a","n/a"
"21 Dec 88","12.875","n/a","n/a"
"20 Dec 88","12.875","n/a","n/a"
"19 Dec 88","12.875","n/a","n/a"
"16 Dec 88","12.875","n/a","n/a"
"15 Dec 88","12.875","n/a","n/a"
"14 Dec 88","12.875","n/a","n/a"
"13 Dec 88","12.875","n/a","n/a"
"12 Dec 88","12.875","n/a","n/a"
"09 Dec 88","12.875","n/a","n/a"
"08 Dec 88","12.875","n/a","n/a"
"07 Dec 88","12.875","n/a","n/a"
"06 Dec 88","12.875","n/a","n/a"
"05 Dec 88","12.875","n/a","n/a"
"02 Dec 88","12.875","n/a","n/a"
"01 Dec 88","12.875","n/a","n/a"
"30 Nov 88","12.875","n/a","n/a"
"29 Nov 88","12.875","n/a","n/a"
"28 Nov 88","12.875","n/a","n/a"
"25 Nov 88","12.875","n/a","n/a"
"24 Nov 88","11.875","n/a","n/a"
"23 Nov 88","11.875","n/a","n/a"
"22 Nov 88","11.875","n/a","n/a"
"21 Nov 88","11.875","n/a","n/a"
"18 Nov 88","11.875","n/a","n/a"
"17 Nov 88","11.875","n/a","n/a"
"16 Nov 88","11.875","n/a","n/a"
"15 Nov 88","11.875","n/a","n/a"
"14 Nov 88","11.875","n/a","n/a"
"11 Nov 88","11.875","n/a","n/a"
"10 Nov 88","11.875","n/a","n/a"
"09 Nov 88","11.875","n/a","n/a"
"08 Nov 88","11.875","n/a","n/a"
"07 Nov 88","11.875","n/a","n/a"
"04 Nov 88","11.875","n/a","n/a"
"03 Nov 88","11.875","n/a","n/a"
"02 Nov 88","11.875","n/a","n/a"
"01 Nov 88","11.875","n/a","n/a"
"31 Oct 88","11.875","n/a","n/a"
"28 Oct 88","11.875","n/a","n/a"
"27 Oct 88","11.875","n/a","n/a"
"26 Oct 88","11.875","n/a","n/a"
"25 Oct 88","11.875","n/a","n/a"
"24 Oct 88","11.875","n/a","n/a"
"21 Oct 88","11.875","n/a","n/a"
"20 Oct 88","11.875","n/a","n/a"
"19 Oct 88","11.875","n/a","n/a"
"18 Oct 88","11.875","n/a","n/a"
"17 Oct 88","11.875","n/a","n/a"
"14 Oct 88","11.875","n/a","n/a"
"13 Oct 88","11.875","n/a","n/a"
"12 Oct 88","11.875","n/a","n/a"
"11 Oct 88","11.875","n/a","n/a"
"10 Oct 88","11.875","n/a","n/a"
"07 Oct 88","11.875","n/a","n/a"
"06 Oct 88","11.875","n/a","n/a"
"05 Oct 88","11.875","n/a","n/a"
"04 Oct 88","11.875","n/a","n/a"
"03 Oct 88","11.875","n/a","n/a"
"30 Sep 88","11.875","10.9058","11.875"
"29 Sep 88","11.875","n/a","n/a"
"28 Sep 88","11.875","n/a","n/a"
"27 Sep 88","11.875","n/a","n/a"
"26 Sep 88","11.875","n/a","n/a"
"23 Sep 88","11.875","n/a","n/a"
"22 Sep 88","11.875","n/a","n/a"
"21 Sep 88","11.875","n/a","n/a"
"20 Sep 88","11.875","n/a","n/a"
"19 Sep 88","11.875","n/a","n/a"
"16 Sep 88","11.875","n/a","n/a"
"15 Sep 88","11.875","n/a","n/a"
"14 Sep 88","11.875","n/a","n/a"
"13 Sep 88","11.875","n/a","n/a"
"12 Sep 88","11.875","n/a","n/a"
"09 Sep 88","11.875","n/a","n/a"
"08 Sep 88","11.875","n/a","n/a"
"07 Sep 88","11.875","n/a","n/a"
"06 Sep 88","11.875","n/a","n/a"
"05 Sep 88","11.875","n/a","n/a"
"02 Sep 88","11.875","n/a","n/a"
"01 Sep 88","11.875","n/a","n/a"
"31 Aug 88","11.875","n/a","n/a"
"30 Aug 88","11.875","n/a","n/a"
"26 Aug 88","11.875","n/a","n/a"
"25 Aug 88","11.875","n/a","n/a"
"24 Aug 88","10.875","n/a","n/a"
"23 Aug 88","10.875","n/a","n/a"
"22 Aug 88","10.875","n/a","n/a"
"19 Aug 88","10.875","n/a","n/a"
"18 Aug 88","10.875","n/a","n/a"
"17 Aug 88","10.875","n/a","n/a"
"16 Aug 88","10.875","n/a","n/a"
"15 Aug 88","10.875","n/a","n/a"
"12 Aug 88","10.875","n/a","n/a"
"11 Aug 88","10.875","n/a","n/a"
"10 Aug 88","10.875","n/a","n/a"
"09 Aug 88","10.875","n/a","n/a"
"08 Aug 88","10.875","n/a","n/a"
"05 Aug 88","10.375","n/a","n/a"
"04 Aug 88","10.375","n/a","n/a"
"03 Aug 88","10.375","n/a","n/a"
"02 Aug 88","10.375","n/a","n/a"
"01 Aug 88","10.375","n/a","n/a"
"29 Jul 88","10.375","n/a","n/a"
"28 Jul 88","10.375","n/a","n/a"
"27 Jul 88","10.375","n/a","n/a"
"26 Jul 88","10.375","n/a","n/a"
"25 Jul 88","10.375","n/a","n/a"
"22 Jul 88","10.375","n/a","n/a"
"21 Jul 88","10.375","n/a","n/a"
"20 Jul 88","9.875","n/a","n/a"
"19 Jul 88","9.875","n/a","n/a"
"18 Jul 88","9.875","n/a","n/a"
"15 Jul 88","9.875","n/a","n/a"
"14 Jul 88","9.875","n/a","n/a"
"13 Jul 88","9.875","n/a","n/a"
"12 Jul 88","9.875","n/a","n/a"
"11 Jul 88","9.875","n/a","n/a"
"08 Jul 88","9.875","n/a","n/a"
"07 Jul 88","9.875","n/a","n/a"
"06 Jul 88","8.875","n/a","n/a"
"05 Jul 88","8.875","n/a","n/a"
"04 Jul 88","8.875","n/a","n/a"
"01 Jul 88","8.875","n/a","n/a"
"30 Jun 88","8.875","7.9652","8.875"
"29 Jun 88","8.875","n/a","n/a"
"28 Jun 88","8.875","n/a","n/a"
"27 Jun 88","8.875","n/a","n/a"
"24 Jun 88","8.875","n/a","n/a"
"23 Jun 88","8.375","n/a","n/a"
"22 Jun 88","8.375","n/a","n/a"
"21 Jun 88","8.375","n/a","n/a"
"20 Jun 88","8.375","n/a","n/a"
"17 Jun 88","8.375","n/a","n/a"
"16 Jun 88","8.375","n/a","n/a"
"15 Jun 88","8.375","n/a","n/a"
"14 Jun 88","8.375","n/a","n/a"
"13 Jun 88","8.375","n/a","n/a"
"10 Jun 88","8.375","n/a","n/a"
"09 Jun 88","7.875","n/a","n/a"
"08 Jun 88","7.875","n/a","n/a"
"07 Jun 88","7.875","n/a","n/a"
"06 Jun 88","7.875","n/a","n/a"
"03 Jun 88","7.875","n/a","n/a"
"02 Jun 88","7.375","n/a","n/a"
"01 Jun 88","7.375","n/a","n/a"
"31 May 88","7.375","n/a","n/a"
"27 May 88","7.375","n/a","n/a"
"26 May 88","7.375","n/a","n/a"
"25 May 88","7.375","n/a","n/a"
"24 May 88","7.375","n/a","n/a"
"23 May 88","7.375","n/a","n/a"
"20 May 88","7.375","n/a","n/a"
"19 May 88","7.375","n/a","n/a"
"18 May 88","7.375","n/a","n/a"
"17 May 88","7.375","n/a","n/a"
"16 May 88","7.875","n/a","n/a"
"13 May 88","7.875","n/a","n/a"
"12 May 88","7.875","n/a","n/a"
"11 May 88","7.875","n/a","n/a"
"10 May 88","7.875","n/a","n/a"
"09 May 88","7.875","n/a","n/a"
"06 May 88","7.875","n/a","n/a"
"05 May 88","7.875","n/a","n/a"
"04 May 88","7.875","n/a","n/a"
"03 May 88","7.875","n/a","n/a"
"29 Apr 88","7.875","n/a","n/a"
"28 Apr 88","7.875","n/a","n/a"
"27 Apr 88","7.875","n/a","n/a"
"26 Apr 88","7.875","n/a","n/a"
"25 Apr 88","7.875","n/a","n/a"
"22 Apr 88","7.875","n/a","n/a"
"21 Apr 88","7.875","n/a","n/a"
"20 Apr 88","7.875","n/a","n/a"
"19 Apr 88","7.875","n/a","n/a"
"18 Apr 88","7.875","n/a","n/a"
"15 Apr 88","7.875","n/a","n/a"
"14 Apr 88","7.875","n/a","n/a"
"13 Apr 88","7.875","n/a","n/a"
"12 Apr 88","7.875","n/a","n/a"
"11 Apr 88","7.875","n/a","n/a"
"08 Apr 88","7.875","n/a","n/a"
"07 Apr 88","8.375","n/a","n/a"
"06 Apr 88","8.375","n/a","n/a"
"05 Apr 88","8.375","n/a","n/a"
"31 Mar 88","8.375","8.6328","8.375"
"30 Mar 88","8.375","n/a","n/a"
"29 Mar 88","8.375","n/a","n/a"
"28 Mar 88","8.375","n/a","n/a"
"25 Mar 88","8.375","n/a","n/a"
"24 Mar 88","8.375","n/a","n/a"
"23 Mar 88","8.375","n/a","n/a"
"22 Mar 88","8.375","n/a","n/a"
"21 Mar 88","8.375","n/a","n/a"
"18 Mar 88","8.375","n/a","n/a"
"17 Mar 88","8.375","n/a","n/a"
"16 Mar 88","8.875","n/a","n/a"
"15 Mar 88","8.875","n/a","n/a"
"14 Mar 88","8.875","n/a","n/a"
"11 Mar 88","8.875","n/a","n/a"
"10 Mar 88","8.875","n/a","n/a"
"09 Mar 88","8.875","n/a","n/a"
"08 Mar 88","8.875","n/a","n/a"
"07 Mar 88","8.875","n/a","n/a"
"04 Mar 88","8.875","n/a","n/a"
"03 Mar 88","8.875","n/a","n/a"
"02 Mar 88","8.875","n/a","n/a"
"01 Mar 88","8.875","n/a","n/a"
"29 Feb 88","8.875","n/a","n/a"
"26 Feb 88","8.875","n/a","n/a"
"25 Feb 88","8.875","n/a","n/a"
"24 Feb 88","8.875","n/a","n/a"
"23 Feb 88","8.875","n/a","n/a"
"22 Feb 88","8.875","n/a","n/a"
"19 Feb 88","8.875","n/a","n/a"
"18 Feb 88","8.875","n/a","n/a"
"17 Feb 88","8.875","n/a","n/a"
"16 Feb 88","8.875","n/a","n/a"
"15 Feb 88","8.875","n/a","n/a"
"12 Feb 88","8.875","n/a","n/a"
"11 Feb 88","8.875","n/a","n/a"
"10 Feb 88","8.875","n/a","n/a"
"09 Feb 88","8.875","n/a","n/a"
"08 Feb 88","8.875","n/a","n/a"
"05 Feb 88","8.875","n/a","n/a"
"04 Feb 88","8.875","n/a","n/a"
"03 Feb 88","8.875","n/a","n/a"
"02 Feb 88","8.875","n/a","n/a"
"01 Feb 88","8.875","n/a","n/a"
"29 Jan 88","8.375","n/a","n/a"
"28 Jan 88","8.375","n/a","n/a"
"27 Jan 88","8.375","n/a","n/a"
"26 Jan 88","8.375","n/a","n/a"
"25 Jan 88","8.375","n/a","n/a"
"22 Jan 88","8.375","n/a","n/a"
"21 Jan 88","8.375","n/a","n/a"
"20 Jan 88","8.375","n/a","n/a"
"19 Jan 88","8.375","n/a","n/a"
"18 Jan 88","8.375","n/a","n/a"
"15 Jan 88","8.375","n/a","n/a"
"14 Jan 88","8.375","n/a","n/a"
"13 Jan 88","8.375","n/a","n/a"
"12 Jan 88","8.375","n/a","n/a"
"11 Jan 88","8.375","n/a","n/a"
"08 Jan 88","8.375","n/a","n/a"
"07 Jan 88","8.375","n/a","n/a"
"06 Jan 88","8.375","n/a","n/a"
"05 Jan 88","8.375","n/a","n/a"
"04 Jan 88","8.375","n/a","n/a"
"31 Dec 87","8.375","9.0391","8.375"
"30 Dec 87","8.375","n/a","n/a"
"29 Dec 87","8.375","n/a","n/a"
"24 Dec 87","8.375","n/a","n/a"
"23 Dec 87","8.375","n/a","n/a"
"22 Dec 87","8.375","n/a","n/a"
"21 Dec 87","8.375","n/a","n/a"
"18 Dec 87","8.375","n/a","n/a"
"17 Dec 87","8.375","n/a","n/a"
"16 Dec 87","8.375","n/a","n/a"
"15 Dec 87","8.375","n/a","n/a"
"14 Dec 87","8.375","n/a","n/a"
"11 Dec 87","8.375","n/a","n/a"
"10 Dec 87","8.375","n/a","n/a"
"09 Dec 87","8.375","n/a","n/a"
"08 Dec 87","8.375","n/a","n/a"
"07 Dec 87","8.375","n/a","n/a"
"04 Dec 87","8.375","n/a","n/a"
"03 Dec 87","8.375","n/a","n/a"
"02 Dec 87","8.875","n/a","n/a"
"01 Dec 87","8.875","n/a","n/a"
"30 Nov 87","8.875","n/a","n/a"
"27 Nov 87","8.875","n/a","n/a"
"26 Nov 87","8.875","n/a","n/a"
"25 Nov 87","8.875","n/a","n/a"
"24 Nov 87","8.875","n/a","n/a"
"23 Nov 87","8.875","n/a","n/a"
"20 Nov 87","8.875","n/a","n/a"
"19 Nov 87","8.875","n/a","n/a"
"18 Nov 87","8.875","n/a","n/a"
"17 Nov 87","8.875","n/a","n/a"
"16 Nov 87","8.875","n/a","n/a"
"13 Nov 87","8.875","n/a","n/a"
"12 Nov 87","8.875","n/a","n/a"
"11 Nov 87","8.875","n/a","n/a"
"10 Nov 87","8.875","n/a","n/a"
"09 Nov 87","8.875","n/a","n/a"
"06 Nov 87","8.875","n/a","n/a"
"05 Nov 87","8.875","n/a","n/a"
"04 Nov 87","8.875","n/a","n/a"
"03 Nov 87","9.375","n/a","n/a"
"02 Nov 87","9.375","n/a","n/a"
"30 Oct 87","9.375","n/a","n/a"
"29 Oct 87","9.375","n/a","n/a"
"28 Oct 87","9.375","n/a","n/a"
"27 Oct 87","9.375","n/a","n/a"
"26 Oct 87","9.375","n/a","n/a"
"23 Oct 87","9.375","n/a","n/a"
"22 Oct 87","9.875","n/a","n/a"
"21 Oct 87","9.875","n/a","n/a"
"20 Oct 87","9.875","n/a","n/a"
"19 Oct 87","9.875","n/a","n/a"
"16 Oct 87","9.875","n/a","n/a"
"15 Oct 87","9.875","n/a","n/a"
"14 Oct 87","9.875","n/a","n/a"
"13 Oct 87","9.875","n/a","n/a"
"12 Oct 87","9.875","n/a","n/a"
"09 Oct 87","9.875","n/a","n/a"
"08 Oct 87","9.875","n/a","n/a"
"07 Oct 87","9.875","n/a","n/a"
"06 Oct 87","9.875","n/a","n/a"
"05 Oct 87","9.875","n/a","n/a"
"02 Oct 87","9.875","n/a","n/a"
"01 Oct 87","9.875","n/a","n/a"
"30 Sep 87","9.875","9.475","9.875"
"29 Sep 87","9.875","n/a","n/a"
"28 Sep 87","9.875","n/a","n/a"
"25 Sep 87","9.875","n/a","n/a"
"24 Sep 87","9.875","n/a","n/a"
"23 Sep 87","9.875","n/a","n/a"
"22 Sep 87","9.875","n/a","n/a"
"21 Sep 87","9.875","n/a","n/a"
"18 Sep 87","9.875","n/a","n/a"
"17 Sep 87","9.875","n/a","n/a"
"16 Sep 87","9.875","n/a","n/a"
"15 Sep 87","9.875","n/a","n/a"
"14 Sep 87","9.875","n/a","n/a"
"11 Sep 87","9.875","n/a","n/a"
"10 Sep 87","9.875","n/a","n/a"
"09 Sep 87","9.875","n/a","n/a"
"08 Sep 87","9.875","n/a","n/a"
"07 Sep 87","9.875","n/a","n/a"
"04 Sep 87","9.875","n/a","n/a"
"03 Sep 87","9.875","n/a","n/a"
"02 Sep 87","9.875","n/a","n/a"
"01 Sep 87","9.875","n/a","n/a"
"28 Aug 87","9.875","n/a","n/a"
"27 Aug 87","9.875","n/a","n/a"
"26 Aug 87","9.875","n/a","n/a"
"25 Aug 87","9.875","n/a","n/a"
"24 Aug 87","9.875","n/a","n/a"
"21 Aug 87","9.875","n/a","n/a"
"20 Aug 87","9.875","n/a","n/a"
"19 Aug 87","9.875","n/a","n/a"
"18 Aug 87","9.875","n/a","n/a"
"17 Aug 87","9.875","n/a","n/a"
"14 Aug 87","9.875","n/a","n/a"
"13 Aug 87","9.875","n/a","n/a"
"12 Aug 87","9.875","n/a","n/a"
"11 Aug 87","9.875","n/a","n/a"
"10 Aug 87","9.875","n/a","n/a"
"07 Aug 87","9.875","n/a","n/a"
"06 Aug 87","9.875","n/a","n/a"
"05 Aug 87","8.875","n/a","n/a"
"04 Aug 87","8.875","n/a","n/a"
"03 Aug 87","8.875","n/a","n/a"
"31 Jul 87","8.875","n/a","n/a"
"30 Jul 87","8.875","n/a","n/a"
"29 Jul 87","8.875","n/a","n/a"
"28 Jul 87","8.875","n/a","n/a"
"27 Jul 87","8.875","n/a","n/a"
"24 Jul 87","8.875","n/a","n/a"
"23 Jul 87","8.875","n/a","n/a"
"22 Jul 87","8.875","n/a","n/a"
"21 Jul 87","8.875","n/a","n/a"
"20 Jul 87","8.875","n/a","n/a"
"17 Jul 87","8.875","n/a","n/a"
"16 Jul 87","8.875","n/a","n/a"
"15 Jul 87","8.875","n/a","n/a"
"14 Jul 87","8.875","n/a","n/a"
"13 Jul 87","8.875","n/a","n/a"
"10 Jul 87","8.875","n/a","n/a"
"09 Jul 87","8.875","n/a","n/a"
"08 Jul 87","8.875","n/a","n/a"
"07 Jul 87","8.875","n/a","n/a"
"06 Jul 87","8.875","n/a","n/a"
"03 Jul 87","8.875","n/a","n/a"
"02 Jul 87","8.875","n/a","n/a"
"01 Jul 87","8.875","n/a","n/a"
"30 Jun 87","8.875","9.2111","8.875"
"29 Jun 87","8.875","n/a","n/a"
"26 Jun 87","8.875","n/a","n/a"
"25 Jun 87","8.875","n/a","n/a"
"24 Jun 87","8.875","n/a","n/a"
"23 Jun 87","8.875","n/a","n/a"
"22 Jun 87","8.875","n/a","n/a"
"19 Jun 87","8.875","n/a","n/a"
"18 Jun 87","8.875","n/a","n/a"
"17 Jun 87","8.875","n/a","n/a"
"16 Jun 87","8.875","n/a","n/a"
"15 Jun 87","8.875","n/a","n/a"
"12 Jun 87","8.875","n/a","n/a"
"11 Jun 87","8.875","n/a","n/a"
"10 Jun 87","8.875","n/a","n/a"
"09 Jun 87","8.875","n/a","n/a"
"08 Jun 87","8.875","n/a","n/a"
"05 Jun 87","8.875","n/a","n/a"
"04 Jun 87","8.875","n/a","n/a"
"03 Jun 87","8.875","n/a","n/a"
"02 Jun 87","8.875","n/a","n/a"
"01 Jun 87","8.875","n/a","n/a"
"29 May 87","8.875","n/a","n/a"
"28 May 87","8.875","n/a","n/a"
"27 May 87","8.875","n/a","n/a"
"26 May 87","8.875","n/a","n/a"
"22 May 87","8.875","n/a","n/a"
"21 May 87","8.875","n/a","n/a"
"20 May 87","8.875","n/a","n/a"
"19 May 87","8.875","n/a","n/a"
"18 May 87","8.875","n/a","n/a"
"15 May 87","8.875","n/a","n/a"
"14 May 87","8.875","n/a","n/a"
"13 May 87","8.875","n/a","n/a"
"12 May 87","8.875","n/a","n/a"
"11 May 87","8.875","n/a","n/a"
"08 May 87","8.875","n/a","n/a"
"07 May 87","9.375","n/a","n/a"
"06 May 87","9.375","n/a","n/a"
"05 May 87","9.375","n/a","n/a"
"01 May 87","9.375","n/a","n/a"
"30 Apr 87","9.375","n/a","n/a"
"29 Apr 87","9.375","n/a","n/a"
"28 Apr 87","9.375","n/a","n/a"
"27 Apr 87","9.875","n/a","n/a"
"24 Apr 87","9.875","n/a","n/a"
"23 Apr 87","9.875","n/a","n/a"
"22 Apr 87","9.875","n/a","n/a"
"21 Apr 87","9.875","n/a","n/a"
"16 Apr 87","9.875","n/a","n/a"
"15 Apr 87","9.875","n/a","n/a"
"14 Apr 87","9.875","n/a","n/a"
"13 Apr 87","9.875","n/a","n/a"
"10 Apr 87","9.875","n/a","n/a"
"09 Apr 87","9.875","n/a","n/a"
"08 Apr 87","9.875","n/a","n/a"
"07 Apr 87","9.875","n/a","n/a"
"06 Apr 87","9.875","n/a","n/a"
"03 Apr 87","9.875","n/a","n/a"
"02 Apr 87","9.875","n/a","n/a"
"01 Apr 87","9.875","n/a","n/a"
"31 Mar 87","9.875","10.6607","9.875"
"30 Mar 87","9.875","n/a","n/a"
"27 Mar 87","9.875","n/a","n/a"
"26 Mar 87","9.875","n/a","n/a"
"25 Mar 87","9.875","n/a","n/a"
"24 Mar 87","9.875","n/a","n/a"
"23 Mar 87","9.875","n/a","n/a"
"20 Mar 87","9.875","n/a","n/a"
"19 Mar 87","9.875","n/a","n/a"
"18 Mar 87","9.875","n/a","n/a"
"17 Mar 87","10.375","n/a","n/a"
"16 Mar 87","10.375","n/a","n/a"
"13 Mar 87","10.375","n/a","n/a"
"12 Mar 87","10.375","n/a","n/a"
"11 Mar 87","10.375","n/a","n/a"
"10 Mar 87","10.375","n/a","n/a"
"09 Mar 87","10.375","n/a","n/a"
"06 Mar 87","10.875","n/a","n/a"
"05 Mar 87","10.875","n/a","n/a"
"04 Mar 87","10.875","n/a","n/a"
"03 Mar 87","10.875","n/a","n/a"
"02 Mar 87","10.875","n/a","n/a"
"27 Feb 87","10.875","n/a","n/a"
"26 Feb 87","10.875","n/a","n/a"
"25 Feb 87","10.875","n/a","n/a"
"24 Feb 87","10.875","n/a","n/a"
"23 Feb 87","10.875","n/a","n/a"
"20 Feb 87","10.875","n/a","n/a"
"19 Feb 87","10.875","n/a","n/a"
"18 Feb 87","10.875","n/a","n/a"
"17 Feb 87","10.875","n/a","n/a"
"16 Feb 87","10.875","n/a","n/a"
"13 Feb 87","10.875","n/a","n/a"
"12 Feb 87","10.875","n/a","n/a"
"11 Feb 87","10.875","n/a","n/a"
"10 Feb 87","10.875","n/a","n/a"
"09 Feb 87","10.875","n/a","n/a"
"06 Feb 87","10.875","n/a","n/a"
"05 Feb 87","10.875","n/a","n/a"
"04 Feb 87","10.875","n/a","n/a"
"03 Feb 87","10.875","n/a","n/a"
"02 Feb 87","10.875","n/a","n/a"
"30 Jan 87","10.875","n/a","n/a"
"29 Jan 87","10.875","n/a","n/a"
"28 Jan 87","10.875","n/a","n/a"
"27 Jan 87","10.875","n/a","n/a"
"26 Jan 87","10.875","n/a","n/a"
"23 Jan 87","10.875","n/a","n/a"
"22 Jan 87","10.875","n/a","n/a"
"21 Jan 87","10.875","n/a","n/a"
"20 Jan 87","10.875","n/a","n/a"
"19 Jan 87","10.875","n/a","n/a"
"16 Jan 87","10.875","n/a","n/a"
"15 Jan 87","10.875","n/a","n/a"
"14 Jan 87","10.875","n/a","n/a"
"13 Jan 87","10.875","n/a","n/a"
"12 Jan 87","10.875","n/a","n/a"
"09 Jan 87","10.875","n/a","n/a"
"08 Jan 87","10.875","n/a","n/a"
"07 Jan 87","10.875","n/a","n/a"
"06 Jan 87","10.875","n/a","n/a"
"05 Jan 87","10.875","n/a","n/a"
"02 Jan 87","10.875","n/a","n/a"
"31 Dec 86","10.875","10.7188","10.875"
"30 Dec 86","10.875","n/a","n/a"
"29 Dec 86","10.875","n/a","n/a"
"24 Dec 86","10.875","n/a","n/a"
"23 Dec 86","10.875","n/a","n/a"
"22 Dec 86","10.875","n/a","n/a"
"19 Dec 86","10.875","n/a","n/a"
"18 Dec 86","10.875","n/a","n/a"
"17 Dec 86","10.875","n/a","n/a"
"16 Dec 86","10.875","n/a","n/a"
"15 Dec 86","10.875","n/a","n/a"
"12 Dec 86","10.875","n/a","n/a"
"11 Dec 86","10.875","n/a","n/a"
"10 Dec 86","10.875","n/a","n/a"
"09 Dec 86","10.875","n/a","n/a"
"08 Dec 86","10.875","n/a","n/a"
"05 Dec 86","10.875","n/a","n/a"
"04 Dec 86","10.875","n/a","n/a"
"03 Dec 86","10.875","n/a","n/a"
"02 Dec 86","10.875","n/a","n/a"
"01 Dec 86","10.875","n/a","n/a"
"28 Nov 86","10.875","n/a","n/a"
"27 Nov 86","10.875","n/a","n/a"
"26 Nov 86","10.875","n/a","n/a"
"25 Nov 86","10.875","n/a","n/a"
"24 Nov 86","10.875","n/a","n/a"
"21 Nov 86","10.875","n/a","n/a"
"20 Nov 86","10.875","n/a","n/a"
"19 Nov 86","10.875","n/a","n/a"
"18 Nov 86","10.875","n/a","n/a"
"17 Nov 86","10.875","n/a","n/a"
"14 Nov 86","10.875","n/a","n/a"
"13 Nov 86","10.875","n/a","n/a"
"12 Nov 86","10.875","n/a","n/a"
"11 Nov 86","10.875","n/a","n/a"
"10 Nov 86","10.875","n/a","n/a"
"07 Nov 86","10.875","n/a","n/a"
"06 Nov 86","10.875","n/a","n/a"
"05 Nov 86","10.875","n/a","n/a"
"04 Nov 86","10.875","n/a","n/a"
"03 Nov 86","10.875","n/a","n/a"
"31 Oct 86","10.875","n/a","n/a"
"30 Oct 86","10.875","n/a","n/a"
"29 Oct 86","10.875","n/a","n/a"
"28 Oct 86","10.875","n/a","n/a"
"27 Oct 86","10.875","n/a","n/a"
"24 Oct 86","10.875","n/a","n/a"
"23 Oct 86","10.875","n/a","n/a"
"22 Oct 86","10.875","n/a","n/a"
"21 Oct 86","10.875","n/a","n/a"
"20 Oct 86","10.875","n/a","n/a"
"17 Oct 86","10.875","n/a","n/a"
"16 Oct 86","10.875","n/a","n/a"
"15 Oct 86","10.875","n/a","n/a"
"14 Oct 86","9.875","n/a","n/a"
"13 Oct 86","9.875","n/a","n/a"
"10 Oct 86","9.875","n/a","n/a"
"09 Oct 86","9.875","n/a","n/a"
"08 Oct 86","9.875","n/a","n/a"
"07 Oct 86","9.875","n/a","n/a"
"06 Oct 86","9.875","n/a","n/a"
"03 Oct 86","9.875","n/a","n/a"
"02 Oct 86","9.875","n/a","n/a"
"01 Oct 86","9.875","n/a","n/a"
"30 Sep 86","9.875","9.875","9.875"
"29 Sep 86","9.875","n/a","n/a"
"26 Sep 86","9.875","n/a","n/a"
"25 Sep 86","9.875","n/a","n/a"
"24 Sep 86","9.875","n/a","n/a"
"23 Sep 86","9.875","n/a","n/a"
"22 Sep 86","9.875","n/a","n/a"
"19 Sep 86","9.875","n/a","n/a"
"18 Sep 86","9.875","n/a","n/a"
"17 Sep 86","9.875","n/a","n/a"
"16 Sep 86","9.875","n/a","n/a"
"15 Sep 86","9.875","n/a","n/a"
"12 Sep 86","9.875","n/a","n/a"
"11 Sep 86","9.875","n/a","n/a"
"10 Sep 86","9.875","n/a","n/a"
"09 Sep 86","9.875","n/a","n/a"
"08 Sep 86","9.875","n/a","n/a"
"05 Sep 86","9.875","n/a","n/a"
"04 Sep 86","9.875","n/a","n/a"
"03 Sep 86","9.875","n/a","n/a"
"02 Sep 86","9.875","n/a","n/a"
"01 Sep 86","9.875","n/a","n/a"
"29 Aug 86","9.875","n/a","n/a"
"28 Aug 86","9.875","n/a","n/a"
"27 Aug 86","9.875","n/a","n/a"
"26 Aug 86","9.875","n/a","n/a"
"22 Aug 86","9.875","n/a","n/a"
"21 Aug 86","9.875","n/a","n/a"
"20 Aug 86","9.875","n/a","n/a"
"19 Aug 86","9.875","n/a","n/a"
"18 Aug 86","9.875","n/a","n/a"
"15 Aug 86","9.875","n/a","n/a"
"14 Aug 86","9.875","n/a","n/a"
"13 Aug 86","9.875","n/a","n/a"
"12 Aug 86","9.875","n/a","n/a"
"11 Aug 86","9.875","n/a","n/a"
"08 Aug 86","9.875","n/a","n/a"
"07 Aug 86","9.875","n/a","n/a"
"06 Aug 86","9.875","n/a","n/a"
"05 Aug 86","9.875","n/a","n/a"
"04 Aug 86","9.875","n/a","n/a"
"01 Aug 86","9.875","n/a","n/a"
"31 Jul 86","9.875","n/a","n/a"
"30 Jul 86","9.875","n/a","n/a"
"29 Jul 86","9.875","n/a","n/a"
"28 Jul 86","9.875","n/a","n/a"
"25 Jul 86","9.875","n/a","n/a"
"24 Jul 86","9.875","n/a","n/a"
"23 Jul 86","9.875","n/a","n/a"
"22 Jul 86","9.875","n/a","n/a"
"21 Jul 86","9.875","n/a","n/a"
"18 Jul 86","9.875","n/a","n/a"
"17 Jul 86","9.875","n/a","n/a"
"16 Jul 86","9.875","n/a","n/a"
"15 Jul 86","9.875","n/a","n/a"
"14 Jul 86","9.875","n/a","n/a"
"11 Jul 86","9.875","n/a","n/a"
"10 Jul 86","9.875","n/a","n/a"
"09 Jul 86","9.875","n/a","n/a"
"08 Jul 86","9.875","n/a","n/a"
"07 Jul 86","9.875","n/a","n/a"
"04 Jul 86","9.875","n/a","n/a"
"03 Jul 86","9.875","n/a","n/a"
"02 Jul 86","9.875","n/a","n/a"
"01 Jul 86","9.875","n/a","n/a"
"30 Jun 86","9.875","10.3353","9.875"
"27 Jun 86","9.875","n/a","n/a"
"26 Jun 86","9.875","n/a","n/a"
"25 Jun 86","9.875","n/a","n/a"
"24 Jun 86","9.875","n/a","n/a"
"23 Jun 86","9.875","n/a","n/a"
"20 Jun 86","9.875","n/a","n/a"
"19 Jun 86","9.875","n/a","n/a"
"18 Jun 86","9.875","n/a","n/a"
"17 Jun 86","9.875","n/a","n/a"
"16 Jun 86","9.875","n/a","n/a"
"13 Jun 86","9.875","n/a","n/a"
"12 Jun 86","9.875","n/a","n/a"
"11 Jun 86","9.875","n/a","n/a"
"10 Jun 86","9.875","n/a","n/a"
"09 Jun 86","9.875","n/a","n/a"
"06 Jun 86","9.875","n/a","n/a"
"05 Jun 86","9.875","n/a","n/a"
"04 Jun 86","9.875","n/a","n/a"
"03 Jun 86","9.875","n/a","n/a"
"02 Jun 86","9.875","n/a","n/a"
"30 May 86","9.875","n/a","n/a"
"29 May 86","9.875","n/a","n/a"
"28 May 86","9.875","n/a","n/a"
"27 May 86","9.875","n/a","n/a"
"23 May 86","9.875","n/a","n/a"
"22 May 86","10.375","n/a","n/a"
"21 May 86","10.375","n/a","n/a"
"20 May 86","10.375","n/a","n/a"
"19 May 86","10.375","n/a","n/a"
"16 May 86","10.375","n/a","n/a"
"15 May 86","10.375","n/a","n/a"
"14 May 86","10.375","n/a","n/a"
"13 May 86","10.375","n/a","n/a"
"12 May 86","10.375","n/a","n/a"
"09 May 86","10.375","n/a","n/a"
"08 May 86","10.375","n/a","n/a"
"07 May 86","10.375","n/a","n/a"
"06 May 86","10.375","n/a","n/a"
"02 May 86","10.375","n/a","n/a"
"01 May 86","10.375","n/a","n/a"
"30 Apr 86","10.375","n/a","n/a"
"29 Apr 86","10.375","n/a","n/a"
"28 Apr 86","10.375","n/a","n/a"
"25 Apr 86","10.375","n/a","n/a"
"24 Apr 86","10.375","n/a","n/a"
"23 Apr 86","10.375","n/a","n/a"
"22 Apr 86","10.375","n/a","n/a"
"21 Apr 86","10.375","n/a","n/a"
"18 Apr 86","10.375","n/a","n/a"
"17 Apr 86","10.875","n/a","n/a"
"16 Apr 86","10.875","n/a","n/a"
"15 Apr 86","10.875","n/a","n/a"
"14 Apr 86","10.875","n/a","n/a"
"11 Apr 86","10.875","n/a","n/a"
"10 Apr 86","11.375","n/a","n/a"
"09 Apr 86","11.375","n/a","n/a"
"08 Apr 86","11.375","n/a","n/a"
"07 Apr 86","11.375","n/a","n/a"
"04 Apr 86","11.375","n/a","n/a"
"03 Apr 86","11.375","n/a","n/a"
"02 Apr 86","11.375","n/a","n/a"
"01 Apr 86","11.375","n/a","n/a"
"31 Mar 86","n/a","12.1127","11.375"
"27 Mar 86","11.375","n/a","n/a"
"26 Mar 86","11.375","n/a","n/a"
"25 Mar 86","11.375","n/a","n/a"
"24 Mar 86","11.375","n/a","n/a"
"21 Mar 86","11.375","n/a","n/a"
"20 Mar 86","11.375","n/a","n/a"
"19 Mar 86","11.375","n/a","n/a"
"18 Mar 86","12.375","n/a","n/a"
"17 Mar 86","12.375","n/a","n/a"
"14 Mar 86","12.375","n/a","n/a"
"13 Mar 86","12.375","n/a","n/a"
"12 Mar 86","12.375","n/a","n/a"
"11 Mar 86","12.375","n/a","n/a"
"10 Mar 86","12.375","n/a","n/a"
"07 Mar 86","12.375","n/a","n/a"
"06 Mar 86","12.375","n/a","n/a"
"05 Mar 86","12.375","n/a","n/a"
"04 Mar 86","12.375","n/a","n/a"
"03 Mar 86","12.375","n/a","n/a"
"28 Feb 86","12.375","n/a","n/a"
"27 Feb 86","12.375","n/a","n/a"
"26 Feb 86","12.375","n/a","n/a"
"25 Feb 86","12.375","n/a","n/a"
"24 Feb 86","12.375","n/a","n/a"
"21 Feb 86","12.375","n/a","n/a"
"20 Feb 86","12.375","n/a","n/a"
"19 Feb 86","12.375","n/a","n/a"
"18 Feb 86","12.375","n/a","n/a"
"17 Feb 86","12.375","n/a","n/a"
"14 Feb 86","12.375","n/a","n/a"
"13 Feb 86","12.375","n/a","n/a"
"12 Feb 86","12.375","n/a","n/a"
"11 Feb 86","12.375","n/a","n/a"
"10 Feb 86","12.375","n/a","n/a"
"07 Feb 86","12.375","n/a","n/a"
"06 Feb 86","12.375","n/a","n/a"
"05 Feb 86","12.375","n/a","n/a"
"04 Feb 86","12.375","n/a","n/a"
"03 Feb 86","12.375","n/a","n/a"
"31 Jan 86","12.375","n/a","n/a"
"30 Jan 86","12.375","n/a","n/a"
"29 Jan 86","12.375","n/a","n/a"
"28 Jan 86","12.375","n/a","n/a"
"27 Jan 86","12.375","n/a","n/a"
"24 Jan 86","12.375","n/a","n/a"
"23 Jan 86","12.375","n/a","n/a"
"22 Jan 86","12.375","n/a","n/a"
"21 Jan 86","12.375","n/a","n/a"
"20 Jan 86","12.375","n/a","n/a"
"17 Jan 86","12.375","n/a","n/a"
"16 Jan 86","12.375","n/a","n/a"
"15 Jan 86","12.375","n/a","n/a"
"14 Jan 86","11.375","n/a","n/a"
"13 Jan 86","11.375","n/a","n/a"
"10 Jan 86","11.375","n/a","n/a"
"09 Jan 86","11.375","n/a","n/a"
"08 Jan 86","11.375","n/a","n/a"
"07 Jan 86","11.375","n/a","n/a"
"06 Jan 86","11.375","n/a","n/a"
"03 Jan 86","11.375","n/a","n/a"
"02 Jan 86","11.375","n/a","n/a"
"31 Dec 85","11.375","11.375","11.375"
"30 Dec 85","11.375","n/a","n/a"
"27 Dec 85","11.375","n/a","n/a"
"24 Dec 85","11.375","n/a","n/a"
"23 Dec 85","11.375","n/a","n/a"
"20 Dec 85","11.375","n/a","n/a"
"19 Dec 85","11.375","n/a","n/a"
"18 Dec 85","11.375","n/a","n/a"
"17 Dec 85","11.375","n/a","n/a"
"16 Dec 85","11.375","n/a","n/a"
"13 Dec 85","11.375","n/a","n/a"
"12 Dec 85","11.375","n/a","n/a"
"11 Dec 85","11.375","n/a","n/a"
"10 Dec 85","11.375","n/a","n/a"
"09 Dec 85","11.375","n/a","n/a"
"06 Dec 85","11.375","n/a","n/a"
"05 Dec 85","11.375","n/a","n/a"
"04 Dec 85","11.375","n/a","n/a"
"03 Dec 85","11.375","n/a","n/a"
"02 Dec 85","11.375","n/a","n/a"
"29 Nov 85","11.375","n/a","n/a"
"28 Nov 85","11.375","n/a","n/a"
"27 Nov 85","11.375","n/a","n/a"
"26 Nov 85","11.375","n/a","n/a"
"25 Nov 85","11.375","n/a","n/a"
"22 Nov 85","11.375","n/a","n/a"
"21 Nov 85","11.375","n/a","n/a"
"20 Nov 85","11.375","n/a","n/a"
"19 Nov 85","11.375","n/a","n/a"
"18 Nov 85","11.375","n/a","n/a"
"15 Nov 85","11.375","n/a","n/a"
"14 Nov 85","11.375","n/a","n/a"
"13 Nov 85","11.375","n/a","n/a"
"12 Nov 85","11.375","n/a","n/a"
"11 Nov 85","11.375","n/a","n/a"
"08 Nov 85","11.375","n/a","n/a"
"07 Nov 85","11.375","n/a","n/a"
"06 Nov 85","11.375","n/a","n/a"
"05 Nov 85","11.375","n/a","n/a"
"04 Nov 85","11.375","n/a","n/a"
"01 Nov 85","11.375","n/a","n/a"
"31 Oct 85","11.375","n/a","n/a"
"30 Oct 85","11.375","n/a","n/a"
"29 Oct 85","11.375","n/a","n/a"
"28 Oct 85","11.375","n/a","n/a"
"25 Oct 85","11.375","n/a","n/a"
"24 Oct 85","11.375","n/a","n/a"
"23 Oct 85","11.375","n/a","n/a"
"22 Oct 85","11.375","n/a","n/a"
"21 Oct 85","11.375","n/a","n/a"
"18 Oct 85","11.375","n/a","n/a"
"17 Oct 85","11.375","n/a","n/a"
"16 Oct 85","11.375","n/a","n/a"
"15 Oct 85","11.375","n/a","n/a"
"14 Oct 85","11.375","n/a","n/a"
"11 Oct 85","11.375","n/a","n/a"
"10 Oct 85","11.375","n/a","n/a"
"09 Oct 85","11.375","n/a","n/a"
"08 Oct 85","11.375","n/a","n/a"
"07 Oct 85","11.375","n/a","n/a"
"04 Oct 85","11.375","n/a","n/a"
"03 Oct 85","11.375","n/a","n/a"
"02 Oct 85","11.375","n/a","n/a"
"01 Oct 85","11.375","n/a","n/a"
"30 Sep 85","11.375","11.5827","11.375"
"27 Sep 85","11.375","n/a","n/a"
"26 Sep 85","11.375","n/a","n/a"
"25 Sep 85","11.375","n/a","n/a"
"24 Sep 85","11.375","n/a","n/a"
"23 Sep 85","11.375","n/a","n/a"
"20 Sep 85","11.375","n/a","n/a"
"19 Sep 85","11.375","n/a","n/a"
"18 Sep 85","11.375","n/a","n/a"
"17 Sep 85","11.375","n/a","n/a"
"16 Sep 85","11.375","n/a","n/a"
"13 Sep 85","11.375","n/a","n/a"
"12 Sep 85","11.375","n/a","n/a"
"11 Sep 85","11.375","n/a","n/a"
"10 Sep 85","11.375","n/a","n/a"
"09 Sep 85","11.375","n/a","n/a"
"06 Sep 85","11.375","n/a","n/a"
"05 Sep 85","11.375","n/a","n/a"
"04 Sep 85","11.375","n/a","n/a"
"03 Sep 85","11.375","n/a","n/a"
"02 Sep 85","11.375","n/a","n/a"
"30 Aug 85","11.375","n/a","n/a"
"29 Aug 85","11.375","n/a","n/a"
"28 Aug 85","11.375","n/a","n/a"
"27 Aug 85","11.375","n/a","n/a"
"23 Aug 85","11.375","n/a","n/a"
"22 Aug 85","11.375","n/a","n/a"
"21 Aug 85","11.375","n/a","n/a"
"20 Aug 85","11.375","n/a","n/a"
"19 Aug 85","11.375","n/a","n/a"
"16 Aug 85","11.375","n/a","n/a"
"15 Aug 85","11.375","n/a","n/a"
"14 Aug 85","11.375","n/a","n/a"
"13 Aug 85","11.375","n/a","n/a"
"12 Aug 85","11.375","n/a","n/a"
"09 Aug 85","11.375","n/a","n/a"
"08 Aug 85","11.375","n/a","n/a"
"07 Aug 85","11.375","n/a","n/a"
"06 Aug 85","11.375","n/a","n/a"
"05 Aug 85","11.375","n/a","n/a"
"02 Aug 85","11.375","n/a","n/a"
"01 Aug 85","11.375","n/a","n/a"
"31 Jul 85","11.375","n/a","n/a"
"30 Jul 85","11.375","n/a","n/a"
"29 Jul 85","11.375","n/a","n/a"
"26 Jul 85","11.375","n/a","n/a"
"25 Jul 85","11.875","n/a","n/a"
"24 Jul 85","11.875","n/a","n/a"
"23 Jul 85","11.875","n/a","n/a"
"22 Jul 85","11.875","n/a","n/a"
"19 Jul 85","11.875","n/a","n/a"
"18 Jul 85","11.875","n/a","n/a"
"17 Jul 85","11.875","n/a","n/a"
"16 Jul 85","11.875","n/a","n/a"
"15 Jul 85","11.875","n/a","n/a"
"12 Jul 85","11.875","n/a","n/a"
"11 Jul 85","11.875","n/a","n/a"
"10 Jul 85","12.375","n/a","n/a"
"09 Jul 85","12.375","n/a","n/a"
"08 Jul 85","12.375","n/a","n/a"
"05 Jul 85","12.375","n/a","n/a"
"04 Jul 85","12.375","n/a","n/a"
"03 Jul 85","12.375","n/a","n/a"
"02 Jul 85","12.375","n/a","n/a"
"01 Jul 85","12.375","n/a","n/a"
"30 Jun 85","n/a","12.4734","12.375"
"28 Jun 85","12.375","n/a","n/a"
"27 Jun 85","12.375","n/a","n/a"
"26 Jun 85","12.375","n/a","n/a"
"25 Jun 85","12.375","n/a","n/a"
"24 Jun 85","12.375","n/a","n/a"
"21 Jun 85","12.375","n/a","n/a"
"20 Jun 85","12.375","n/a","n/a"
"19 Jun 85","12.375","n/a","n/a"
"18 Jun 85","12.375","n/a","n/a"
"17 Jun 85","12.375","n/a","n/a"
"14 Jun 85","12.375","n/a","n/a"
"13 Jun 85","12.375","n/a","n/a"
"12 Jun 85","12.375","n/a","n/a"
"11 Jun 85","12.375","n/a","n/a"
"10 Jun 85","12.375","n/a","n/a"
"07 Jun 85","12.375","n/a","n/a"
"06 Jun 85","12.375","n/a","n/a"
"05 Jun 85","12.375","n/a","n/a"
"04 Jun 85","12.375","n/a","n/a"
"03 Jun 85","12.375","n/a","n/a"
"31 May 85","12.375","n/a","n/a"
"30 May 85","12.375","n/a","n/a"
"29 May 85","12.375","n/a","n/a"
"28 May 85","12.375","n/a","n/a"
"24 May 85","12.375","n/a","n/a"
"23 May 85","12.375","n/a","n/a"
"22 May 85","12.375","n/a","n/a"
"21 May 85","12.375","n/a","n/a"
"20 May 85","12.375","n/a","n/a"
"17 May 85","12.375","n/a","n/a"
"16 May 85","12.375","n/a","n/a"
"15 May 85","12.375","n/a","n/a"
"14 May 85","12.375","n/a","n/a"
"13 May 85","12.375","n/a","n/a"
"10 May 85","12.375","n/a","n/a"
"09 May 85","12.375","n/a","n/a"
"08 May 85","12.375","n/a","n/a"
"07 May 85","12.375","n/a","n/a"
"03 May 85","12.375","n/a","n/a"
"02 May 85","12.375","n/a","n/a"
"01 May 85","12.375","n/a","n/a"
"30 Apr 85","12.375","n/a","n/a"
"29 Apr 85","12.375","n/a","n/a"
"26 Apr 85","12.375","n/a","n/a"
"25 Apr 85","12.375","n/a","n/a"
"24 Apr 85","12.375","n/a","n/a"
"23 Apr 85","12.375","n/a","n/a"
"22 Apr 85","12.375","n/a","n/a"
"19 Apr 85","12.375","n/a","n/a"
"18 Apr 85","12.875","n/a","n/a"
"17 Apr 85","12.875","n/a","n/a"
"16 Apr 85","12.875","n/a","n/a"
"15 Apr 85","12.875","n/a","n/a"
"12 Apr 85","12.875","n/a","n/a"
"11 Apr 85","12.875","n/a","n/a"
"10 Apr 85","12.875","n/a","n/a"
"09 Apr 85","12.875","n/a","n/a"
"04 Apr 85","12.875","n/a","n/a"
"03 Apr 85","12.875","n/a","n/a"
"02 Apr 85","12.875","n/a","n/a"
"01 Apr 85","12.875","n/a","n/a"
"31 Mar 85","n/a","12.9226","12.875"
"29 Mar 85","12.875","n/a","n/a"
"28 Mar 85","12.875","n/a","n/a"
"27 Mar 85","13.375","n/a","n/a"
"26 Mar 85","13.375","n/a","n/a"
"25 Mar 85","13.375","n/a","n/a"
"22 Mar 85","13.375","n/a","n/a"
"21 Mar 85","13.375","n/a","n/a"
"20 Mar 85","13.375","n/a","n/a"
"19 Mar 85","13.875","n/a","n/a"
"18 Mar 85","13.875","n/a","n/a"
"15 Mar 85","13.875","n/a","n/a"
"14 Mar 85","13.875","n/a","n/a"
"13 Mar 85","13.875","n/a","n/a"
"12 Mar 85","13.875","n/a","n/a"
"11 Mar 85","13.875","n/a","n/a"
"08 Mar 85","13.875","n/a","n/a"
"07 Mar 85","13.875","n/a","n/a"
"06 Mar 85","13.875","n/a","n/a"
"05 Mar 85","13.875","n/a","n/a"
"04 Mar 85","13.875","n/a","n/a"
"01 Mar 85","13.875","n/a","n/a"
"28 Feb 85","13.875","n/a","n/a"
"27 Feb 85","13.875","n/a","n/a"
"26 Feb 85","13.875","n/a","n/a"
"25 Feb 85","13.875","n/a","n/a"
"22 Feb 85","13.875","n/a","n/a"
"21 Feb 85","13.875","n/a","n/a"
"20 Feb 85","13.875","n/a","n/a"
"19 Feb 85","13.875","n/a","n/a"
"18 Feb 85","13.875","n/a","n/a"
"15 Feb 85","13.875","n/a","n/a"
"14 Feb 85","13.875","n/a","n/a"
"13 Feb 85","13.875","n/a","n/a"
"12 Feb 85","13.875","n/a","n/a"
"11 Feb 85","13.875","n/a","n/a"
"08 Feb 85","13.875","n/a","n/a"
"07 Feb 85","13.875","n/a","n/a"
"06 Feb 85","13.875","n/a","n/a"
"05 Feb 85","13.875","n/a","n/a"
"04 Feb 85","13.875","n/a","n/a"
"01 Feb 85","13.875","n/a","n/a"
"31 Jan 85","13.875","n/a","n/a"
"30 Jan 85","13.875","n/a","n/a"
"29 Jan 85","13.875","n/a","n/a"
"28 Jan 85","13.875","n/a","n/a"
"25 Jan 85","11.875","n/a","n/a"
"24 Jan 85","11.875","n/a","n/a"
"23 Jan 85","11.875","n/a","n/a"
"22 Jan 85","11.875","n/a","n/a"
"21 Jan 85","11.875","n/a","n/a"
"18 Jan 85","11.875","n/a","n/a"
"17 Jan 85","11.875","n/a","n/a"
"16 Jan 85","11.875","n/a","n/a"
"15 Jan 85","11.875","n/a","n/a"
"14 Jan 85","11.875","n/a","n/a"
"11 Jan 85","9.5","n/a","n/a"
"10 Jan 85","9.5","n/a","n/a"
"09 Jan 85","9.5","n/a","n/a"
"08 Jan 85","9.5","n/a","n/a"
"07 Jan 85","9.5","n/a","n/a"
"04 Jan 85","9.5","n/a","n/a"
"03 Jan 85","9.5","n/a","n/a"
"02 Jan 85","9.5","n/a","n/a"
"31 Dec 84","9.5","9.9844","9.5"
"28 Dec 84","9.5","n/a","n/a"
"27 Dec 84","9.5","n/a","n/a"
"24 Dec 84","9.5","n/a","n/a"
"21 Dec 84","9.5","n/a","n/a"
"20 Dec 84","9.5","n/a","n/a"
"19 Dec 84","9.5","n/a","n/a"
"18 Dec 84","9.5","n/a","n/a"
"17 Dec 84","9.5","n/a","n/a"
"14 Dec 84","9.5","n/a","n/a"
"13 Dec 84","9.5","n/a","n/a"
"12 Dec 84","9.5","n/a","n/a"
"11 Dec 84","9.5","n/a","n/a"
"10 Dec 84","9.5","n/a","n/a"
"07 Dec 84","9.5","n/a","n/a"
"06 Dec 84","9.5","n/a","n/a"
"05 Dec 84","9.5","n/a","n/a"
"04 Dec 84","9.5","n/a","n/a"
"03 Dec 84","9.5","n/a","n/a"
"30 Nov 84","9.5","n/a","n/a"
"29 Nov 84","9.5","n/a","n/a"
"28 Nov 84","9.5","n/a","n/a"
"27 Nov 84","9.5","n/a","n/a"
"26 Nov 84","9.5","n/a","n/a"
"23 Nov 84","9.5","n/a","n/a"
"22 Nov 84","9.75","n/a","n/a"
"21 Nov 84","9.75","n/a","n/a"
"20 Nov 84","9.75","n/a","n/a"
"19 Nov 84","9.75","n/a","n/a"
"16 Nov 84","10","n/a","n/a"
"15 Nov 84","10","n/a","n/a"
"14 Nov 84","10","n/a","n/a"
"13 Nov 84","10","n/a","n/a"
"12 Nov 84","10","n/a","n/a"
"09 Nov 84","10","n/a","n/a"
"08 Nov 84","10","n/a","n/a"
"07 Nov 84","10","n/a","n/a"
"06 Nov 84","10","n/a","n/a"
"05 Nov 84","10","n/a","n/a"
"02 Nov 84","10.5","n/a","n/a"
"01 Nov 84","10.5","n/a","n/a"
"31 Oct 84","10.5","n/a","n/a"
"30 Oct 84","10.5","n/a","n/a"
"29 Oct 84","10.5","n/a","n/a"
"26 Oct 84","10.5","n/a","n/a"
"25 Oct 84","10.5","n/a","n/a"
"24 Oct 84","10.5","n/a","n/a"
"23 Oct 84","10.5","n/a","n/a"
"22 Oct 84","10.5","n/a","n/a"
"19 Oct 84","10.5","n/a","n/a"
"18 Oct 84","10.5","n/a","n/a"
"17 Oct 84","10.5","n/a","n/a"
"16 Oct 84","10.5","n/a","n/a"
"15 Oct 84","10.5","n/a","n/a"
"12 Oct 84","10.5","n/a","n/a"
"11 Oct 84","10.5","n/a","n/a"
"10 Oct 84","10.5","n/a","n/a"
"09 Oct 84","10.5","n/a","n/a"
"08 Oct 84","10.5","n/a","n/a"
"05 Oct 84","10.5","n/a","n/a"
"04 Oct 84","10.5","n/a","n/a"
"03 Oct 84","10.5","n/a","n/a"
"02 Oct 84","10.5","n/a","n/a"
"01 Oct 84","10.5","n/a","n/a"
"30 Sep 84","n/a","10.9023","10.5"
"28 Sep 84","10.5","n/a","n/a"
"27 Sep 84","10.5","n/a","n/a"
"26 Sep 84","10.5","n/a","n/a"
"25 Sep 84","10.5","n/a","n/a"
"24 Sep 84","10.5","n/a","n/a"
"21 Sep 84","10.5","n/a","n/a"
"20 Sep 84","10.5","n/a","n/a"
"19 Sep 84","10.5","n/a","n/a"
"18 Sep 84","10.5","n/a","n/a"
"17 Sep 84","10.5","n/a","n/a"
"14 Sep 84","10.5","n/a","n/a"
"13 Sep 84","10.5","n/a","n/a"
"12 Sep 84","10.5","n/a","n/a"
"11 Sep 84","10.5","n/a","n/a"
"10 Sep 84","10.5","n/a","n/a"
"07 Sep 84","10.5","n/a","n/a"
"06 Sep 84","10.5","n/a","n/a"
"05 Sep 84","10.5","n/a","n/a"
"04 Sep 84","10.5","n/a","n/a"
"03 Sep 84","10.5","n/a","n/a"
"31 Aug 84","10.5","n/a","n/a"
"30 Aug 84","10.5","n/a","n/a"
"29 Aug 84","10.5","n/a","n/a"
"28 Aug 84","10.5","n/a","n/a"
"24 Aug 84","10.5","n/a","n/a"
"23 Aug 84","10.5","n/a","n/a"
"22 Aug 84","10.5","n/a","n/a"
"21 Aug 84","10.5","n/a","n/a"
"20 Aug 84","10.5","n/a","n/a"
"17 Aug 84","10.5","n/a","n/a"
"16 Aug 84","10.75","n/a","n/a"
"15 Aug 84","11","n/a","n/a"
"14 Aug 84","11","n/a","n/a"
"13 Aug 84","11","n/a","n/a"
"10 Aug 84","11","n/a","n/a"
"09 Aug 84","11","n/a","n/a"
"08 Aug 84","11.5","n/a","n/a"
"07 Aug 84","12","n/a","n/a"
"06 Aug 84","12","n/a","n/a"
"03 Aug 84","12","n/a","n/a"
"02 Aug 84","12","n/a","n/a"
"01 Aug 84","12","n/a","n/a"
"31 Jul 84","12","n/a","n/a"
"30 Jul 84","12","n/a","n/a"
"27 Jul 84","12","n/a","n/a"
"26 Jul 84","12","n/a","n/a"
"25 Jul 84","12","n/a","n/a"
"24 Jul 84","12","n/a","n/a"
"23 Jul 84","12","n/a","n/a"
"20 Jul 84","12","n/a","n/a"
"19 Jul 84","12","n/a","n/a"
"18 Jul 84","12","n/a","n/a"
"17 Jul 84","12","n/a","n/a"
"16 Jul 84","12","n/a","n/a"
"13 Jul 84","12","n/a","n/a"
"12 Jul 84","12","n/a","n/a"
"11 Jul 84","12","n/a","n/a"
"10 Jul 84","10","n/a","n/a"
"09 Jul 84","10","n/a","n/a"
"06 Jul 84","10","n/a","n/a"
"05 Jul 84","8.875","n/a","n/a"
"04 Jul 84","8.875","n/a","n/a"
"03 Jul 84","8.875","n/a","n/a"
"02 Jul 84","8.875","n/a","n/a"
"30 Jun 84","n/a","8.8545","8.875"
"29 Jun 84","8.875","n/a","n/a"
"28 Jun 84","9.0625","n/a","n/a"
"27 Jun 84","9.0625","n/a","n/a"
"26 Jun 84","9.0625","n/a","n/a"
"25 Jun 84","9.0625","n/a","n/a"
"22 Jun 84","9.0625","n/a","n/a"
"21 Jun 84","9.0625","n/a","n/a"
"20 Jun 84","9.0625","n/a","n/a"
"19 Jun 84","9.0625","n/a","n/a"
"18 Jun 84","9.0625","n/a","n/a"
"15 Jun 84","9.0625","n/a","n/a"
"14 Jun 84","9.0625","n/a","n/a"
"13 Jun 84","9.0625","n/a","n/a"
"12 Jun 84","9.0625","n/a","n/a"
"11 Jun 84","9.0625","n/a","n/a"
"08 Jun 84","9.0625","n/a","n/a"
"07 Jun 84","9.0625","n/a","n/a"
"06 Jun 84","9.0625","n/a","n/a"
"05 Jun 84","9.0625","n/a","n/a"
"04 Jun 84","9.0625","n/a","n/a"
"01 Jun 84","9.0625","n/a","n/a"
"31 May 84","9.0625","n/a","n/a"
"30 May 84","9.0625","n/a","n/a"
"29 May 84","9.0625","n/a","n/a"
"25 May 84","9.0625","n/a","n/a"
"24 May 84","9.0625","n/a","n/a"
"23 May 84","9.0625","n/a","n/a"
"22 May 84","9.0625","n/a","n/a"
"21 May 84","9.0625","n/a","n/a"
"18 May 84","9.0625","n/a","n/a"
"17 May 84","9.0625","n/a","n/a"
"16 May 84","9.0625","n/a","n/a"
"15 May 84","9.0625","n/a","n/a"
"14 May 84","9.0625","n/a","n/a"
"11 May 84","9.0625","n/a","n/a"
"10 May 84","9.0625","n/a","n/a"
"09 May 84","8.5625","n/a","n/a"
"08 May 84","8.5625","n/a","n/a"
"04 May 84","8.5625","n/a","n/a"
"03 May 84","8.5625","n/a","n/a"
"02 May 84","8.5625","n/a","n/a"
"01 May 84","8.5625","n/a","n/a"
"30 Apr 84","8.5625","n/a","n/a"
"27 Apr 84","8.5625","n/a","n/a"
"26 Apr 84","8.5625","n/a","n/a"
"25 Apr 84","8.5625","n/a","n/a"
"24 Apr 84","8.5625","n/a","n/a"
"19 Apr 84","8.5625","n/a","n/a"
"18 Apr 84","8.5625","n/a","n/a"
"17 Apr 84","8.5625","n/a","n/a"
"16 Apr 84","8.5625","n/a","n/a"
"13 Apr 84","8.5625","n/a","n/a"
"12 Apr 84","8.5625","n/a","n/a"
"11 Apr 84","8.5625","n/a","n/a"
"10 Apr 84","8.5625","n/a","n/a"
"09 Apr 84","8.5625","n/a","n/a"
"06 Apr 84","8.5625","n/a","n/a"
"05 Apr 84","8.5625","n/a","n/a"
"04 Apr 84","8.5625","n/a","n/a"
"03 Apr 84","8.5625","n/a","n/a"
"02 Apr 84","8.5625","n/a","n/a"
"31 Mar 84","n/a","8.9414","8.5625"
"30 Mar 84","8.5625","n/a","n/a"
"29 Mar 84","8.5625","n/a","n/a"
"28 Mar 84","8.5625","n/a","n/a"
"27 Mar 84","8.5625","n/a","n/a"
"26 Mar 84","8.5625","n/a","n/a"
"23 Mar 84","8.5625","n/a","n/a"
"22 Mar 84","8.5625","n/a","n/a"
"21 Mar 84","8.5625","n/a","n/a"
"20 Mar 84","8.5625","n/a","n/a"
"19 Mar 84","8.5625","n/a","n/a"
"16 Mar 84","8.5625","n/a","n/a"
"15 Mar 84","8.5625","n/a","n/a"
"14 Mar 84","8.5625","n/a","n/a"
"13 Mar 84","8.8125","n/a","n/a"
"12 Mar 84","8.8125","n/a","n/a"
"09 Mar 84","8.8125","n/a","n/a"
"08 Mar 84","8.8125","n/a","n/a"
"07 Mar 84","8.8125","n/a","n/a"
"06 Mar 84","9.0625","n/a","n/a"
"05 Mar 84","9.0625","n/a","n/a"
"02 Mar 84","9.0625","n/a","n/a"
"01 Mar 84","9.0625","n/a","n/a"
"29 Feb 84","9.0625","n/a","n/a"
"28 Feb 84","9.0625","n/a","n/a"
"27 Feb 84","9.0625","n/a","n/a"
"24 Feb 84","9.0625","n/a","n/a"
"23 Feb 84","9.0625","n/a","n/a"
"22 Feb 84","9.0625","n/a","n/a"
"21 Feb 84","9.0625","n/a","n/a"
"20 Feb 84","9.0625","n/a","n/a"
"17 Feb 84","9.0625","n/a","n/a"
"16 Feb 84","9.0625","n/a","n/a"
"15 Feb 84","9.0625","n/a","n/a"
"14 Feb 84","9.0625","n/a","n/a"
"13 Feb 84","9.0625","n/a","n/a"
"10 Feb 84","9.0625","n/a","n/a"
"09 Feb 84","9.0625","n/a","n/a"
"08 Feb 84","9.0625","n/a","n/a"
"07 Feb 84","9.0625","n/a","n/a"
"06 Feb 84","9.0625","n/a","n/a"
"03 Feb 84","9.0625","n/a","n/a"
"02 Feb 84","9.0625","n/a","n/a"
"01 Feb 84","9.0625","n/a","n/a"
"31 Jan 84","9.0625","n/a","n/a"
"30 Jan 84","9.0625","n/a","n/a"
"27 Jan 84","9.0625","n/a","n/a"
"26 Jan 84","9.0625","n/a","n/a"
"25 Jan 84","9.0625","n/a","n/a"
"24 Jan 84","9.0625","n/a","n/a"
"23 Jan 84","9.0625","n/a","n/a"
"20 Jan 84","9.0625","n/a","n/a"
"19 Jan 84","9.0625","n/a","n/a"
"18 Jan 84","9.0625","n/a","n/a"
"17 Jan 84","9.0625","n/a","n/a"
"16 Jan 84","9.0625","n/a","n/a"
"13 Jan 84","9.0625","n/a","n/a"
"12 Jan 84","9.0625","n/a","n/a"
"11 Jan 84","9.0625","n/a","n/a"
"10 Jan 84","9.0625","n/a","n/a"
"09 Jan 84","9.0625","n/a","n/a"
"06 Jan 84","9.0625","n/a","n/a"
"05 Jan 84","9.0625","n/a","n/a"
"04 Jan 84","9.0625","n/a","n/a"
"03 Jan 84","9.0625","n/a","n/a"
"31 Dec 83","n/a","9.0625","9.0625"
"30 Dec 83","9.0625","n/a","n/a"
"29 Dec 83","9.0625","n/a","n/a"
"28 Dec 83","9.0625","n/a","n/a"
"23 Dec 83","9.0625","n/a","n/a"
"22 Dec 83","9.0625","n/a","n/a"
"21 Dec 83","9.0625","n/a","n/a"
"20 Dec 83","9.0625","n/a","n/a"
"19 Dec 83","9.0625","n/a","n/a"
"16 Dec 83","9.0625","n/a","n/a"
"15 Dec 83","9.0625","n/a","n/a"
"14 Dec 83","9.0625","n/a","n/a"
"13 Dec 83","9.0625","n/a","n/a"
"12 Dec 83","9.0625","n/a","n/a"
"09 Dec 83","9.0625","n/a","n/a"
"08 Dec 83","9.0625","n/a","n/a"
"07 Dec 83","9.0625","n/a","n/a"
"06 Dec 83","9.0625","n/a","n/a"
"05 Dec 83","9.0625","n/a","n/a"
"02 Dec 83","9.0625","n/a","n/a"
"01 Dec 83","9.0625","n/a","n/a"
"30 Nov 83","9.0625","n/a","n/a"
"29 Nov 83","9.0625","n/a","n/a"
"28 Nov 83","9.0625","n/a","n/a"
"25 Nov 83","9.0625","n/a","n/a"
"24 Nov 83","9.0625","n/a","n/a"
"23 Nov 83","9.0625","n/a","n/a"
"22 Nov 83","9.0625","n/a","n/a"
"21 Nov 83","9.0625","n/a","n/a"
"18 Nov 83","9.0625","n/a","n/a"
"17 Nov 83","9.0625","n/a","n/a"
"16 Nov 83","9.0625","n/a","n/a"
"15 Nov 83","9.0625","n/a","n/a"
"14 Nov 83","9.0625","n/a","n/a"
"11 Nov 83","9.0625","n/a","n/a"
"10 Nov 83","9.0625","n/a","n/a"
"09 Nov 83","9.0625","n/a","n/a"
"08 Nov 83","9.0625","n/a","n/a"
"07 Nov 83","9.0625","n/a","n/a"
"04 Nov 83","9.0625","n/a","n/a"
"03 Nov 83","9.0625","n/a","n/a"
"02 Nov 83","9.0625","n/a","n/a"
"01 Nov 83","9.0625","n/a","n/a"
"31 Oct 83","9.0625","n/a","n/a"
"28 Oct 83","9.0625","n/a","n/a"
"27 Oct 83","9.0625","n/a","n/a"
"26 Oct 83","9.0625","n/a","n/a"
"25 Oct 83","9.0625","n/a","n/a"
"24 Oct 83","9.0625","n/a","n/a"
"21 Oct 83","9.0625","n/a","n/a"
"20 Oct 83","9.0625","n/a","n/a"
"19 Oct 83","9.0625","n/a","n/a"
"18 Oct 83","9.0625","n/a","n/a"
"17 Oct 83","9.0625","n/a","n/a"
"14 Oct 83","9.0625","n/a","n/a"
"13 Oct 83","9.0625","n/a","n/a"
"12 Oct 83","9.0625","n/a","n/a"
"11 Oct 83","9.0625","n/a","n/a"
"10 Oct 83","9.0625","n/a","n/a"
"07 Oct 83","9.0625","n/a","n/a"
"06 Oct 83","9.0625","n/a","n/a"
"05 Oct 83","9.0625","n/a","n/a"
"04 Oct 83","9.0625","n/a","n/a"
"03 Oct 83","9.0625","n/a","n/a"
"30 Sep 83","9.5625","9.5606","9.5625"
"29 Sep 83","9.5625","n/a","n/a"
"28 Sep 83","9.5625","n/a","n/a"
"27 Sep 83","9.5625","n/a","n/a"
"26 Sep 83","9.5625","n/a","n/a"
"23 Sep 83","9.5625","n/a","n/a"
"22 Sep 83","9.5625","n/a","n/a"
"21 Sep 83","9.5625","n/a","n/a"
"20 Sep 83","9.5625","n/a","n/a"
"19 Sep 83","9.5625","n/a","n/a"
"16 Sep 83","9.5625","n/a","n/a"
"15 Sep 83","9.5625","n/a","n/a"
"14 Sep 83","9.5625","n/a","n/a"
"13 Sep 83","9.5625","n/a","n/a"
"12 Sep 83","9.5625","n/a","n/a"
"09 Sep 83","9.5625","n/a","n/a"
"08 Sep 83","9.5625","n/a","n/a"
"07 Sep 83","9.5625","n/a","n/a"
"06 Sep 83","9.5625","n/a","n/a"
"05 Sep 83","9.5625","n/a","n/a"
"02 Sep 83","9.5625","n/a","n/a"
"01 Sep 83","9.5625","n/a","n/a"
"31 Aug 83","9.5625","n/a","n/a"
"30 Aug 83","9.5625","n/a","n/a"
"26 Aug 83","9.5625","n/a","n/a"
"25 Aug 83","9.5625","n/a","n/a"
"24 Aug 83","9.5625","n/a","n/a"
"23 Aug 83","9.5625","n/a","n/a"
"22 Aug 83","9.5625","n/a","n/a"
"19 Aug 83","9.5625","n/a","n/a"
"18 Aug 83","9.5625","n/a","n/a"
"17 Aug 83","9.5625","n/a","n/a"
"16 Aug 83","9.5625","n/a","n/a"
"15 Aug 83","9.5625","n/a","n/a"
"12 Aug 83","9.5625","n/a","n/a"
"11 Aug 83","9.5625","n/a","n/a"
"10 Aug 83","9.5625","n/a","n/a"
"09 Aug 83","9.4375","n/a","n/a"
"08 Aug 83","9.5625","n/a","n/a"
"05 Aug 83","9.5625","n/a","n/a"
"04 Aug 83","9.5625","n/a","n/a"
"03 Aug 83","9.5625","n/a","n/a"
"02 Aug 83","9.5625","n/a","n/a"
"01 Aug 83","9.5625","n/a","n/a"
"29 Jul 83","9.5625","n/a","n/a"
"28 Jul 83","9.5625","n/a","n/a"
"27 Jul 83","9.5625","n/a","n/a"
"26 Jul 83","9.5625","n/a","n/a"
"25 Jul 83","9.5625","n/a","n/a"
"22 Jul 83","9.5625","n/a","n/a"
"21 Jul 83","9.5625","n/a","n/a"
"20 Jul 83","9.5625","n/a","n/a"
"19 Jul 83","9.5625","n/a","n/a"
"18 Jul 83","9.5625","n/a","n/a"
"15 Jul 83","9.5625","n/a","n/a"
"14 Jul 83","9.5625","n/a","n/a"
"13 Jul 83","9.5625","n/a","n/a"
"12 Jul 83","9.5625","n/a","n/a"
"11 Jul 83","9.5625","n/a","n/a"
"08 Jul 83","9.5625","n/a","n/a"
"07 Jul 83","9.5625","n/a","n/a"
"06 Jul 83","9.5625","n/a","n/a"
"05 Jul 83","9.5625","n/a","n/a"
"04 Jul 83","9.5625","n/a","n/a"
"01 Jul 83","9.5625","n/a","n/a"
"30 Jun 83","9.5625","10.0051","9.5625"
"29 Jun 83","9.5625","n/a","n/a"
"28 Jun 83","9.5625","n/a","n/a"
"27 Jun 83","9.5625","n/a","n/a"
"24 Jun 83","9.5625","n/a","n/a"
"23 Jun 83","9.5625","n/a","n/a"
"22 Jun 83","9.5625","n/a","n/a"
"21 Jun 83","9.5625","n/a","n/a"
"20 Jun 83","9.5625","n/a","n/a"
"17 Jun 83","9.5625","n/a","n/a"
"16 Jun 83","9.5625","n/a","n/a"
"15 Jun 83","9.5625","n/a","n/a"
"14 Jun 83","9.5625","n/a","n/a"
"13 Jun 83","9.8125","n/a","n/a"
"10 Jun 83","10.0625","n/a","n/a"
"09 Jun 83","10.0625","n/a","n/a"
"08 Jun 83","10.0625","n/a","n/a"
"07 Jun 83","10.0625","n/a","n/a"
"06 Jun 83","10.0625","n/a","n/a"
"03 Jun 83","10.0625","n/a","n/a"
"02 Jun 83","10.0625","n/a","n/a"
"01 Jun 83","10.0625","n/a","n/a"
"31 May 83","10.0625","n/a","n/a"
"27 May 83","10.0625","n/a","n/a"
"26 May 83","10.0625","n/a","n/a"
"25 May 83","10.0625","n/a","n/a"
"24 May 83","10.0625","n/a","n/a"
"23 May 83","10.0625","n/a","n/a"
"20 May 83","10.0625","n/a","n/a"
"19 May 83","10.0625","n/a","n/a"
"18 May 83","10.0625","n/a","n/a"
"17 May 83","10.0625","n/a","n/a"
"16 May 83","10.0625","n/a","n/a"
"13 May 83","10.0625","n/a","n/a"
"12 May 83","10.0625","n/a","n/a"
"11 May 83","10.0625","n/a","n/a"
"10 May 83","10.0625","n/a","n/a"
"09 May 83","10.0625","n/a","n/a"
"06 May 83","10.0625","n/a","n/a"
"05 May 83","10.0625","n/a","n/a"
"04 May 83","10.0625","n/a","n/a"
"03 May 83","10.0625","n/a","n/a"
"29 Apr 83","10.0625","n/a","n/a"
"28 Apr 83","10.0625","n/a","n/a"
"27 Apr 83","10.0625","n/a","n/a"
"26 Apr 83","10.0625","n/a","n/a"
"25 Apr 83","10.0625","n/a","n/a"
"22 Apr 83","10.0625","n/a","n/a"
"21 Apr 83","10.0625","n/a","n/a"
"20 Apr 83","10.0625","n/a","n/a"
"19 Apr 83","10.0625","n/a","n/a"
"18 Apr 83","10.0625","n/a","n/a"
"15 Apr 83","10.0625","n/a","n/a"
"14 Apr 83","10.0625","n/a","n/a"
"13 Apr 83","10.3125","n/a","n/a"
"12 Apr 83","10.5625","n/a","n/a"
"11 Apr 83","10.5625","n/a","n/a"
"08 Apr 83","10.5625","n/a","n/a"
"07 Apr 83","10.5625","n/a","n/a"
"06 Apr 83","10.5625","n/a","n/a"
"05 Apr 83","10.5625","n/a","n/a"
"31 Mar 83","10.5625","10.8145","10.5625"
"30 Mar 83","10.5625","n/a","n/a"
"29 Mar 83","10.5625","n/a","n/a"
"28 Mar 83","10.5625","n/a","n/a"
"25 Mar 83","10.5625","n/a","n/a"
"24 Mar 83","10.5625","n/a","n/a"
"23 Mar 83","10.5625","n/a","n/a"
"22 Mar 83","10.5625","n/a","n/a"
"21 Mar 83","10.5625","n/a","n/a"
"18 Mar 83","10.5625","n/a","n/a"
"17 Mar 83","10.5625","n/a","n/a"
"16 Mar 83","10.5625","n/a","n/a"
"15 Mar 83","10.5625","n/a","n/a"
"14 Mar 83","11","n/a","n/a"
"11 Mar 83","11","n/a","n/a"
"10 Mar 83","11","n/a","n/a"
"09 Mar 83","11","n/a","n/a"
"08 Mar 83","11","n/a","n/a"
"07 Mar 83","11","n/a","n/a"
"04 Mar 83","11","n/a","n/a"
"03 Mar 83","11","n/a","n/a"
"02 Mar 83","11","n/a","n/a"
"01 Mar 83","11","n/a","n/a"
"28 Feb 83","11","n/a","n/a"
"25 Feb 83","11","n/a","n/a"
"24 Feb 83","11","n/a","n/a"
"23 Feb 83","11","n/a","n/a"
"22 Feb 83","11","n/a","n/a"
"21 Feb 83","11","n/a","n/a"
"18 Feb 83","11","n/a","n/a"
"17 Feb 83","11","n/a","n/a"
"16 Feb 83","11","n/a","n/a"
"15 Feb 83","11","n/a","n/a"
"14 Feb 83","11","n/a","n/a"
"11 Feb 83","11","n/a","n/a"
"10 Feb 83","11","n/a","n/a"
"09 Feb 83","11","n/a","n/a"
"08 Feb 83","11","n/a","n/a"
"07 Feb 83","11","n/a","n/a"
"04 Feb 83","11","n/a","n/a"
"03 Feb 83","11","n/a","n/a"
"02 Feb 83","11","n/a","n/a"
"01 Feb 83","11","n/a","n/a"
"31 Jan 83","11","n/a","n/a"
"28 Jan 83","11","n/a","n/a"
"27 Jan 83","11","n/a","n/a"
"26 Jan 83","11","n/a","n/a"
"25 Jan 83","11","n/a","n/a"
"24 Jan 83","11","n/a","n/a"
"21 Jan 83","11","n/a","n/a"
"20 Jan 83","11","n/a","n/a"
"19 Jan 83","11","n/a","n/a"
"18 Jan 83","11","n/a","n/a"
"17 Jan 83","11","n/a","n/a"
"14 Jan 83","11","n/a","n/a"
"13 Jan 83","11","n/a","n/a"
"12 Jan 83","11","n/a","n/a"
"11 Jan 83","10","n/a","n/a"
"10 Jan 83","10","n/a","n/a"
"07 Jan 83","10","n/a","n/a"
"06 Jan 83","10","n/a","n/a"
"05 Jan 83","10","n/a","n/a"
"04 Jan 83","10","n/a","n/a"
"31 Dec 82","10","9.6758","10"
"30 Dec 82","10","n/a","n/a"
"29 Dec 82","10","n/a","n/a"
"24 Dec 82","10","n/a","n/a"
"23 Dec 82","10","n/a","n/a"
"22 Dec 82","10","n/a","n/a"
"21 Dec 82","10","n/a","n/a"
"20 Dec 82","10","n/a","n/a"
"17 Dec 82","10","n/a","n/a"
"16 Dec 82","10","n/a","n/a"
"15 Dec 82","10","n/a","n/a"
"14 Dec 82","10","n/a","n/a"
"13 Dec 82","10","n/a","n/a"
"10 Dec 82","10","n/a","n/a"
"09 Dec 82","10","n/a","n/a"
"08 Dec 82","10","n/a","n/a"
"07 Dec 82","10","n/a","n/a"
"06 Dec 82","10","n/a","n/a"
"03 Dec 82","10","n/a","n/a"
"02 Dec 82","10","n/a","n/a"
"01 Dec 82","10","n/a","n/a"
"30 Nov 82","10","n/a","n/a"
"29 Nov 82","10","n/a","n/a"
"26 Nov 82","10","n/a","n/a"
"25 Nov 82","9.125","n/a","n/a"
"24 Nov 82","9.125","n/a","n/a"
"23 Nov 82","9.125","n/a","n/a"
"22 Nov 82","9.125","n/a","n/a"
"19 Nov 82","9.125","n/a","n/a"
"18 Nov 82","9.125","n/a","n/a"
"17 Nov 82","9.125","n/a","n/a"
"16 Nov 82","9.125","n/a","n/a"
"15 Nov 82","9.125","n/a","n/a"
"12 Nov 82","9.125","n/a","n/a"
"11 Nov 82","9.125","n/a","n/a"
"10 Nov 82","9.125","n/a","n/a"
"09 Nov 82","9.125","n/a","n/a"
"08 Nov 82","9.125","n/a","n/a"
"05 Nov 82","9.125","n/a","n/a"
"04 Nov 82","9.125","n/a","n/a"
"03 Nov 82","9.125","n/a","n/a"
"02 Nov 82","9.125","n/a","n/a"
"01 Nov 82","9.375","n/a","n/a"
"29 Oct 82","9.625","n/a","n/a"
"28 Oct 82","9.625","n/a","n/a"
"27 Oct 82","9.625","n/a","n/a"
"26 Oct 82","9.625","n/a","n/a"
"25 Oct 82","9.625","n/a","n/a"
"22 Oct 82","9.625","n/a","n/a"
"21 Oct 82","9.625","n/a","n/a"
"20 Oct 82","9.625","n/a","n/a"
"19 Oct 82","9.625","n/a","n/a"
"18 Oct 82","9.625","n/a","n/a"
"15 Oct 82","9.625","n/a","n/a"
"14 Oct 82","9.625","n/a","n/a"
"13 Oct 82","9.625","n/a","n/a"
"12 Oct 82","9.625","n/a","n/a"
"11 Oct 82","10.125","n/a","n/a"
"08 Oct 82","10.125","n/a","n/a"
"07 Oct 82","10.125","n/a","n/a"
"06 Oct 82","10.125","n/a","n/a"
"05 Oct 82","10.125","n/a","n/a"
"04 Oct 82","10.125","n/a","n/a"
"01 Oct 82","10.125","n/a","n/a"
"30 Sep 82","10.125","11.3538","10.125"
"29 Sep 82","10.25","n/a","n/a"
"28 Sep 82","10.375","n/a","n/a"
"27 Sep 82","10.5","n/a","n/a"
"24 Sep 82","10.625","n/a","n/a"
"23 Sep 82","10.625","n/a","n/a"
"22 Sep 82","10.625","n/a","n/a"
"21 Sep 82","10.625","n/a","n/a"
"20 Sep 82","10.625","n/a","n/a"
"17 Sep 82","10.625","n/a","n/a"
"16 Sep 82","10.625","n/a","n/a"
"15 Sep 82","10.625","n/a","n/a"
"14 Sep 82","10.625","n/a","n/a"
"13 Sep 82","10.625","n/a","n/a"
"10 Sep 82","10.625","n/a","n/a"
"09 Sep 82","10.625","n/a","n/a"
"08 Sep 82","10.625","n/a","n/a"
"07 Sep 82","10.625","n/a","n/a"
"06 Sep 82","10.625","n/a","n/a"
"03 Sep 82","10.625","n/a","n/a"
"02 Sep 82","10.625","n/a","n/a"
"01 Sep 82","10.625","n/a","n/a"
"31 Aug 82","10.625","n/a","n/a"
"27 Aug 82","10.625","n/a","n/a"
"26 Aug 82","10.875","n/a","n/a"
"25 Aug 82","11","n/a","n/a"
"24 Aug 82","11.125","n/a","n/a"
"23 Aug 82","11.25","n/a","n/a"
"20 Aug 82","11.25","n/a","n/a"
"19 Aug 82","11.25","n/a","n/a"
"18 Aug 82","11.25","n/a","n/a"
"17 Aug 82","11.25","n/a","n/a"
"16 Aug 82","11.375","n/a","n/a"
"13 Aug 82","11.5","n/a","n/a"
"12 Aug 82","11.5","n/a","n/a"
"11 Aug 82","11.5","n/a","n/a"
"10 Aug 82","11.5","n/a","n/a"
"09 Aug 82","11.5","n/a","n/a"
"06 Aug 82","11.5","n/a","n/a"
"05 Aug 82","11.5","n/a","n/a"
"04 Aug 82","11.5","n/a","n/a"
"03 Aug 82","11.5625","n/a","n/a"
"02 Aug 82","11.5625","n/a","n/a"
"30 Jul 82","11.625","n/a","n/a"
"29 Jul 82","11.75","n/a","n/a"
"28 Jul 82","11.8125","n/a","n/a"
"27 Jul 82","11.9375","n/a","n/a"
"26 Jul 82","11.9375","n/a","n/a"
"23 Jul 82","12.0625","n/a","n/a"
"22 Jul 82","12.0625","n/a","n/a"
"21 Jul 82","12.0625","n/a","n/a"
"20 Jul 82","12.125","n/a","n/a"
"19 Jul 82","12.125","n/a","n/a"
"16 Jul 82","12.125","n/a","n/a"
"15 Jul 82","12.125","n/a","n/a"
"14 Jul 82","12.125","n/a","n/a"
"13 Jul 82","12.125","n/a","n/a"
"12 Jul 82","12.25","n/a","n/a"
"09 Jul 82","12.5","n/a","n/a"
"08 Jul 82","12.625","n/a","n/a"
"07 Jul 82","12.625","n/a","n/a"
"06 Jul 82","12.625","n/a","n/a"
"05 Jul 82","12.625","n/a","n/a"
"02 Jul 82","12.625","n/a","n/a"
"01 Jul 82","12.625","n/a","n/a"
"30 Jun 82","12.625","13.002","12.625"
"29 Jun 82","12.625","n/a","n/a"
"28 Jun 82","12.625","n/a","n/a"
"25 Jun 82","12.625","n/a","n/a"
"24 Jun 82","12.625","n/a","n/a"
"23 Jun 82","12.625","n/a","n/a"
"22 Jun 82","12.625","n/a","n/a"
"21 Jun 82","12.625","n/a","n/a"
"18 Jun 82","12.625","n/a","n/a"
"17 Jun 82","12.625","n/a","n/a"
"16 Jun 82","12.625","n/a","n/a"
"15 Jun 82","12.625","n/a","n/a"
"14 Jun 82","12.625","n/a","n/a"
"11 Jun 82","12.625","n/a","n/a"
"10 Jun 82","12.625","n/a","n/a"
"09 Jun 82","12.625","n/a","n/a"
"08 Jun 82","12.625","n/a","n/a"
"07 Jun 82","13.125","n/a","n/a"
"04 Jun 82","13.125","n/a","n/a"
"03 Jun 82","13.125","n/a","n/a"
"02 Jun 82","13.125","n/a","n/a"
"01 Jun 82","13.125","n/a","n/a"
"28 May 82","13.125","n/a","n/a"
"27 May 82","13.125","n/a","n/a"
"26 May 82","13.125","n/a","n/a"
"25 May 82","13.125","n/a","n/a"
"24 May 82","13.125","n/a","n/a"
"21 May 82","13.125","n/a","n/a"
"20 May 82","13.125","n/a","n/a"
"19 May 82","13.125","n/a","n/a"
"18 May 82","13.125","n/a","n/a"
"17 May 82","13.125","n/a","n/a"
"14 May 82","13.125","n/a","n/a"
"13 May 82","13.125","n/a","n/a"
"12 May 82","13.125","n/a","n/a"
"11 May 82","13.125","n/a","n/a"
"10 May 82","13.125","n/a","n/a"
"07 May 82","13.125","n/a","n/a"
"06 May 82","13.125","n/a","n/a"
"05 May 82","13.125","n/a","n/a"
"04 May 82","13.125","n/a","n/a"
"30 Apr 82","13.125","n/a","n/a"
"29 Apr 82","13.125","n/a","n/a"
"28 Apr 82","13.125","n/a","n/a"
"27 Apr 82","13.125","n/a","n/a"
"26 Apr 82","13.125","n/a","n/a"
"23 Apr 82","13.125","n/a","n/a"
"22 Apr 82","13.125","n/a","n/a"
"21 Apr 82","13.125","n/a","n/a"
"20 Apr 82","13.125","n/a","n/a"
"19 Apr 82","13","n/a","n/a"
"16 Apr 82","13.125","n/a","n/a"
"15 Apr 82","13.25","n/a","n/a"
"14 Apr 82","13.25","n/a","n/a"
"13 Apr 82","13.25","n/a","n/a"
"08 Apr 82","13.25","n/a","n/a"
"07 Apr 82","13.25","n/a","n/a"
"06 Apr 82","13.25","n/a","n/a"
"05 Apr 82","13.25","n/a","n/a"
"02 Apr 82","13.25","n/a","n/a"
"01 Apr 82","13.25","n/a","n/a"
"31 Mar 82","13.25","13.7758","13.25"
"30 Mar 82","13.25","n/a","n/a"
"29 Mar 82","13.25","n/a","n/a"
"26 Mar 82","13.25","n/a","n/a"
"25 Mar 82","13.25","n/a","n/a"
"24 Mar 82","13.25","n/a","n/a"
"23 Mar 82","13.25","n/a","n/a"
"22 Mar 82","13.25","n/a","n/a"
"19 Mar 82","13.25","n/a","n/a"
"18 Mar 82","13.25","n/a","n/a"
"17 Mar 82","13.25","n/a","n/a"
"16 Mar 82","13.25","n/a","n/a"
"15 Mar 82","13.25","n/a","n/a"
"12 Mar 82","13.25","n/a","n/a"
"11 Mar 82","13.25","n/a","n/a"
"10 Mar 82","13.25","n/a","n/a"
"09 Mar 82","13.625","n/a","n/a"
"08 Mar 82","13.625","n/a","n/a"
"05 Mar 82","13.625","n/a","n/a"
"04 Mar 82","13.625","n/a","n/a"
"03 Mar 82","13.625","n/a","n/a"
"02 Mar 82","13.625","n/a","n/a"
"01 Mar 82","13.625","n/a","n/a"
"26 Feb 82","13.625","n/a","n/a"
"25 Feb 82","13.625","n/a","n/a"
"24 Feb 82","13.8125","n/a","n/a"
"23 Feb 82","13.8125","n/a","n/a"
"22 Feb 82","13.8125","n/a","n/a"
"19 Feb 82","13.875","n/a","n/a"
"18 Feb 82","13.875","n/a","n/a"
"17 Feb 82","13.875","n/a","n/a"
"16 Feb 82","13.875","n/a","n/a"
"15 Feb 82","13.875","n/a","n/a"
"12 Feb 82","13.875","n/a","n/a"
"11 Feb 82","13.875","n/a","n/a"
"10 Feb 82","13.875","n/a","n/a"
"09 Feb 82","13.875","n/a","n/a"
"08 Feb 82","13.875","n/a","n/a"
"05 Feb 82","13.875","n/a","n/a"
"04 Feb 82","13.875","n/a","n/a"
"03 Feb 82","13.875","n/a","n/a"
"02 Feb 82","13.875","n/a","n/a"
"01 Feb 82","13.875","n/a","n/a"
"29 Jan 82","13.875","n/a","n/a"
"28 Jan 82","13.875","n/a","n/a"
"27 Jan 82","13.875","n/a","n/a"
"26 Jan 82","13.875","n/a","n/a"
"25 Jan 82","13.875","n/a","n/a"
"22 Jan 82","13.875","n/a","n/a"
"21 Jan 82","14","n/a","n/a"
"20 Jan 82","14.125","n/a","n/a"
"19 Jan 82","14.25","n/a","n/a"
"18 Jan 82","14.3125","n/a","n/a"
"15 Jan 82","14.375","n/a","n/a"
"14 Jan 82","14.375","n/a","n/a"
"13 Jan 82","14.375","n/a","n/a"
"12 Jan 82","14.375","n/a","n/a"
"11 Jan 82","14.375","n/a","n/a"
"08 Jan 82","14.375","n/a","n/a"
"07 Jan 82","14.375","n/a","n/a"
"06 Jan 82","14.375","n/a","n/a"
"05 Jan 82","14.375","n/a","n/a"
"04 Jan 82","14.375","n/a","n/a"
"31 Dec 81","14.375","14.6113","14.375"
"30 Dec 81","14.375","n/a","n/a"
"29 Dec 81","14.375","n/a","n/a"
"24 Dec 81","14.375","n/a","n/a"
"23 Dec 81","14.375","n/a","n/a"
"22 Dec 81","14.375","n/a","n/a"
"21 Dec 81","14.375","n/a","n/a"
"18 Dec 81","14.375","n/a","n/a"
"17 Dec 81","14.375","n/a","n/a"
"16 Dec 81","14.375","n/a","n/a"
"15 Dec 81","14.375","n/a","n/a"
"14 Dec 81","14.375","n/a","n/a"
"11 Dec 81","14.375","n/a","n/a"
"10 Dec 81","14.375","n/a","n/a"
"09 Dec 81","14.375","n/a","n/a"
"08 Dec 81","14.375","n/a","n/a"
"07 Dec 81","14.375","n/a","n/a"
"04 Dec 81","14.375","n/a","n/a"
"03 Dec 81","14.5625","n/a","n/a"
"02 Dec 81","14.5625","n/a","n/a"
"01 Dec 81","14.5625","n/a","n/a"
"30 Nov 81","14.5625","n/a","n/a"
"27 Nov 81","14.5625","n/a","n/a"
"26 Nov 81","14.5625","n/a","n/a"
"25 Nov 81","14.5625","n/a","n/a"
"24 Nov 81","14.625","n/a","n/a"
"23 Nov 81","14.625","n/a","n/a"
"20 Nov 81","14.625","n/a","n/a"
"19 Nov 81","14.625","n/a","n/a"
"18 Nov 81","14.625","n/a","n/a"
"17 Nov 81","14.625","n/a","n/a"
"16 Nov 81","14.625","n/a","n/a"
"13 Nov 81","14.625","n/a","n/a"
"12 Nov 81","14.625","n/a","n/a"
"11 Nov 81","14.625","n/a","n/a"
"10 Nov 81","14.625","n/a","n/a"
"09 Nov 81","14.625","n/a","n/a"
"06 Nov 81","15.0625","n/a","n/a"
"05 Nov 81","15.125","n/a","n/a"
"04 Nov 81","15.125","n/a","n/a"
"03 Nov 81","15.125","n/a","n/a"
"02 Nov 81","15.125","n/a","n/a"
"30 Oct 81","15.125","n/a","n/a"
"29 Oct 81","15.125","n/a","n/a"
"28 Oct 81","15.125","n/a","n/a"
"27 Oct 81","15","n/a","n/a"
"26 Oct 81","15","n/a","n/a"
"23 Oct 81","15","n/a","n/a"
"22 Oct 81","15","n/a","n/a"
"21 Oct 81","15","n/a","n/a"
"20 Oct 81","15","n/a","n/a"
"19 Oct 81","15","n/a","n/a"
"16 Oct 81","15","n/a","n/a"
"15 Oct 81","15","n/a","n/a"
"14 Oct 81","15","n/a","n/a"
"13 Oct 81","15","n/a","n/a"
"12 Oct 81","15","n/a","n/a"
"09 Oct 81","14","n/a","n/a"
"08 Oct 81","14","n/a","n/a"
"07 Oct 81","14","n/a","n/a"
"06 Oct 81","14","n/a","n/a"
"05 Oct 81","14","n/a","n/a"
"02 Oct 81","14","n/a","n/a"
"01 Oct 81","14","n/a","n/a"
"30 Sep 81","14","12.5254","14"
"29 Sep 81","14","n/a","n/a"
"28 Sep 81","14","n/a","n/a"
"25 Sep 81","14","n/a","n/a"
"24 Sep 81","14","n/a","n/a"
"23 Sep 81","14","n/a","n/a"
"22 Sep 81","14","n/a","n/a"
"21 Sep 81","14","n/a","n/a"
"18 Sep 81","14","n/a","n/a"
"17 Sep 81","14","n/a","n/a"
"16 Sep 81","14","n/a","n/a"
"15 Sep 81","14","n/a","n/a"
"14 Sep 81","12.6875","n/a","n/a"
"11 Sep 81","12.6875","n/a","n/a"
"10 Sep 81","12.6875","n/a","n/a"
"09 Sep 81","12.6875","n/a","n/a"
"08 Sep 81","12.6875","n/a","n/a"
"07 Sep 81","12.6875","n/a","n/a"
"04 Sep 81","12.6875","n/a","n/a"
"03 Sep 81","12.6875","n/a","n/a"
"02 Sep 81","12.6875","n/a","n/a"
"01 Sep 81","12.6875","n/a","n/a"
"28 Aug 81","12.6875","n/a","n/a"
"27 Aug 81","12.6875","n/a","n/a"
"26 Aug 81","12.6875","n/a","n/a"
"25 Aug 81","12.6875","n/a","n/a"
"24 Aug 81","12","n/a","n/a"
"21 Aug 81","12","n/a","n/a"
"20 Aug 81","12","n/a","n/a"
"19 Aug 81","12","n/a","n/a"
"18 Aug 81","12","n/a","n/a"
"17 Aug 81","12","n/a","n/a"
"14 Aug 81","12","n/a","n/a"
"13 Aug 81","12","n/a","n/a"
"12 Aug 81","12","n/a","n/a"
"11 Aug 81","12","n/a","n/a"
"10 Aug 81","12","n/a","n/a"
"07 Aug 81","12","n/a","n/a"
"06 Aug 81","12","n/a","n/a"
"05 Aug 81","12","n/a","n/a"
"04 Aug 81","12","n/a","n/a"
"03 Aug 81","12","n/a","n/a"
"31 Jul 81","12","n/a","n/a"
"30 Jul 81","12","n/a","n/a"
"28 Jul 81","12","n/a","n/a"
"27 Jul 81","12","n/a","n/a"
"24 Jul 81","12","n/a","n/a"
"23 Jul 81","12","n/a","n/a"
"22 Jul 81","12","n/a","n/a"
"21 Jul 81","12","n/a","n/a"
"20 Jul 81","12","n/a","n/a"
"17 Jul 81","12","n/a","n/a"
"16 Jul 81","12","n/a","n/a"
"15 Jul 81","12","n/a","n/a"
"14 Jul 81","12","n/a","n/a"
"13 Jul 81","12","n/a","n/a"
"10 Jul 81","12","n/a","n/a"
"09 Jul 81","12","n/a","n/a"
"08 Jul 81","12","n/a","n/a"
"07 Jul 81","12","n/a","n/a"
"06 Jul 81","12","n/a","n/a"
"03 Jul 81","12","n/a","n/a"
"02 Jul 81","12","n/a","n/a"
"01 Jul 81","12","n/a","n/a"
"30 Jun 81","12","12","12"
"29 Jun 81","12","n/a","n/a"
"26 Jun 81","12","n/a","n/a"
"25 Jun 81","12","n/a","n/a"
"24 Jun 81","12","n/a","n/a"
"23 Jun 81","12","n/a","n/a"
"22 Jun 81","12","n/a","n/a"
"19 Jun 81","12","n/a","n/a"
"18 Jun 81","12","n/a","n/a"
"17 Jun 81","12","n/a","n/a"
"16 Jun 81","12","n/a","n/a"
"15 Jun 81","12","n/a","n/a"
"12 Jun 81","12","n/a","n/a"
"11 Jun 81","12","n/a","n/a"
"10 Jun 81","12","n/a","n/a"
"09 Jun 81","12","n/a","n/a"
"08 Jun 81","12","n/a","n/a"
"05 Jun 81","12","n/a","n/a"
"04 Jun 81","12","n/a","n/a"
"03 Jun 81","12","n/a","n/a"
"02 Jun 81","12","n/a","n/a"
"01 Jun 81","12","n/a","n/a"
"29 May 81","12","n/a","n/a"
"28 May 81","12","n/a","n/a"
"27 May 81","12","n/a","n/a"
"26 May 81","12","n/a","n/a"
"22 May 81","12","n/a","n/a"
"21 May 81","12","n/a","n/a"
"20 May 81","12","n/a","n/a"
"19 May 81","12","n/a","n/a"
"18 May 81","12","n/a","n/a"
"15 May 81","12","n/a","n/a"
"14 May 81","12","n/a","n/a"
"13 May 81","12","n/a","n/a"
"12 May 81","12","n/a","n/a"
"11 May 81","12","n/a","n/a"
"08 May 81","12","n/a","n/a"
"07 May 81","12","n/a","n/a"
"06 May 81","12","n/a","n/a"
"05 May 81","12","n/a","n/a"
"01 May 81","12","n/a","n/a"
"30 Apr 81","12","n/a","n/a"
"29 Apr 81","12","n/a","n/a"
"28 Apr 81","12","n/a","n/a"
"27 Apr 81","12","n/a","n/a"
"24 Apr 81","12","n/a","n/a"
"23 Apr 81","12","n/a","n/a"
"22 Apr 81","12","n/a","n/a"
"21 Apr 81","12","n/a","n/a"
"16 Apr 81","12","n/a","n/a"
"15 Apr 81","12","n/a","n/a"
"14 Apr 81","12","n/a","n/a"
"13 Apr 81","12","n/a","n/a"
"10 Apr 81","12","n/a","n/a"
"09 Apr 81","12","n/a","n/a"
"08 Apr 81","12","n/a","n/a"
"07 Apr 81","12","n/a","n/a"
"06 Apr 81","12","n/a","n/a"
"03 Apr 81","12","n/a","n/a"
"02 Apr 81","12","n/a","n/a"
"01 Apr 81","12","n/a","n/a"
"31 Mar 81","12","13.5238","12"
"30 Mar 81","12","n/a","n/a"
"27 Mar 81","12","n/a","n/a"
"26 Mar 81","12","n/a","n/a"
"25 Mar 81","12","n/a","n/a"
"24 Mar 81","12","n/a","n/a"
"23 Mar 81","12","n/a","n/a"
"20 Mar 81","12","n/a","n/a"
"19 Mar 81","12","n/a","n/a"
"18 Mar 81","12","n/a","n/a"
"17 Mar 81","12","n/a","n/a"
"16 Mar 81","12","n/a","n/a"
"13 Mar 81","12","n/a","n/a"
"12 Mar 81","12","n/a","n/a"
"11 Mar 81","12","n/a","n/a"
"10 Mar 81","14","n/a","n/a"
"09 Mar 81","14","n/a","n/a"
"06 Mar 81","14","n/a","n/a"
"05 Mar 81","14","n/a","n/a"
"04 Mar 81","14","n/a","n/a"
"03 Mar 81","14","n/a","n/a"
"02 Mar 81","14","n/a","n/a"
"27 Feb 81","14","n/a","n/a"
"26 Feb 81","14","n/a","n/a"
"25 Feb 81","14","n/a","n/a"
"24 Feb 81","14","n/a","n/a"
"23 Feb 81","14","n/a","n/a"
"20 Feb 81","14","n/a","n/a"
"19 Feb 81","14","n/a","n/a"
"18 Feb 81","14","n/a","n/a"
"17 Feb 81","14","n/a","n/a"
"16 Feb 81","14","n/a","n/a"
"13 Feb 81","14","n/a","n/a"
"12 Feb 81","14","n/a","n/a"
"11 Feb 81","14","n/a","n/a"
"10 Feb 81","14","n/a","n/a"
"09 Feb 81","14","n/a","n/a"
"06 Feb 81","14","n/a","n/a"
"05 Feb 81","14","n/a","n/a"
"04 Feb 81","14","n/a","n/a"
"03 Feb 81","14","n/a","n/a"
"02 Feb 81","14","n/a","n/a"
"30 Jan 81","14","n/a","n/a"
"29 Jan 81","14","n/a","n/a"
"28 Jan 81","14","n/a","n/a"
"27 Jan 81","14","n/a","n/a"
"26 Jan 81","14","n/a","n/a"
"23 Jan 81","14","n/a","n/a"
"22 Jan 81","14","n/a","n/a"
"21 Jan 81","14","n/a","n/a"
"20 Jan 81","14","n/a","n/a"
"19 Jan 81","14","n/a","n/a"
"16 Jan 81","14","n/a","n/a"
"15 Jan 81","14","n/a","n/a"
"14 Jan 81","14","n/a","n/a"
"13 Jan 81","14","n/a","n/a"
"12 Jan 81","14","n/a","n/a"
"09 Jan 81","14","n/a","n/a"
"08 Jan 81","14","n/a","n/a"
"07 Jan 81","14","n/a","n/a"
"06 Jan 81","14","n/a","n/a"
"05 Jan 81","14","n/a","n/a"
"02 Jan 81","14","n/a","n/a"
"31 Dec 80","14","15.2188","14"
"30 Dec 80","14","n/a","n/a"
"29 Dec 80","14","n/a","n/a"
"24 Dec 80","14","n/a","n/a"
"23 Dec 80","14","n/a","n/a"
"22 Dec 80","14","n/a","n/a"
"19 Dec 80","14","n/a","n/a"
"18 Dec 80","14","n/a","n/a"
"17 Dec 80","14","n/a","n/a"
"16 Dec 80","14","n/a","n/a"
"15 Dec 80","14","n/a","n/a"
"12 Dec 80","14","n/a","n/a"
"11 Dec 80","14","n/a","n/a"
"10 Dec 80","14","n/a","n/a"
"09 Dec 80","14","n/a","n/a"
"08 Dec 80","14","n/a","n/a"
"05 Dec 80","14","n/a","n/a"
"04 Dec 80","14","n/a","n/a"
"03 Dec 80","14","n/a","n/a"
"02 Dec 80","14","n/a","n/a"
"01 Dec 80","14","n/a","n/a"
"28 Nov 80","14","n/a","n/a"
"27 Nov 80","14","n/a","n/a"
"26 Nov 80","14","n/a","n/a"
"25 Nov 80","14","n/a","n/a"
"24 Nov 80","16","n/a","n/a"
"21 Nov 80","16","n/a","n/a"
"20 Nov 80","16","n/a","n/a"
"19 Nov 80","16","n/a","n/a"
"18 Nov 80","16","n/a","n/a"
"17 Nov 80","16","n/a","n/a"
"14 Nov 80","16","n/a","n/a"
"13 Nov 80","16","n/a","n/a"
"12 Nov 80","16","n/a","n/a"
"11 Nov 80","16","n/a","n/a"
"10 Nov 80","16","n/a","n/a"
"07 Nov 80","16","n/a","n/a"
"06 Nov 80","16","n/a","n/a"
"05 Nov 80","16","n/a","n/a"
"04 Nov 80","16","n/a","n/a"
"03 Nov 80","16","n/a","n/a"
"31 Oct 80","16","n/a","n/a"
"30 Oct 80","16","n/a","n/a"
"29 Oct 80","16","n/a","n/a"
"28 Oct 80","16","n/a","n/a"
"27 Oct 80","16","n/a","n/a"
"24 Oct 80","16","n/a","n/a"
"23 Oct 80","16","n/a","n/a"
"22 Oct 80","16","n/a","n/a"
"21 Oct 80","16","n/a","n/a"
"20 Oct 80","16","n/a","n/a"
"17 Oct 80","16","n/a","n/a"
"16 Oct 80","16","n/a","n/a"
"15 Oct 80","16","n/a","n/a"
"14 Oct 80","16","n/a","n/a"
"13 Oct 80","16","n/a","n/a"
"10 Oct 80","16","n/a","n/a"
"09 Oct 80","16","n/a","n/a"
"08 Oct 80","16","n/a","n/a"
"07 Oct 80","16","n/a","n/a"
"06 Oct 80","16","n/a","n/a"
"03 Oct 80","16","n/a","n/a"
"02 Oct 80","16","n/a","n/a"
"01 Oct 80","16","n/a","n/a"
"30 Sep 80","16","16.0308","16"
"29 Sep 80","16","n/a","n/a"
"26 Sep 80","16","n/a","n/a"
"25 Sep 80","16","n/a","n/a"
"24 Sep 80","16","n/a","n/a"
"23 Sep 80","16","n/a","n/a"
"22 Sep 80","16","n/a","n/a"
"19 Sep 80","16","n/a","n/a"
"18 Sep 80","16","n/a","n/a"
"17 Sep 80","16","n/a","n/a"
"16 Sep 80","16","n/a","n/a"
"15 Sep 80","16","n/a","n/a"
"12 Sep 80","16","n/a","n/a"
"11 Sep 80","16","n/a","n/a"
"10 Sep 80","16","n/a","n/a"
"09 Sep 80","16","n/a","n/a"
"08 Sep 80","16","n/a","n/a"
"05 Sep 80","16","n/a","n/a"
"04 Sep 80","16","n/a","n/a"
"03 Sep 80","16","n/a","n/a"
"02 Sep 80","16","n/a","n/a"
"01 Sep 80","16","n/a","n/a"
"29 Aug 80","16","n/a","n/a"
"28 Aug 80","16","n/a","n/a"
"27 Aug 80","16","n/a","n/a"
"26 Aug 80","16","n/a","n/a"
"22 Aug 80","16","n/a","n/a"
"21 Aug 80","16","n/a","n/a"
"20 Aug 80","16","n/a","n/a"
"19 Aug 80","16","n/a","n/a"
"18 Aug 80","16","n/a","n/a"
"15 Aug 80","16","n/a","n/a"
"14 Aug 80","16","n/a","n/a"
"13 Aug 80","16","n/a","n/a"
"12 Aug 80","16","n/a","n/a"
"11 Aug 80","16","n/a","n/a"
"08 Aug 80","16","n/a","n/a"
"07 Aug 80","16","n/a","n/a"
"06 Aug 80","16","n/a","n/a"
"05 Aug 80","16","n/a","n/a"
"04 Aug 80","16","n/a","n/a"
"01 Aug 80","16","n/a","n/a"
"31 Jul 80","16","n/a","n/a"
"30 Jul 80","16","n/a","n/a"
"29 Jul 80","16","n/a","n/a"
"28 Jul 80","16","n/a","n/a"
"25 Jul 80","16","n/a","n/a"
"24 Jul 80","16","n/a","n/a"
"23 Jul 80","16","n/a","n/a"
"22 Jul 80","16","n/a","n/a"
"21 Jul 80","16","n/a","n/a"
"18 Jul 80","16","n/a","n/a"
"17 Jul 80","16","n/a","n/a"
"16 Jul 80","16","n/a","n/a"
"15 Jul 80","16","n/a","n/a"
"14 Jul 80","16","n/a","n/a"
"11 Jul 80","16","n/a","n/a"
"10 Jul 80","16","n/a","n/a"
"09 Jul 80","16","n/a","n/a"
"08 Jul 80","16","n/a","n/a"
"07 Jul 80","16","n/a","n/a"
"04 Jul 80","16","n/a","n/a"
"03 Jul 80","16","n/a","n/a"
"02 Jul 80","17","n/a","n/a"
"01 Jul 80","17","n/a","n/a"
"30 Jun 80","17","17","17"
"27 Jun 80","17","n/a","n/a"
"26 Jun 80","17","n/a","n/a"
"25 Jun 80","17","n/a","n/a"
"24 Jun 80","17","n/a","n/a"
"23 Jun 80","17","n/a","n/a"
"20 Jun 80","17","n/a","n/a"
"19 Jun 80","17","n/a","n/a"
"18 Jun 80","17","n/a","n/a"
"17 Jun 80","17","n/a","n/a"
"16 Jun 80","17","n/a","n/a"
"13 Jun 80","17","n/a","n/a"
"12 Jun 80","17","n/a","n/a"
"11 Jun 80","17","n/a","n/a"
"10 Jun 80","17","n/a","n/a"
"09 Jun 80","17","n/a","n/a"
"06 Jun 80","17","n/a","n/a"
"05 Jun 80","17","n/a","n/a"
"04 Jun 80","17","n/a","n/a"
"03 Jun 80","17","n/a","n/a"
"02 Jun 80","17","n/a","n/a"
"30 May 80","17","n/a","n/a"
"29 May 80","17","n/a","n/a"
"28 May 80","17","n/a","n/a"
"27 May 80","17","n/a","n/a"
"23 May 80","17","n/a","n/a"
"22 May 80","17","n/a","n/a"
"21 May 80","17","n/a","n/a"
"20 May 80","17","n/a","n/a"
"19 May 80","17","n/a","n/a"
"16 May 80","17","n/a","n/a"
"15 May 80","17","n/a","n/a"
"14 May 80","17","n/a","n/a"
"13 May 80","17","n/a","n/a"
"12 May 80","17","n/a","n/a"
"09 May 80","17","n/a","n/a"
"08 May 80","17","n/a","n/a"
"07 May 80","17","n/a","n/a"
"06 May 80","17","n/a","n/a"
"02 May 80","17","n/a","n/a"
"01 May 80","17","n/a","n/a"
"30 Apr 80","17","n/a","n/a"
"29 Apr 80","17","n/a","n/a"
"28 Apr 80","17","n/a","n/a"
"25 Apr 80","17","n/a","n/a"
"24 Apr 80","17","n/a","n/a"
"23 Apr 80","17","n/a","n/a"
"22 Apr 80","17","n/a","n/a"
"21 Apr 80","17","n/a","n/a"
"18 Apr 80","17","n/a","n/a"
"17 Apr 80","17","n/a","n/a"
"16 Apr 80","17","n/a","n/a"
"15 Apr 80","17","n/a","n/a"
"14 Apr 80","17","n/a","n/a"
"11 Apr 80","17","n/a","n/a"
"10 Apr 80","17","n/a","n/a"
"09 Apr 80","17","n/a","n/a"
"08 Apr 80","17","n/a","n/a"
"03 Apr 80","17","n/a","n/a"
"02 Apr 80","17","n/a","n/a"
"01 Apr 80","17","n/a","n/a"
"31 Mar 80","17","17","17"
"28 Mar 80","17","n/a","n/a"
"27 Mar 80","17","n/a","n/a"
"26 Mar 80","17","n/a","n/a"
"25 Mar 80","17","n/a","n/a"
"24 Mar 80","17","n/a","n/a"
"21 Mar 80","17","n/a","n/a"
"20 Mar 80","17","n/a","n/a"
"19 Mar 80","17","n/a","n/a"
"18 Mar 80","17","n/a","n/a"
"17 Mar 80","17","n/a","n/a"
"14 Mar 80","17","n/a","n/a"
"13 Mar 80","17","n/a","n/a"
"12 Mar 80","17","n/a","n/a"
"11 Mar 80","17","n/a","n/a"
"10 Mar 80","17","n/a","n/a"
"07 Mar 80","17","n/a","n/a"
"06 Mar 80","17","n/a","n/a"
"05 Mar 80","17","n/a","n/a"
"04 Mar 80","17","n/a","n/a"
"03 Mar 80","17","n/a","n/a"
"29 Feb 80","17","n/a","n/a"
"28 Feb 80","17","n/a","n/a"
"27 Feb 80","17","n/a","n/a"
"26 Feb 80","17","n/a","n/a"
"25 Feb 80","17","n/a","n/a"
"22 Feb 80","17","n/a","n/a"
"21 Feb 80","17","n/a","n/a"
"20 Feb 80","17","n/a","n/a"
"19 Feb 80","17","n/a","n/a"
"18 Feb 80","17","n/a","n/a"
"15 Feb 80","17","n/a","n/a"
"14 Feb 80","17","n/a","n/a"
"13 Feb 80","17","n/a","n/a"
"12 Feb 80","17","n/a","n/a"
"11 Feb 80","17","n/a","n/a"
"08 Feb 80","17","n/a","n/a"
"07 Feb 80","17","n/a","n/a"
"06 Feb 80","17","n/a","n/a"
"05 Feb 80","17","n/a","n/a"
"04 Feb 80","17","n/a","n/a"
"01 Feb 80","17","n/a","n/a"
"31 Jan 80","17","n/a","n/a"
"30 Jan 80","17","n/a","n/a"
"29 Jan 80","17","n/a","n/a"
"28 Jan 80","17","n/a","n/a"
"25 Jan 80","17","n/a","n/a"
"24 Jan 80","17","n/a","n/a"
"23 Jan 80","17","n/a","n/a"
"22 Jan 80","17","n/a","n/a"
"21 Jan 80","17","n/a","n/a"
"18 Jan 80","17","n/a","n/a"
"17 Jan 80","17","n/a","n/a"
"16 Jan 80","17","n/a","n/a"
"15 Jan 80","17","n/a","n/a"
"14 Jan 80","17","n/a","n/a"
"11 Jan 80","17","n/a","n/a"
"10 Jan 80","17","n/a","n/a"
"09 Jan 80","17","n/a","n/a"
"08 Jan 80","17","n/a","n/a"
"07 Jan 80","17","n/a","n/a"
"04 Jan 80","17","n/a","n/a"
"03 Jan 80","17","n/a","n/a"
"02 Jan 80","17","n/a","n/a"

