"Date","Yield from British Government Securities, 10 year Nominal Par Yield  						[a] [b] 						IUDMNPY","Yield from British Government Securities, 5 year Nominal Par Yield  						[a] [b] 						IUDSNPY","Quarterly average yield from British Government Securities, 10 year Nominal Par Yield  						[b] 						IUQAMNPY","Quarterly average yield from British Government Securities, 5 year Nominal Par Yield  						[b] 						IUQASNPY","End quarter level of yield from British Government Stock, 10 year Nominal Par Yield  						[b] 						IUQMNPY","End quarter level of yield from British Government Securities, 5 year Nominal Par Yield  						[b] 						IUQSNPY"
"18 Sep 26","5.256","4.8826","n/a","n/a","n/a","n/a"
"17 Sep 26","5.1742","4.7598","n/a","n/a","n/a","n/a"
"16 Sep 26","5.2421","4.8067","n/a","n/a","n/a","n/a"
"15 Sep 26","5.3616","4.9288","n/a","n/a","n/a","n/a"
"14 Sep 26","5.3699","4.9421","n/a","n/a","n/a","n/a"
"11 Sep 26","5.304","4.8643","n/a","n/a","n/a","n/a"
"10 Sep 26","5.319","4.8949","n/a","n/a","n/a","n/a"
"09 Sep 26","5.1922","4.735","n/a","n/a","n/a","n/a"
"08 Sep 26","5.0979","4.6384","n/a","n/a","n/a","n/a"
"07 Sep 26","5.1079","4.639","n/a","n/a","n/a","n/a"
"04 Sep 26","5.0737","4.6082","n/a","n/a","n/a","n/a"
"03 Sep 26","5.0843","4.6085","n/a","n/a","n/a","n/a"
"02 Sep 26","5.171","4.6975","n/a","n/a","n/a","n/a"
"01 Sep 26","5.1333","4.6616","n/a","n/a","n/a","n/a"
"28 Aug 26","5.0631","4.5935","n/a","n/a","n/a","n/a"
"27 Aug 26","5.0254","4.5456","n/a","n/a","n/a","n/a"
"26 Aug 26","5.0121","4.529","n/a","n/a","n/a","n/a"
"25 Aug 26","4.9959","4.5131","n/a","n/a","n/a","n/a"
"24 Aug 26","5.0513","4.5691","n/a","n/a","n/a","n/a"
"21 Aug 26","5.0506","4.5562","n/a","n/a","n/a","n/a"
"20 Aug 26","5.0478","4.561","n/a","n/a","n/a","n/a"
"19 Aug 26","5.0401","4.5545","n/a","n/a","n/a","n/a"
"18 Aug 26","5.0676","4.573","n/a","n/a","n/a","n/a"
"17 Aug 26","5.0427","4.555","n/a","n/a","n/a","n/a"
"14 Aug 26","5.0087","4.5237","n/a","n/a","n/a","n/a"
"13 Aug 26","4.9437","4.4686","n/a","n/a","n/a","n/a"
"12 Aug 26","4.9593","4.4815","n/a","n/a","n/a","n/a"
"11 Aug 26","4.9462","4.4688","n/a","n/a","n/a","n/a"
"10 Aug 26","4.9718","4.4979","n/a","n/a","n/a","n/a"
"07 Aug 26","4.9118","4.4356","n/a","n/a","n/a","n/a"
"06 Aug 26","4.9129","4.4304","n/a","n/a","n/a","n/a"
"05 Aug 26","4.8802","4.3871","n/a","n/a","n/a","n/a"
"04 Aug 26","4.9031","4.4217","n/a","n/a","n/a","n/a"
"03 Aug 26","4.9382","4.4656","n/a","n/a","n/a","n/a"
"31 Jul 26","5.0257","4.5569","n/a","n/a","n/a","n/a"
"30 Jul 26","4.9967","4.5235","n/a","n/a","n/a","n/a"
"29 Jul 26","5.0051","4.5608","n/a","n/a","n/a","n/a"
"28 Jul 26","4.9409","4.482","n/a","n/a","n/a","n/a"
"27 Jul 26","4.9715","4.5199","n/a","n/a","n/a","n/a"
"24 Jul 26","5.0253","4.5678","n/a","n/a","n/a","n/a"
"23 Jul 26","5.0934","4.6405","n/a","n/a","n/a","n/a"
"22 Jul 26","5.0424","4.5752","n/a","n/a","n/a","n/a"
"21 Jul 26","5.021","4.5453","n/a","n/a","n/a","n/a"
"20 Jul 26","5.0195","4.5457","n/a","n/a","n/a","n/a"
"17 Jul 26","4.9436","4.4787","n/a","n/a","n/a","n/a"
"16 Jul 26","4.9648","4.4967","n/a","n/a","n/a","n/a"
"15 Jul 26","4.9399","4.4679","n/a","n/a","n/a","n/a"
"14 Jul 26","4.9386","4.469","n/a","n/a","n/a","n/a"
"13 Jul 26","4.9503","4.4838","n/a","n/a","n/a","n/a"
"10 Jul 26","4.8681","4.3868","n/a","n/a","n/a","n/a"
"09 Jul 26","4.892","4.4075","n/a","n/a","n/a","n/a"
"08 Jul 26","4.9545","4.4753","n/a","n/a","n/a","n/a"
"07 Jul 26","4.8092","4.3208","n/a","n/a","n/a","n/a"
"06 Jul 26","4.7694","4.2799","n/a","n/a","n/a","n/a"
"03 Jul 26","4.7652","4.2781","n/a","n/a","n/a","n/a"
"02 Jul 26","4.749","4.2618","n/a","n/a","n/a","n/a"
"01 Jul 26","4.7446","4.2683","n/a","n/a","n/a","n/a"
"30 Jun 26","4.742","4.278","4.8494","4.3921","4.742","4.278"
"29 Jun 26","4.6997","4.2424","n/a","n/a","n/a","n/a"
"26 Jun 26","4.7117","4.2479","n/a","n/a","n/a","n/a"
"25 Jun 26","4.682","4.2275","n/a","n/a","n/a","n/a"
"24 Jun 26","4.6683","4.2278","n/a","n/a","n/a","n/a"
"23 Jun 26","4.7322","4.2803","n/a","n/a","n/a","n/a"
"22 Jun 26","4.783","4.327","n/a","n/a","n/a","n/a"
"19 Jun 26","4.7213","4.2723","n/a","n/a","n/a","n/a"
"18 Jun 26","4.7213","4.2723","n/a","n/a","n/a","n/a"
"17 Jun 26","4.7394","4.2716","n/a","n/a","n/a","n/a"
"16 Jun 26","4.7794","4.3161","n/a","n/a","n/a","n/a"
"15 Jun 26","4.7862","4.3075","n/a","n/a","n/a","n/a"
"12 Jun 26","4.8156","4.3549","n/a","n/a","n/a","n/a"
"11 Jun 26","4.8804","4.4338","n/a","n/a","n/a","n/a"
"10 Jun 26","4.9021","4.4537","n/a","n/a","n/a","n/a"
"09 Jun 26","4.8873","4.4373","n/a","n/a","n/a","n/a"
"08 Jun 26","4.9135","4.4671","n/a","n/a","n/a","n/a"
"05 Jun 26","4.8773","4.4309","n/a","n/a","n/a","n/a"
"04 Jun 26","4.8786","4.4298","n/a","n/a","n/a","n/a"
"03 Jun 26","4.8909","4.4442","n/a","n/a","n/a","n/a"
"02 Jun 26","4.8314","4.3892","n/a","n/a","n/a","n/a"
"01 Jun 26","4.8696","4.4173","n/a","n/a","n/a","n/a"
"29 May 26","4.776","4.3083","n/a","n/a","n/a","n/a"
"28 May 26","4.7887","4.3317","n/a","n/a","n/a","n/a"
"27 May 26","4.8259","4.366","n/a","n/a","n/a","n/a"
"26 May 26","4.8428","4.3919","n/a","n/a","n/a","n/a"
"22 May 26","4.8666","4.42","n/a","n/a","n/a","n/a"
"21 May 26","4.9293","4.4715","n/a","n/a","n/a","n/a"
"20 May 26","4.9554","4.4893","n/a","n/a","n/a","n/a"
"19 May 26","5.0833","4.6151","n/a","n/a","n/a","n/a"
"18 May 26","5.1026","4.6296","n/a","n/a","n/a","n/a"
"15 May 26","5.1263","4.6521","n/a","n/a","n/a","n/a"
"14 May 26","4.9661","4.5127","n/a","n/a","n/a","n/a"
"13 May 26","5.0279","4.5657","n/a","n/a","n/a","n/a"
"12 May 26","5.0527","4.5975","n/a","n/a","n/a","n/a"
"11 May 26","4.9589","4.5128","n/a","n/a","n/a","n/a"
"08 May 26","4.8695","4.4251","n/a","n/a","n/a","n/a"
"07 May 26","4.8801","4.4186","n/a","n/a","n/a","n/a"
"06 May 26","4.8932","4.4337","n/a","n/a","n/a","n/a"
"05 May 26","5.0201","4.5638","n/a","n/a","n/a","n/a"
"01 May 26","4.9241","4.4647","n/a","n/a","n/a","n/a"
"30 Apr 26","4.9609","4.4936","n/a","n/a","n/a","n/a"
"29 Apr 26","5.0053","4.5624","n/a","n/a","n/a","n/a"
"28 Apr 26","4.9493","4.4822","n/a","n/a","n/a","n/a"
"27 Apr 26","4.9195","4.4493","n/a","n/a","n/a","n/a"
"24 Apr 26","4.879","4.4189","n/a","n/a","n/a","n/a"
"23 Apr 26","4.871","4.4051","n/a","n/a","n/a","n/a"
"22 Apr 26","4.8382","4.3715","n/a","n/a","n/a","n/a"
"21 Apr 26","4.8242","4.3422","n/a","n/a","n/a","n/a"
"20 Apr 26","4.7829","4.2845","n/a","n/a","n/a","n/a"
"17 Apr 26","4.6973","4.2022","n/a","n/a","n/a","n/a"
"16 Apr 26","4.7912","4.309","n/a","n/a","n/a","n/a"
"15 Apr 26","4.7435","4.2828","n/a","n/a","n/a","n/a"
"14 Apr 26","4.741","4.2836","n/a","n/a","n/a","n/a"
"13 Apr 26","4.8127","4.3622","n/a","n/a","n/a","n/a"
"10 Apr 26","4.758","4.2991","n/a","n/a","n/a","n/a"
"09 Apr 26","4.7472","4.2934","n/a","n/a","n/a","n/a"
"08 Apr 26","4.6599","4.2185","n/a","n/a","n/a","n/a"
"07 Apr 26","4.874","4.457","n/a","n/a","n/a","n/a"
"02 Apr 26","4.778","4.3547","n/a","n/a","n/a","n/a"
"01 Apr 26","4.7802","4.3459","n/a","n/a","n/a","n/a"
"31 Mar 26","4.8615","4.439","4.5323","3.9973","4.8615","4.439"
"30 Mar 26","4.8806","4.4625","n/a","n/a","n/a","n/a"
"27 Mar 26","4.8935","4.496","n/a","n/a","n/a","n/a"
"26 Mar 26","4.8935","4.496","n/a","n/a","n/a","n/a"
"25 Mar 26","4.7721","4.3746","n/a","n/a","n/a","n/a"
"24 Mar 26","4.8699","4.4495","n/a","n/a","n/a","n/a"
"23 Mar 26","4.8703","4.4526","n/a","n/a","n/a","n/a"
"20 Mar 26","4.9267","4.5428","n/a","n/a","n/a","n/a"
"19 Mar 26","4.7896","4.4021","n/a","n/a","n/a","n/a"
"18 Mar 26","4.7002","4.2119","n/a","n/a","n/a","n/a"
"17 Mar 26","4.6536","4.1482","n/a","n/a","n/a","n/a"
"16 Mar 26","4.7076","4.2124","n/a","n/a","n/a","n/a"
"13 Mar 26","4.7601","4.2623","n/a","n/a","n/a","n/a"
"12 Mar 26","4.7258","4.2294","n/a","n/a","n/a","n/a"
"11 Mar 26","4.6388","4.1438","n/a","n/a","n/a","n/a"
"10 Mar 26","4.501","3.993","n/a","n/a","n/a","n/a"
"09 Mar 26","4.5829","4.0928","n/a","n/a","n/a","n/a"
"06 Mar 26","4.6089","4.0788","n/a","n/a","n/a","n/a"
"05 Mar 26","4.498","3.9427","n/a","n/a","n/a","n/a"
"04 Mar 26","4.4312","3.8483","n/a","n/a","n/a","n/a"
"03 Mar 26","4.4812","3.9147","n/a","n/a","n/a","n/a"
"02 Mar 26","4.368","3.7676","n/a","n/a","n/a","n/a"
"27 Feb 26","4.2935","3.6972","n/a","n/a","n/a","n/a"
"26 Feb 26","4.335","3.7227","n/a","n/a","n/a","n/a"
"25 Feb 26","4.3644","3.773","n/a","n/a","n/a","n/a"
"24 Feb 26","4.3554","3.7639","n/a","n/a","n/a","n/a"
"23 Feb 26","4.3454","3.7566","n/a","n/a","n/a","n/a"
"20 Feb 26","4.3732","3.7866","n/a","n/a","n/a","n/a"
"19 Feb 26","4.3868","3.7989","n/a","n/a","n/a","n/a"
"18 Feb 26","4.3897","3.8076","n/a","n/a","n/a","n/a"
"17 Feb 26","4.3925","3.8037","n/a","n/a","n/a","n/a"
"16 Feb 26","4.411","3.8186","n/a","n/a","n/a","n/a"
"13 Feb 26","4.4169","3.8287","n/a","n/a","n/a","n/a"
"12 Feb 26","4.4526","3.8683","n/a","n/a","n/a","n/a"
"11 Feb 26","4.4889","3.8993","n/a","n/a","n/a","n/a"
"10 Feb 26","4.4979","3.9015","n/a","n/a","n/a","n/a"
"09 Feb 26","4.531","3.9195","n/a","n/a","n/a","n/a"
"06 Feb 26","4.522","3.9205","n/a","n/a","n/a","n/a"
"05 Feb 26","4.5423","3.9458","n/a","n/a","n/a","n/a"
"04 Feb 26","4.5336","3.9707","n/a","n/a","n/a","n/a"
"03 Feb 26","4.5104","3.9581","n/a","n/a","n/a","n/a"
"02 Feb 26","4.5054","3.9499","n/a","n/a","n/a","n/a"
"30 Jan 26","4.518","3.9604","n/a","n/a","n/a","n/a"
"29 Jan 26","4.4983","3.9466","n/a","n/a","n/a","n/a"
"28 Jan 26","4.5328","3.9881","n/a","n/a","n/a","n/a"
"27 Jan 26","4.5151","3.9788","n/a","n/a","n/a","n/a"
"26 Jan 26","4.4887","3.958","n/a","n/a","n/a","n/a"
"23 Jan 26","4.4914","3.956","n/a","n/a","n/a","n/a"
"22 Jan 26","4.4735","3.9208","n/a","n/a","n/a","n/a"
"21 Jan 26","4.4425","3.8995","n/a","n/a","n/a","n/a"
"20 Jan 26","4.456","3.9102","n/a","n/a","n/a","n/a"
"19 Jan 26","4.4026","3.8742","n/a","n/a","n/a","n/a"
"16 Jan 26","4.4048","3.8776","n/a","n/a","n/a","n/a"
"15 Jan 26","4.3924","3.8472","n/a","n/a","n/a","n/a"
"14 Jan 26","4.3806","3.8068","n/a","n/a","n/a","n/a"
"13 Jan 26","4.4044","3.8481","n/a","n/a","n/a","n/a"
"12 Jan 26","4.3726","3.8262","n/a","n/a","n/a","n/a"
"09 Jan 26","4.3988","3.8259","n/a","n/a","n/a","n/a"
"08 Jan 26","4.4038","3.8586","n/a","n/a","n/a","n/a"
"07 Jan 26","4.4072","3.8616","n/a","n/a","n/a","n/a"
"06 Jan 26","4.4747","3.9213","n/a","n/a","n/a","n/a"
"05 Jan 26","4.496","3.9453","n/a","n/a","n/a","n/a"
"02 Jan 26","4.5168","3.9655","n/a","n/a","n/a","n/a"
"31 Dec 25","4.4664","3.9281","4.5197","3.9102","4.4664","3.9281"
"30 Dec 25","4.4816","3.9458","n/a","n/a","n/a","n/a"
"29 Dec 25","4.4753","3.9458","n/a","n/a","n/a","n/a"
"24 Dec 25","4.4978","3.9639","n/a","n/a","n/a","n/a"
"23 Dec 25","4.492","3.9548","n/a","n/a","n/a","n/a"
"22 Dec 25","4.5169","3.9663","n/a","n/a","n/a","n/a"
"19 Dec 25","4.496","3.9544","n/a","n/a","n/a","n/a"
"18 Dec 25","4.4614","3.9164","n/a","n/a","n/a","n/a"
"17 Dec 25","4.4526","3.8933","n/a","n/a","n/a","n/a"
"16 Dec 25","4.4919","3.9483","n/a","n/a","n/a","n/a"
"15 Dec 25","4.4744","3.9228","n/a","n/a","n/a","n/a"
"12 Dec 25","4.498","3.9438","n/a","n/a","n/a","n/a"
"11 Dec 25","4.4568","3.9305","n/a","n/a","n/a","n/a"
"10 Dec 25","4.4964","3.9628","n/a","n/a","n/a","n/a"
"09 Dec 25","4.4901","3.947","n/a","n/a","n/a","n/a"
"08 Dec 25","4.5245","3.9619","n/a","n/a","n/a","n/a"
"05 Dec 25","4.471","3.8878","n/a","n/a","n/a","n/a"
"04 Dec 25","4.4503","3.8373","n/a","n/a","n/a","n/a"
"03 Dec 25","4.4598","3.8558","n/a","n/a","n/a","n/a"
"02 Dec 25","4.4985","3.8737","n/a","n/a","n/a","n/a"
"01 Dec 25","4.4821","3.8499","n/a","n/a","n/a","n/a"
"28 Nov 25","4.4703","3.8557","n/a","n/a","n/a","n/a"
"27 Nov 25","4.4801","3.8601","n/a","n/a","n/a","n/a"
"26 Nov 25","4.4791","3.8284","n/a","n/a","n/a","n/a"
"25 Nov 25","4.5163","3.8743","n/a","n/a","n/a","n/a"
"24 Nov 25","4.5529","3.928","n/a","n/a","n/a","n/a"
"21 Nov 25","4.5272","3.885","n/a","n/a","n/a","n/a"
"20 Nov 25","4.5464","3.9075","n/a","n/a","n/a","n/a"
"19 Nov 25","4.5958","3.9601","n/a","n/a","n/a","n/a"
"18 Nov 25","4.5483","3.9173","n/a","n/a","n/a","n/a"
"17 Nov 25","4.5321","3.9219","n/a","n/a","n/a","n/a"
"14 Nov 25","4.5733","3.9339","n/a","n/a","n/a","n/a"
"13 Nov 25","4.4586","3.8488","n/a","n/a","n/a","n/a"
"12 Nov 25","4.4344","3.8162","n/a","n/a","n/a","n/a"
"11 Nov 25","4.4171","3.7988","n/a","n/a","n/a","n/a"
"10 Nov 25","4.4826","3.8646","n/a","n/a","n/a","n/a"
"07 Nov 25","4.4865","3.8664","n/a","n/a","n/a","n/a"
"06 Nov 25","4.4667","3.8478","n/a","n/a","n/a","n/a"
"05 Nov 25","4.4897","3.8748","n/a","n/a","n/a","n/a"
"04 Nov 25","4.4379","3.8191","n/a","n/a","n/a","n/a"
"03 Nov 25","4.4745","3.852","n/a","n/a","n/a","n/a"
"31 Oct 25","4.4234","3.8234","n/a","n/a","n/a","n/a"
"30 Oct 25","4.4369","3.8407","n/a","n/a","n/a","n/a"
"29 Oct 25","4.4251","3.8114","n/a","n/a","n/a","n/a"
"28 Oct 25","4.4298","3.8045","n/a","n/a","n/a","n/a"
"27 Oct 25","4.4367","3.812","n/a","n/a","n/a","n/a"
"24 Oct 25","4.4576","3.8265","n/a","n/a","n/a","n/a"
"23 Oct 25","4.4411","3.8087","n/a","n/a","n/a","n/a"
"22 Oct 25","4.4445","3.7988","n/a","n/a","n/a","n/a"
"21 Oct 25","4.5105","3.8788","n/a","n/a","n/a","n/a"
"20 Oct 25","4.538","3.887","n/a","n/a","n/a","n/a"
"17 Oct 25","4.5587","3.908","n/a","n/a","n/a","n/a"
"16 Oct 25","4.5398","3.8902","n/a","n/a","n/a","n/a"
"15 Oct 25","4.5595","3.9113","n/a","n/a","n/a","n/a"
"14 Oct 25","4.6061","3.946","n/a","n/a","n/a","n/a"
"13 Oct 25","4.6658","4.02","n/a","n/a","n/a","n/a"
"10 Oct 25","4.6814","4.0347","n/a","n/a","n/a","n/a"
"09 Oct 25","4.7413","4.0948","n/a","n/a","n/a","n/a"
"08 Oct 25","4.7157","4.0698","n/a","n/a","n/a","n/a"
"07 Oct 25","4.7282","4.0805","n/a","n/a","n/a","n/a"
"06 Oct 25","4.7172","4.0446","n/a","n/a","n/a","n/a"
"03 Oct 25","4.6982","4.0338","n/a","n/a","n/a","n/a"
"02 Oct 25","4.7119","4.0536","n/a","n/a","n/a","n/a"
"01 Oct 25","4.6901","4.0206","n/a","n/a","n/a","n/a"
"30 Sep 25","4.6909","4.0363","4.6386","3.964","4.6909","4.0363"
"29 Sep 25","4.7045","4.0397","n/a","n/a","n/a","n/a"
"26 Sep 25","4.7396","4.0864","n/a","n/a","n/a","n/a"
"25 Sep 25","4.7396","4.0785","n/a","n/a","n/a","n/a"
"24 Sep 25","4.6806","4.001","n/a","n/a","n/a","n/a"
"23 Sep 25","4.6886","4.0072","n/a","n/a","n/a","n/a"
"22 Sep 25","4.7098","4.0245","n/a","n/a","n/a","n/a"
"19 Sep 25","4.7296","4.0344","n/a","n/a","n/a","n/a"
"18 Sep 25","4.6692","4.0013","n/a","n/a","n/a","n/a"
"17 Sep 25","4.6374","3.9818","n/a","n/a","n/a","n/a"
"16 Sep 25","4.6506","3.9957","n/a","n/a","n/a","n/a"
"15 Sep 25","4.6496","3.9783","n/a","n/a","n/a","n/a"
"12 Sep 25","4.669","3.9958","n/a","n/a","n/a","n/a"
"11 Sep 25","4.6238","3.9597","n/a","n/a","n/a","n/a"
"10 Sep 25","4.6525","3.9726","n/a","n/a","n/a","n/a"
"09 Sep 25","4.6409","3.9523","n/a","n/a","n/a","n/a"
"08 Sep 25","4.6211","3.9222","n/a","n/a","n/a","n/a"
"05 Sep 25","4.644","3.9501","n/a","n/a","n/a","n/a"
"04 Sep 25","4.7377","4.0234","n/a","n/a","n/a","n/a"
"03 Sep 25","4.737","4.0221","n/a","n/a","n/a","n/a"
"02 Sep 25","4.7873","4.0601","n/a","n/a","n/a","n/a"
"01 Sep 25","4.7429","4.0219","n/a","n/a","n/a","n/a"
"29 Aug 25","4.7238","4.0047","n/a","n/a","n/a","n/a"
"28 Aug 25","4.7109","4.0022","n/a","n/a","n/a","n/a"
"27 Aug 25","4.7252","4.0125","n/a","n/a","n/a","n/a"
"26 Aug 25","4.7416","4.024","n/a","n/a","n/a","n/a"
"22 Aug 25","4.6863","3.9865","n/a","n/a","n/a","n/a"
"21 Aug 25","4.7273","4.0222","n/a","n/a","n/a","n/a"
"20 Aug 25","4.6743","3.9727","n/a","n/a","n/a","n/a"
"19 Aug 25","4.7312","4.0331","n/a","n/a","n/a","n/a"
"18 Aug 25","4.7314","4.0223","n/a","n/a","n/a","n/a"
"15 Aug 25","4.6755","3.9673","n/a","n/a","n/a","n/a"
"14 Aug 25","4.6284","3.9464","n/a","n/a","n/a","n/a"
"13 Aug 25","4.5824","3.8975","n/a","n/a","n/a","n/a"
"12 Aug 25","4.6019","3.9288","n/a","n/a","n/a","n/a"
"11 Aug 25","4.563","3.8903","n/a","n/a","n/a","n/a"
"08 Aug 25","4.5892","3.9149","n/a","n/a","n/a","n/a"
"07 Aug 25","4.5471","3.8916","n/a","n/a","n/a","n/a"
"06 Aug 25","4.5223","3.8392","n/a","n/a","n/a","n/a"
"05 Aug 25","4.5159","3.8328","n/a","n/a","n/a","n/a"
"04 Aug 25","4.5203","3.8349","n/a","n/a","n/a","n/a"
"01 Aug 25","4.5393","3.8434","n/a","n/a","n/a","n/a"
"31 Jul 25","4.5773","3.8883","n/a","n/a","n/a","n/a"
"30 Jul 25","4.5777","3.9305","n/a","n/a","n/a","n/a"
"29 Jul 25","4.5647","3.9387","n/a","n/a","n/a","n/a"
"28 Jul 25","4.6024","3.9625","n/a","n/a","n/a","n/a"
"25 Jul 25","4.601","3.9439","n/a","n/a","n/a","n/a"
"24 Jul 25","4.6078","3.9395","n/a","n/a","n/a","n/a"
"23 Jul 25","4.5841","3.9155","n/a","n/a","n/a","n/a"
"22 Jul 25","4.5997","3.9407","n/a","n/a","n/a","n/a"
"21 Jul 25","4.6154","3.972","n/a","n/a","n/a","n/a"
"18 Jul 25","4.6749","4.0199","n/a","n/a","n/a","n/a"
"17 Jul 25","4.6372","3.9869","n/a","n/a","n/a","n/a"
"16 Jul 25","4.6434","3.9865","n/a","n/a","n/a","n/a"
"15 Jul 25","4.6471","3.9406","n/a","n/a","n/a","n/a"
"14 Jul 25","4.568","3.8808","n/a","n/a","n/a","n/a"
"11 Jul 25","4.6327","3.9762","n/a","n/a","n/a","n/a"
"10 Jul 25","4.5949","3.9612","n/a","n/a","n/a","n/a"
"09 Jul 25","4.6227","3.9385","n/a","n/a","n/a","n/a"
"08 Jul 25","4.6365","3.9539","n/a","n/a","n/a","n/a"
"07 Jul 25","4.5363","3.9262","n/a","n/a","n/a","n/a"
"04 Jul 25","4.5561","3.9238","n/a","n/a","n/a","n/a"
"03 Jul 25","4.547","3.9285","n/a","n/a","n/a","n/a"
"02 Jul 25","4.5985","3.9663","n/a","n/a","n/a","n/a"
"01 Jul 25","4.3996","3.8236","n/a","n/a","n/a","n/a"
"30 Jun 25","4.4412","3.8231","4.5664","3.9643","4.4412","3.8231"
"27 Jun 25","4.4368","3.8797","n/a","n/a","n/a","n/a"
"26 Jun 25","4.4305","3.8465","n/a","n/a","n/a","n/a"
"25 Jun 25","4.4629","3.9173","n/a","n/a","n/a","n/a"
"24 Jun 25","4.4586","3.8859","n/a","n/a","n/a","n/a"
"23 Jun 25","4.4192","3.894","n/a","n/a","n/a","n/a"
"20 Jun 25","4.521","3.9389","n/a","n/a","n/a","n/a"
"19 Jun 25","4.5397","3.9735","n/a","n/a","n/a","n/a"
"18 Jun 25","4.4604","3.9311","n/a","n/a","n/a","n/a"
"17 Jun 25","4.536","3.9473","n/a","n/a","n/a","n/a"
"16 Jun 25","4.5198","3.9331","n/a","n/a","n/a","n/a"
"13 Jun 25","4.493","3.9861","n/a","n/a","n/a","n/a"
"12 Jun 25","4.491","3.8865","n/a","n/a","n/a","n/a"
"11 Jun 25","4.5732","4.0259","n/a","n/a","n/a","n/a"
"10 Jun 25","4.5467","3.9717","n/a","n/a","n/a","n/a"
"09 Jun 25","4.6404","4.0628","n/a","n/a","n/a","n/a"
"06 Jun 25","4.6273","4.0167","n/a","n/a","n/a","n/a"
"05 Jun 25","4.5778","4.0124","n/a","n/a","n/a","n/a"
"04 Jun 25","4.5816","4.0215","n/a","n/a","n/a","n/a"
"03 Jun 25","4.6034","3.9772","n/a","n/a","n/a","n/a"
"02 Jun 25","4.6604","4.0151","n/a","n/a","n/a","n/a"
"30 May 25","4.5907","4.0547","n/a","n/a","n/a","n/a"
"29 May 25","4.6159","4.0321","n/a","n/a","n/a","n/a"
"28 May 25","4.7333","4.1444","n/a","n/a","n/a","n/a"
"27 May 25","4.6046","4.0385","n/a","n/a","n/a","n/a"
"23 May 25","4.6881","4.0372","n/a","n/a","n/a","n/a"
"22 May 25","4.7477","4.1028","n/a","n/a","n/a","n/a"
"21 May 25","4.7585","4.1239","n/a","n/a","n/a","n/a"
"20 May 25","4.6752","4.0779","n/a","n/a","n/a","n/a"
"19 May 25","4.6374","4.0371","n/a","n/a","n/a","n/a"
"16 May 25","4.6256","3.9744","n/a","n/a","n/a","n/a"
"15 May 25","4.6294","4.0211","n/a","n/a","n/a","n/a"
"14 May 25","4.6795","4.0691","n/a","n/a","n/a","n/a"
"13 May 25","4.6023","4.0054","n/a","n/a","n/a","n/a"
"12 May 25","4.6465","4.0386","n/a","n/a","n/a","n/a"
"09 May 25","4.469","3.8846","n/a","n/a","n/a","n/a"
"08 May 25","4.5377","3.8903","n/a","n/a","n/a","n/a"
"07 May 25","4.4164","3.8438","n/a","n/a","n/a","n/a"
"06 May 25","4.452","3.84","n/a","n/a","n/a","n/a"
"02 May 25","4.4953","3.876","n/a","n/a","n/a","n/a"
"01 May 25","4.4019","3.8005","n/a","n/a","n/a","n/a"
"30 Apr 25","4.4072","3.8105","n/a","n/a","n/a","n/a"
"29 Apr 25","4.4406","3.8352","n/a","n/a","n/a","n/a"
"28 Apr 25","4.4773","3.8508","n/a","n/a","n/a","n/a"
"25 Apr 25","4.4436","3.8017","n/a","n/a","n/a","n/a"
"24 Apr 25","4.574","3.9044","n/a","n/a","n/a","n/a"
"23 Apr 25","4.6411","3.9468","n/a","n/a","n/a","n/a"
"22 Apr 25","4.648","3.8972","n/a","n/a","n/a","n/a"
"17 Apr 25","4.5096","3.8717","n/a","n/a","n/a","n/a"
"16 Apr 25","4.5607","3.9141","n/a","n/a","n/a","n/a"
"15 Apr 25","4.6193","3.9909","n/a","n/a","n/a","n/a"
"14 Apr 25","4.6241","4.0231","n/a","n/a","n/a","n/a"
"11 Apr 25","4.739","4.0682","n/a","n/a","n/a","n/a"
"10 Apr 25","4.689","3.9963","n/a","n/a","n/a","n/a"
"09 Apr 25","4.719","4.0389","n/a","n/a","n/a","n/a"
"08 Apr 25","4.557","3.9515","n/a","n/a","n/a","n/a"
"07 Apr 25","4.6381","3.9671","n/a","n/a","n/a","n/a"
"04 Apr 25","4.4944","3.9309","n/a","n/a","n/a","n/a"
"03 Apr 25","4.563","3.962","n/a","n/a","n/a","n/a"
"02 Apr 25","4.5877","4.112","n/a","n/a","n/a","n/a"
"01 Apr 25","4.5912","4.1093","n/a","n/a","n/a","n/a"
"31 Mar 25","4.653","4.1527","4.6071","4.1812","4.653","4.1527"
"28 Mar 25","4.693","4.1772","n/a","n/a","n/a","n/a"
"27 Mar 25","4.7519","4.2349","n/a","n/a","n/a","n/a"
"26 Mar 25","4.7062","4.2244","n/a","n/a","n/a","n/a"
"25 Mar 25","4.7229","4.2389","n/a","n/a","n/a","n/a"
"24 Mar 25","4.6869","4.203","n/a","n/a","n/a","n/a"
"21 Mar 25","4.67","4.1968","n/a","n/a","n/a","n/a"
"20 Mar 25","4.655","4.1845","n/a","n/a","n/a","n/a"
"19 Mar 25","4.6272","4.1509","n/a","n/a","n/a","n/a"
"18 Mar 25","4.6423","4.1515","n/a","n/a","n/a","n/a"
"17 Mar 25","4.6205","4.1315","n/a","n/a","n/a","n/a"
"14 Mar 25","4.6501","4.1396","n/a","n/a","n/a","n/a"
"13 Mar 25","4.673","4.1615","n/a","n/a","n/a","n/a"
"12 Mar 25","4.7054","4.1892","n/a","n/a","n/a","n/a"
"11 Mar 25","4.6463","4.1381","n/a","n/a","n/a","n/a"
"10 Mar 25","4.6034","4.1355","n/a","n/a","n/a","n/a"
"07 Mar 25","4.5589","4.1544","n/a","n/a","n/a","n/a"
"06 Mar 25","4.6096","4.2138","n/a","n/a","n/a","n/a"
"05 Mar 25","4.6107","4.2081","n/a","n/a","n/a","n/a"
"04 Mar 25","4.4934","4.059","n/a","n/a","n/a","n/a"
"03 Mar 25","4.5608","4.1228","n/a","n/a","n/a","n/a"
"28 Feb 25","4.5004","4.0651","n/a","n/a","n/a","n/a"
"27 Feb 25","4.4926","4.0786","n/a","n/a","n/a","n/a"
"26 Feb 25","4.4807","4.0982","n/a","n/a","n/a","n/a"
"25 Feb 25","4.4716","4.0863","n/a","n/a","n/a","n/a"
"24 Feb 25","4.507","4.1281","n/a","n/a","n/a","n/a"
"21 Feb 25","4.5268","4.1623","n/a","n/a","n/a","n/a"
"20 Feb 25","4.5678","4.2019","n/a","n/a","n/a","n/a"
"19 Feb 25","4.5617","4.2007","n/a","n/a","n/a","n/a"
"18 Feb 25","4.5074","4.1407","n/a","n/a","n/a","n/a"
"17 Feb 25","4.5486","4.1035","n/a","n/a","n/a","n/a"
"14 Feb 25","4.5277","4.1025","n/a","n/a","n/a","n/a"
"13 Feb 25","4.5215","4.091","n/a","n/a","n/a","n/a"
"12 Feb 25","4.6001","4.1408","n/a","n/a","n/a","n/a"
"11 Feb 25","4.5046","4.1024","n/a","n/a","n/a","n/a"
"10 Feb 25","4.4255","4.0411","n/a","n/a","n/a","n/a"
"07 Feb 25","4.474","4.0302","n/a","n/a","n/a","n/a"
"06 Feb 25","4.4484","4.043","n/a","n/a","n/a","n/a"
"05 Feb 25","4.4172","3.9721","n/a","n/a","n/a","n/a"
"04 Feb 25","4.5483","4.1212","n/a","n/a","n/a","n/a"
"03 Feb 25","4.4932","4.0639","n/a","n/a","n/a","n/a"
"31 Jan 25","4.5072","4.1068","n/a","n/a","n/a","n/a"
"30 Jan 25","4.546","4.1493","n/a","n/a","n/a","n/a"
"29 Jan 25","4.6216","4.237","n/a","n/a","n/a","n/a"
"28 Jan 25","4.6468","4.2051","n/a","n/a","n/a","n/a"
"27 Jan 25","4.559","4.1529","n/a","n/a","n/a","n/a"
"24 Jan 25","4.6379","4.2337","n/a","n/a","n/a","n/a"
"23 Jan 25","4.6313","4.2317","n/a","n/a","n/a","n/a"
"22 Jan 25","4.5971","4.2269","n/a","n/a","n/a","n/a"
"21 Jan 25","4.5757","4.2219","n/a","n/a","n/a","n/a"
"20 Jan 25","4.6715","4.236","n/a","n/a","n/a","n/a"
"17 Jan 25","4.6424","4.2189","n/a","n/a","n/a","n/a"
"16 Jan 25","4.6908","4.2384","n/a","n/a","n/a","n/a"
"15 Jan 25","4.69","4.3222","n/a","n/a","n/a","n/a"
"14 Jan 25","4.9145","4.4838","n/a","n/a","n/a","n/a"
"13 Jan 25","4.8942","4.4746","n/a","n/a","n/a","n/a"
"10 Jan 25","4.86","4.4161","n/a","n/a","n/a","n/a"
"09 Jan 25","4.7733","4.3639","n/a","n/a","n/a","n/a"
"08 Jan 25","4.7974","4.3988","n/a","n/a","n/a","n/a"
"07 Jan 25","4.6231","4.2691","n/a","n/a","n/a","n/a"
"06 Jan 25","4.6299","4.2737","n/a","n/a","n/a","n/a"
"03 Jan 25","4.5325","4.2153","n/a","n/a","n/a","n/a"
"02 Jan 25","4.537","4.1994","n/a","n/a","n/a","n/a"
"31 Dec 24","4.5173","4.19","4.344","4.0562","4.5173","4.19"
"30 Dec 24","4.5943","4.2699","n/a","n/a","n/a","n/a"
"27 Dec 24","4.6013","4.2602","n/a","n/a","n/a","n/a"
"24 Dec 24","4.6342","4.2686","n/a","n/a","n/a","n/a"
"23 Dec 24","4.6032","4.2067","n/a","n/a","n/a","n/a"
"20 Dec 24","4.4847","4.1472","n/a","n/a","n/a","n/a"
"19 Dec 24","4.5329","4.2224","n/a","n/a","n/a","n/a"
"18 Dec 24","4.5226","4.2112","n/a","n/a","n/a","n/a"
"17 Dec 24","4.5202","4.244","n/a","n/a","n/a","n/a"
"16 Dec 24","4.4891","4.1631","n/a","n/a","n/a","n/a"
"13 Dec 24","4.4688","4.1292","n/a","n/a","n/a","n/a"
"12 Dec 24","4.3811","4.0701","n/a","n/a","n/a","n/a"
"11 Dec 24","4.3582","4.0588","n/a","n/a","n/a","n/a"
"10 Dec 24","4.3578","4.0681","n/a","n/a","n/a","n/a"
"09 Dec 24","4.2941","4.0207","n/a","n/a","n/a","n/a"
"06 Dec 24","4.3115","4.0464","n/a","n/a","n/a","n/a"
"05 Dec 24","4.2848","4.028","n/a","n/a","n/a","n/a"
"04 Dec 24","4.25","3.988","n/a","n/a","n/a","n/a"
"03 Dec 24","4.2491","3.9914","n/a","n/a","n/a","n/a"
"02 Dec 24","4.2344","3.9807","n/a","n/a","n/a","n/a"
"29 Nov 24","4.2484","3.9977","n/a","n/a","n/a","n/a"
"28 Nov 24","4.3204","4.0735","n/a","n/a","n/a","n/a"
"27 Nov 24","4.3207","4.0811","n/a","n/a","n/a","n/a"
"26 Nov 24","4.3263","4.0658","n/a","n/a","n/a","n/a"
"25 Nov 24","4.3471","4.0748","n/a","n/a","n/a","n/a"
"22 Nov 24","4.381","4.1098","n/a","n/a","n/a","n/a"
"21 Nov 24","4.4551","4.1684","n/a","n/a","n/a","n/a"
"20 Nov 24","4.4083","4.141","n/a","n/a","n/a","n/a"
"19 Nov 24","4.3753","4.1089","n/a","n/a","n/a","n/a"
"18 Nov 24","4.4288","4.1633","n/a","n/a","n/a","n/a"
"15 Nov 24","4.4432","4.1567","n/a","n/a","n/a","n/a"
"14 Nov 24","4.4628","4.1739","n/a","n/a","n/a","n/a"
"13 Nov 24","4.4651","4.2342","n/a","n/a","n/a","n/a"
"12 Nov 24","4.4213","4.1804","n/a","n/a","n/a","n/a"
"11 Nov 24","4.405","4.1366","n/a","n/a","n/a","n/a"
"08 Nov 24","4.4641","4.2101","n/a","n/a","n/a","n/a"
"07 Nov 24","4.478","4.1974","n/a","n/a","n/a","n/a"
"06 Nov 24","4.5408","4.2713","n/a","n/a","n/a","n/a"
"05 Nov 24","4.5527","4.3044","n/a","n/a","n/a","n/a"
"04 Nov 24","4.4607","4.1997","n/a","n/a","n/a","n/a"
"01 Nov 24","4.4395","4.1903","n/a","n/a","n/a","n/a"
"31 Oct 24","4.4102","4.169","n/a","n/a","n/a","n/a"
"30 Oct 24","4.3703","4.0982","n/a","n/a","n/a","n/a"
"29 Oct 24","4.2908","4.0092","n/a","n/a","n/a","n/a"
"28 Oct 24","4.2796","4.0244","n/a","n/a","n/a","n/a"
"25 Oct 24","4.2136","3.9051","n/a","n/a","n/a","n/a"
"24 Oct 24","4.261","3.9051","n/a","n/a","n/a","n/a"
"23 Oct 24","4.2608","3.9243","n/a","n/a","n/a","n/a"
"22 Oct 24","4.2009","3.8751","n/a","n/a","n/a","n/a"
"21 Oct 24","4.1684","3.8489","n/a","n/a","n/a","n/a"
"18 Oct 24","4.0974","3.7866","n/a","n/a","n/a","n/a"
"17 Oct 24","4.1734","3.8358","n/a","n/a","n/a","n/a"
"16 Oct 24","4.1143","3.8085","n/a","n/a","n/a","n/a"
"15 Oct 24","4.2284","3.9325","n/a","n/a","n/a","n/a"
"14 Oct 24","4.2651","3.923","n/a","n/a","n/a","n/a"
"11 Oct 24","4.2472","3.9459","n/a","n/a","n/a","n/a"
"10 Oct 24","4.2433","3.9469","n/a","n/a","n/a","n/a"
"09 Oct 24","4.1845","3.9095","n/a","n/a","n/a","n/a"
"08 Oct 24","4.1933","3.9242","n/a","n/a","n/a","n/a"
"07 Oct 24","4.2061","3.9496","n/a","n/a","n/a","n/a"
"04 Oct 24","4.1435","3.8813","n/a","n/a","n/a","n/a"
"03 Oct 24","4.0244","3.7262","n/a","n/a","n/a","n/a"
"02 Oct 24","4.0532","3.7767","n/a","n/a","n/a","n/a"
"01 Oct 24","3.9542","3.6838","n/a","n/a","n/a","n/a"
"30 Sep 24","4.0204","3.7386","4.0005","3.7822","4.0204","3.7386"
"27 Sep 24","4.0035","3.7107","n/a","n/a","n/a","n/a"
"26 Sep 24","3.9945","3.7027","n/a","n/a","n/a","n/a"
"25 Sep 24","3.9971","3.7167","n/a","n/a","n/a","n/a"
"24 Sep 24","3.9402","3.6598","n/a","n/a","n/a","n/a"
"23 Sep 24","3.9385","3.6628","n/a","n/a","n/a","n/a"
"20 Sep 24","3.921","3.6556","n/a","n/a","n/a","n/a"
"19 Sep 24","3.8943","3.6306","n/a","n/a","n/a","n/a"
"18 Sep 24","3.8563","3.6029","n/a","n/a","n/a","n/a"
"17 Sep 24","3.7818","3.5237","n/a","n/a","n/a","n/a"
"16 Sep 24","3.7659","3.4962","n/a","n/a","n/a","n/a"
"13 Sep 24","3.7809","3.5136","n/a","n/a","n/a","n/a"
"12 Sep 24","3.7912","3.5246","n/a","n/a","n/a","n/a"
"11 Sep 24","3.8418","3.5819","n/a","n/a","n/a","n/a"
"10 Sep 24","3.8418","3.5819","n/a","n/a","n/a","n/a"
"09 Sep 24","3.8708","3.6107","n/a","n/a","n/a","n/a"
"06 Sep 24","3.89","3.6532","n/a","n/a","n/a","n/a"
"05 Sep 24","3.9242","3.7002","n/a","n/a","n/a","n/a"
"04 Sep 24","3.9307","3.7097","n/a","n/a","n/a","n/a"
"03 Sep 24","3.9809","3.7673","n/a","n/a","n/a","n/a"
"02 Sep 24","4.045","3.8276","n/a","n/a","n/a","n/a"
"30 Aug 24","4.0003","3.792","n/a","n/a","n/a","n/a"
"29 Aug 24","4.0206","3.811","n/a","n/a","n/a","n/a"
"28 Aug 24","4.0012","3.7995","n/a","n/a","n/a","n/a"
"27 Aug 24","3.9956","3.7954","n/a","n/a","n/a","n/a"
"23 Aug 24","3.9324","3.7401","n/a","n/a","n/a","n/a"
"22 Aug 24","3.9831","3.7852","n/a","n/a","n/a","n/a"
"21 Aug 24","3.9218","3.7238","n/a","n/a","n/a","n/a"
"20 Aug 24","3.9352","3.737","n/a","n/a","n/a","n/a"
"19 Aug 24","3.9623","3.7609","n/a","n/a","n/a","n/a"
"16 Aug 24","3.9448","3.7332","n/a","n/a","n/a","n/a"
"15 Aug 24","3.9442","3.7165","n/a","n/a","n/a","n/a"
"14 Aug 24","3.8461","3.6124","n/a","n/a","n/a","n/a"
"13 Aug 24","3.9026","3.6629","n/a","n/a","n/a","n/a"
"12 Aug 24","3.9581","3.72","n/a","n/a","n/a","n/a"
"09 Aug 24","3.9588","3.717","n/a","n/a","n/a","n/a"
"08 Aug 24","3.9819","3.7354","n/a","n/a","n/a","n/a"
"07 Aug 24","3.9771","3.7303","n/a","n/a","n/a","n/a"
"06 Aug 24","3.9281","3.6915","n/a","n/a","n/a","n/a"
"05 Aug 24","3.8753","3.6301","n/a","n/a","n/a","n/a"
"02 Aug 24","3.8678","3.6244","n/a","n/a","n/a","n/a"
"01 Aug 24","3.8949","3.6694","n/a","n/a","n/a","n/a"
"31 Jul 24","4.0037","3.7857","n/a","n/a","n/a","n/a"
"30 Jul 24","4.0607","3.8499","n/a","n/a","n/a","n/a"
"29 Jul 24","4.0693","3.8574","n/a","n/a","n/a","n/a"
"26 Jul 24","4.1176","3.9027","n/a","n/a","n/a","n/a"
"25 Jul 24","4.1389","3.9248","n/a","n/a","n/a","n/a"
"24 Jul 24","4.1552","3.9505","n/a","n/a","n/a","n/a"
"23 Jul 24","4.1479","3.9678","n/a","n/a","n/a","n/a"
"22 Jul 24","4.1494","3.9761","n/a","n/a","n/a","n/a"
"19 Jul 24","4.1312","3.947","n/a","n/a","n/a","n/a"
"18 Jul 24","4.0583","3.8915","n/a","n/a","n/a","n/a"
"17 Jul 24","4.0936","3.9364","n/a","n/a","n/a","n/a"
"16 Jul 24","4.1175","3.9529","n/a","n/a","n/a","n/a"
"15 Jul 24","4.1175","3.9529","n/a","n/a","n/a","n/a"
"12 Jul 24","4.1311","3.9679","n/a","n/a","n/a","n/a"
"11 Jul 24","4.101","3.9284","n/a","n/a","n/a","n/a"
"10 Jul 24","4.1548","3.9959","n/a","n/a","n/a","n/a"
"09 Jul 24","4.1775","4.025","n/a","n/a","n/a","n/a"
"08 Jul 24","4.1303","3.9824","n/a","n/a","n/a","n/a"
"05 Jul 24","4.1607","3.9979","n/a","n/a","n/a","n/a"
"04 Jul 24","4.2293","4.0628","n/a","n/a","n/a","n/a"
"03 Jul 24","4.1797","4.0288","n/a","n/a","n/a","n/a"
"02 Jul 24","4.2688","4.0926","n/a","n/a","n/a","n/a"
"01 Jul 24","4.2941","4.1071","n/a","n/a","n/a","n/a"
"30 Jun 24","n/a","n/a","4.2021","4.0792","4.195","4.0484"
"28 Jun 24","4.195","4.0484","n/a","n/a","n/a","n/a"
"27 Jun 24","4.154","4.0242","n/a","n/a","n/a","n/a"
"26 Jun 24","4.1585","4.0252","n/a","n/a","n/a","n/a"
"25 Jun 24","4.0889","3.9523","n/a","n/a","n/a","n/a"
"24 Jun 24","4.1035","3.9599","n/a","n/a","n/a","n/a"
"21 Jun 24","4.0966","3.9446","n/a","n/a","n/a","n/a"
"20 Jun 24","4.0782","3.9249","n/a","n/a","n/a","n/a"
"19 Jun 24","4.0944","3.9614","n/a","n/a","n/a","n/a"
"18 Jun 24","4.0784","3.9487","n/a","n/a","n/a","n/a"
"17 Jun 24","4.1274","3.9987","n/a","n/a","n/a","n/a"
"14 Jun 24","4.0719","3.9513","n/a","n/a","n/a","n/a"
"13 Jun 24","4.1686","4.0392","n/a","n/a","n/a","n/a"
"12 Jun 24","4.1569","4.0275","n/a","n/a","n/a","n/a"
"11 Jun 24","4.2883","4.1499","n/a","n/a","n/a","n/a"
"10 Jun 24","4.3348","4.2067","n/a","n/a","n/a","n/a"
"07 Jun 24","4.2688","4.1658","n/a","n/a","n/a","n/a"
"06 Jun 24","4.1856","4.0832","n/a","n/a","n/a","n/a"
"05 Jun 24","4.1979","4.1116","n/a","n/a","n/a","n/a"
"04 Jun 24","4.1956","4.1056","n/a","n/a","n/a","n/a"
"03 Jun 24","4.2443","4.1381","n/a","n/a","n/a","n/a"
"31 May 24","4.3167","4.2045","n/a","n/a","n/a","n/a"
"30 May 24","4.3743","4.2581","n/a","n/a","n/a","n/a"
"29 May 24","4.3995","4.2947","n/a","n/a","n/a","n/a"
"28 May 24","4.2698","4.1845","n/a","n/a","n/a","n/a"
"24 May 24","4.2698","4.1845","n/a","n/a","n/a","n/a"
"23 May 24","4.2736","4.1931","n/a","n/a","n/a","n/a"
"22 May 24","4.2405","4.1411","n/a","n/a","n/a","n/a"
"21 May 24","4.1598","4.0323","n/a","n/a","n/a","n/a"
"20 May 24","4.1824","4.0549","n/a","n/a","n/a","n/a"
"17 May 24","4.1386","4.0149","n/a","n/a","n/a","n/a"
"16 May 24","4.0711","3.9473","n/a","n/a","n/a","n/a"
"15 May 24","4.0747","3.9481","n/a","n/a","n/a","n/a"
"14 May 24","4.1769","4.0444","n/a","n/a","n/a","n/a"
"13 May 24","4.1771","4.0434","n/a","n/a","n/a","n/a"
"10 May 24","4.1754","4.0392","n/a","n/a","n/a","n/a"
"09 May 24","4.1521","4.0081","n/a","n/a","n/a","n/a"
"08 May 24","4.1425","4.0225","n/a","n/a","n/a","n/a"
"07 May 24","4.1436","4.0271","n/a","n/a","n/a","n/a"
"03 May 24","4.249","4.1202","n/a","n/a","n/a","n/a"
"02 May 24","4.3113","4.1927","n/a","n/a","n/a","n/a"
"01 May 24","4.3822","4.2797","n/a","n/a","n/a","n/a"
"30 Apr 24","4.3695","4.2681","n/a","n/a","n/a","n/a"
"29 Apr 24","4.2977","4.1927","n/a","n/a","n/a","n/a"
"26 Apr 24","4.3357","4.2328","n/a","n/a","n/a","n/a"
"25 Apr 24","4.3694","4.2537","n/a","n/a","n/a","n/a"
"24 Apr 24","4.342","4.2191","n/a","n/a","n/a","n/a"
"23 Apr 24","4.265","4.1336","n/a","n/a","n/a","n/a"
"22 Apr 24","4.2162","4.0789","n/a","n/a","n/a","n/a"
"19 Apr 24","4.263","4.1403","n/a","n/a","n/a","n/a"
"18 Apr 24","4.2757","4.1797","n/a","n/a","n/a","n/a"
"17 Apr 24","4.2944","4.2064","n/a","n/a","n/a","n/a"
"16 Apr 24","4.3113","4.2054","n/a","n/a","n/a","n/a"
"15 Apr 24","4.2591","4.1383","n/a","n/a","n/a","n/a"
"12 Apr 24","4.1494","4.0391","n/a","n/a","n/a","n/a"
"11 Apr 24","4.2332","4.1199","n/a","n/a","n/a","n/a"
"10 Apr 24","4.1474","4.0287","n/a","n/a","n/a","n/a"
"09 Apr 24","4.0415","3.8967","n/a","n/a","n/a","n/a"
"08 Apr 24","4.1025","3.9459","n/a","n/a","n/a","n/a"
"05 Apr 24","4.0858","3.9226","n/a","n/a","n/a","n/a"
"04 Apr 24","4.0247","3.8628","n/a","n/a","n/a","n/a"
"03 Apr 24","4.0837","3.9151","n/a","n/a","n/a","n/a"
"02 Apr 24","4.0942","3.9285","n/a","n/a","n/a","n/a"
"31 Mar 24","n/a","n/a","4.0277","3.8462","3.9457","3.802"
"28 Mar 24","3.9457","3.802","n/a","n/a","n/a","n/a"
"27 Mar 24","3.9611","3.8102","n/a","n/a","n/a","n/a"
"26 Mar 24","3.99","3.8422","n/a","n/a","n/a","n/a"
"25 Mar 24","4.0112","3.8541","n/a","n/a","n/a","n/a"
"22 Mar 24","3.9608","3.7983","n/a","n/a","n/a","n/a"
"21 Mar 24","4.0071","3.8472","n/a","n/a","n/a","n/a"
"20 Mar 24","4.0677","3.939","n/a","n/a","n/a","n/a"
"19 Mar 24","4.0677","3.939","n/a","n/a","n/a","n/a"
"18 Mar 24","4.1006","3.986","n/a","n/a","n/a","n/a"
"15 Mar 24","4.1124","4.0023","n/a","n/a","n/a","n/a"
"14 Mar 24","4.0972","3.982","n/a","n/a","n/a","n/a"
"13 Mar 24","4.0294","3.9177","n/a","n/a","n/a","n/a"
"12 Mar 24","3.9679","3.8582","n/a","n/a","n/a","n/a"
"11 Mar 24","3.9892","3.8891","n/a","n/a","n/a","n/a"
"08 Mar 24","4.0021","3.9119","n/a","n/a","n/a","n/a"
"07 Mar 24","4.0278","3.957","n/a","n/a","n/a","n/a"
"06 Mar 24","4.0295","3.937","n/a","n/a","n/a","n/a"
"05 Mar 24","4.0299","3.9438","n/a","n/a","n/a","n/a"
"04 Mar 24","4.1482","4.0416","n/a","n/a","n/a","n/a"
"01 Mar 24","4.115","3.9933","n/a","n/a","n/a","n/a"
"29 Feb 24","4.1372","4.0167","n/a","n/a","n/a","n/a"
"28 Feb 24","4.2013","4.0702","n/a","n/a","n/a","n/a"
"27 Feb 24","4.1943","4.0526","n/a","n/a","n/a","n/a"
"26 Feb 24","4.1553","4.0067","n/a","n/a","n/a","n/a"
"23 Feb 24","4.1331","3.9761","n/a","n/a","n/a","n/a"
"22 Feb 24","4.1682","4.0193","n/a","n/a","n/a","n/a"
"21 Feb 24","4.1651","4.0099","n/a","n/a","n/a","n/a"
"20 Feb 24","4.1306","3.9654","n/a","n/a","n/a","n/a"
"19 Feb 24","4.1867","4.0326","n/a","n/a","n/a","n/a"
"16 Feb 24","4.1806","4.0267","n/a","n/a","n/a","n/a"
"15 Feb 24","4.1236","3.9613","n/a","n/a","n/a","n/a"
"14 Feb 24","4.1318","3.9762","n/a","n/a","n/a","n/a"
"13 Feb 24","4.2087","4.0739","n/a","n/a","n/a","n/a"
"12 Feb 24","4.141","3.9771","n/a","n/a","n/a","n/a"
"09 Feb 24","4.1612","4.0043","n/a","n/a","n/a","n/a"
"08 Feb 24","4.1214","3.9426","n/a","n/a","n/a","n/a"
"07 Feb 24","4.048","3.8582","n/a","n/a","n/a","n/a"
"06 Feb 24","4.0315","3.8435","n/a","n/a","n/a","n/a"
"05 Feb 24","4.1197","3.924","n/a","n/a","n/a","n/a"
"02 Feb 24","4.0066","3.7974","n/a","n/a","n/a","n/a"
"01 Feb 24","3.8379","3.5893","n/a","n/a","n/a","n/a"
"31 Jan 24","3.8953","3.6427","n/a","n/a","n/a","n/a"
"30 Jan 24","4.0065","3.7744","n/a","n/a","n/a","n/a"
"29 Jan 24","3.9961","3.7449","n/a","n/a","n/a","n/a"
"26 Jan 24","4.0613","3.8075","n/a","n/a","n/a","n/a"
"25 Jan 24","4.0581","3.8165","n/a","n/a","n/a","n/a"
"24 Jan 24","4.086","3.8551","n/a","n/a","n/a","n/a"
"23 Jan 24","4.0587","3.8221","n/a","n/a","n/a","n/a"
"22 Jan 24","3.9756","3.7238","n/a","n/a","n/a","n/a"
"19 Jan 24","3.9969","3.7429","n/a","n/a","n/a","n/a"
"18 Jan 24","4.0123","3.7449","n/a","n/a","n/a","n/a"
"17 Jan 24","4.0473","3.7898","n/a","n/a","n/a","n/a"
"16 Jan 24","3.89","3.5936","n/a","n/a","n/a","n/a"
"15 Jan 24","3.8809","3.5976","n/a","n/a","n/a","n/a"
"12 Jan 24","3.8792","3.5995","n/a","n/a","n/a","n/a"
"11 Jan 24","3.9213","3.6742","n/a","n/a","n/a","n/a"
"10 Jan 24","3.8839","3.6441","n/a","n/a","n/a","n/a"
"09 Jan 24","3.868","3.6354","n/a","n/a","n/a","n/a"
"08 Jan 24","3.8619","3.6292","n/a","n/a","n/a","n/a"
"05 Jan 24","3.8398","3.6067","n/a","n/a","n/a","n/a"
"04 Jan 24","3.8006","3.5496","n/a","n/a","n/a","n/a"
"03 Jan 24","3.7638","3.5003","n/a","n/a","n/a","n/a"
"02 Jan 24","3.719","3.443","n/a","n/a","n/a","n/a"
"31 Dec 23","n/a","n/a","4.2523","4.0958","3.6206","3.3583"
"29 Dec 23","3.6206","3.3583","n/a","n/a","n/a","n/a"
"28 Dec 23","3.5644","3.3234","n/a","n/a","n/a","n/a"
"27 Dec 23","3.529","3.3066","n/a","n/a","n/a","n/a"
"22 Dec 23","3.5781","3.3599","n/a","n/a","n/a","n/a"
"21 Dec 23","3.6043","3.3945","n/a","n/a","n/a","n/a"
"20 Dec 23","3.6198","3.4296","n/a","n/a","n/a","n/a"
"19 Dec 23","3.7117","3.564","n/a","n/a","n/a","n/a"
"18 Dec 23","3.7671","3.633","n/a","n/a","n/a","n/a"
"15 Dec 23","3.7717","3.628","n/a","n/a","n/a","n/a"
"14 Dec 23","3.8529","3.6934","n/a","n/a","n/a","n/a"
"13 Dec 23","3.905","3.7632","n/a","n/a","n/a","n/a"
"12 Dec 23","4.0396","3.9099","n/a","n/a","n/a","n/a"
"11 Dec 23","4.1428","4.0203","n/a","n/a","n/a","n/a"
"08 Dec 23","4.0826","3.9571","n/a","n/a","n/a","n/a"
"07 Dec 23","4.0406","3.9146","n/a","n/a","n/a","n/a"
"06 Dec 23","4.0264","3.8956","n/a","n/a","n/a","n/a"
"05 Dec 23","4.0844","3.927","n/a","n/a","n/a","n/a"
"04 Dec 23","4.2329","4.0647","n/a","n/a","n/a","n/a"
"01 Dec 23","4.2074","4.0254","n/a","n/a","n/a","n/a"
"30 Nov 23","4.2231","4.0655","n/a","n/a","n/a","n/a"
"29 Nov 23","4.1444","3.9927","n/a","n/a","n/a","n/a"
"28 Nov 23","4.2197","4.0899","n/a","n/a","n/a","n/a"
"27 Nov 23","4.2654","4.1387","n/a","n/a","n/a","n/a"
"24 Nov 23","4.3417","4.2165","n/a","n/a","n/a","n/a"
"23 Nov 23","4.2939","4.1779","n/a","n/a","n/a","n/a"
"22 Nov 23","4.2136","4.0818","n/a","n/a","n/a","n/a"
"21 Nov 23","4.1437","4.0172","n/a","n/a","n/a","n/a"
"20 Nov 23","4.1596","4.0157","n/a","n/a","n/a","n/a"
"17 Nov 23","4.1488","4.0131","n/a","n/a","n/a","n/a"
"16 Nov 23","4.1533","4.0019","n/a","n/a","n/a","n/a"
"15 Nov 23","4.238","4.0943","n/a","n/a","n/a","n/a"
"14 Nov 23","4.1922","4.0567","n/a","n/a","n/a","n/a"
"13 Nov 23","4.359","4.213","n/a","n/a","n/a","n/a"
"10 Nov 23","4.3515","4.1918","n/a","n/a","n/a","n/a"
"09 Nov 23","4.3025","4.1383","n/a","n/a","n/a","n/a"
"08 Nov 23","4.2757","4.1217","n/a","n/a","n/a","n/a"
"07 Nov 23","4.3113","4.1397","n/a","n/a","n/a","n/a"
"06 Nov 23","4.3941","4.2134","n/a","n/a","n/a","n/a"
"03 Nov 23","4.3283","4.157","n/a","n/a","n/a","n/a"
"02 Nov 23","4.4154","4.2344","n/a","n/a","n/a","n/a"
"01 Nov 23","4.5103","4.3287","n/a","n/a","n/a","n/a"
"31 Oct 23","4.5325","4.3555","n/a","n/a","n/a","n/a"
"30 Oct 23","4.5826","4.3919","n/a","n/a","n/a","n/a"
"27 Oct 23","4.6118","4.4276","n/a","n/a","n/a","n/a"
"26 Oct 23","4.6118","4.4276","n/a","n/a","n/a","n/a"
"25 Oct 23","4.6212","4.4525","n/a","n/a","n/a","n/a"
"24 Oct 23","4.5809","4.4115","n/a","n/a","n/a","n/a"
"23 Oct 23","4.633","4.4555","n/a","n/a","n/a","n/a"
"20 Oct 23","4.6724","4.4891","n/a","n/a","n/a","n/a"
"19 Oct 23","4.7012","4.5656","n/a","n/a","n/a","n/a"
"18 Oct 23","4.6723","4.5599","n/a","n/a","n/a","n/a"
"17 Oct 23","4.5556","4.419","n/a","n/a","n/a","n/a"
"16 Oct 23","4.5153","4.3931","n/a","n/a","n/a","n/a"
"13 Oct 23","4.4346","4.3204","n/a","n/a","n/a","n/a"
"12 Oct 23","4.4493","4.3283","n/a","n/a","n/a","n/a"
"11 Oct 23","4.3655","4.247","n/a","n/a","n/a","n/a"
"10 Oct 23","4.4739","4.3042","n/a","n/a","n/a","n/a"
"09 Oct 23","4.5254","4.3519","n/a","n/a","n/a","n/a"
"06 Oct 23","4.6205","4.4536","n/a","n/a","n/a","n/a"
"05 Oct 23","4.567","4.4126","n/a","n/a","n/a","n/a"
"04 Oct 23","4.6232","4.4887","n/a","n/a","n/a","n/a"
"03 Oct 23","4.6061","4.4696","n/a","n/a","n/a","n/a"
"02 Oct 23","4.5728","4.4393","n/a","n/a","n/a","n/a"
"30 Sep 23","n/a","n/a","4.4634","4.5428","4.4498","4.327"
"29 Sep 23","4.4498","4.327","n/a","n/a","n/a","n/a"
"28 Sep 23","4.5662","4.4636","n/a","n/a","n/a","n/a"
"27 Sep 23","4.3831","4.2808","n/a","n/a","n/a","n/a"
"26 Sep 23","4.3557","4.2196","n/a","n/a","n/a","n/a"
"25 Sep 23","4.3514","4.2222","n/a","n/a","n/a","n/a"
"22 Sep 23","4.2906","4.193","n/a","n/a","n/a","n/a"
"21 Sep 23","4.3153","4.2304","n/a","n/a","n/a","n/a"
"20 Sep 23","4.2705","4.2006","n/a","n/a","n/a","n/a"
"19 Sep 23","4.3797","4.3437","n/a","n/a","n/a","n/a"
"18 Sep 23","4.4253","4.3952","n/a","n/a","n/a","n/a"
"15 Sep 23","4.3755","4.3449","n/a","n/a","n/a","n/a"
"14 Sep 23","4.2978","4.2825","n/a","n/a","n/a","n/a"
"13 Sep 23","4.3803","4.3688","n/a","n/a","n/a","n/a"
"12 Sep 23","4.4523","4.4411","n/a","n/a","n/a","n/a"
"11 Sep 23","4.5158","4.4992","n/a","n/a","n/a","n/a"
"08 Sep 23","4.4474","4.439","n/a","n/a","n/a","n/a"
"07 Sep 23","4.5045","4.5148","n/a","n/a","n/a","n/a"
"06 Sep 23","4.5773","4.61","n/a","n/a","n/a","n/a"
"05 Sep 23","4.5423","4.583","n/a","n/a","n/a","n/a"
"04 Sep 23","4.4995","4.5301","n/a","n/a","n/a","n/a"
"01 Sep 23","4.4383","4.4781","n/a","n/a","n/a","n/a"
"31 Aug 23","4.3927","4.4534","n/a","n/a","n/a","n/a"
"30 Aug 23","4.462","4.5325","n/a","n/a","n/a","n/a"
"29 Aug 23","4.4828","4.567","n/a","n/a","n/a","n/a"
"25 Aug 23","4.4991","4.6011","n/a","n/a","n/a","n/a"
"24 Aug 23","4.4694","4.5517","n/a","n/a","n/a","n/a"
"23 Aug 23","4.5148","4.5797","n/a","n/a","n/a","n/a"
"22 Aug 23","4.7039","4.7844","n/a","n/a","n/a","n/a"
"21 Aug 23","4.7603","4.84","n/a","n/a","n/a","n/a"
"18 Aug 23","4.7151","4.7944","n/a","n/a","n/a","n/a"
"17 Aug 23","4.7501","4.8321","n/a","n/a","n/a","n/a"
"16 Aug 23","4.6545","4.7365","n/a","n/a","n/a","n/a"
"15 Aug 23","4.6272","4.7136","n/a","n/a","n/a","n/a"
"14 Aug 23","4.5957","4.688","n/a","n/a","n/a","n/a"
"11 Aug 23","4.5557","4.6299","n/a","n/a","n/a","n/a"
"10 Aug 23","4.4037","4.4853","n/a","n/a","n/a","n/a"
"09 Aug 23","4.4165","4.5106","n/a","n/a","n/a","n/a"
"08 Aug 23","4.4208","4.512","n/a","n/a","n/a","n/a"
"07 Aug 23","4.4674","4.5233","n/a","n/a","n/a","n/a"
"04 Aug 23","4.4311","4.5157","n/a","n/a","n/a","n/a"
"03 Aug 23","4.4868","4.559","n/a","n/a","n/a","n/a"
"02 Aug 23","4.4258","4.5449","n/a","n/a","n/a","n/a"
"01 Aug 23","4.421","4.5625","n/a","n/a","n/a","n/a"
"31 Jul 23","4.2896","4.4359","n/a","n/a","n/a","n/a"
"28 Jul 23","4.344","4.4788","n/a","n/a","n/a","n/a"
"27 Jul 23","4.305","4.4412","n/a","n/a","n/a","n/a"
"26 Jul 23","4.3072","4.4661","n/a","n/a","n/a","n/a"
"25 Jul 23","4.3024","4.4459","n/a","n/a","n/a","n/a"
"24 Jul 23","4.2825","4.4177","n/a","n/a","n/a","n/a"
"21 Jul 23","4.2975","4.4399","n/a","n/a","n/a","n/a"
"20 Jul 23","4.3007","4.455","n/a","n/a","n/a","n/a"
"19 Jul 23","4.2306","4.3673","n/a","n/a","n/a","n/a"
"18 Jul 23","4.3623","4.5076","n/a","n/a","n/a","n/a"
"17 Jul 23","4.4673","4.6125","n/a","n/a","n/a","n/a"
"14 Jul 23","4.4621","4.6434","n/a","n/a","n/a","n/a"
"13 Jul 23","4.4953","4.6735","n/a","n/a","n/a","n/a"
"12 Jul 23","4.5878","4.7782","n/a","n/a","n/a","n/a"
"11 Jul 23","4.6843","4.9276","n/a","n/a","n/a","n/a"
"10 Jul 23","4.6674","4.9069","n/a","n/a","n/a","n/a"
"07 Jul 23","4.6646","4.9099","n/a","n/a","n/a","n/a"
"06 Jul 23","4.6799","4.9669","n/a","n/a","n/a","n/a"
"05 Jul 23","4.5199","4.8299","n/a","n/a","n/a","n/a"
"04 Jul 23","4.4491","4.7638","n/a","n/a","n/a","n/a"
"03 Jul 23","4.4811","4.7867","n/a","n/a","n/a","n/a"
"30 Jun 23","4.4449","4.7289","4.0166","4.0166","4.4449","4.7289"
"29 Jun 23","4.4341","4.6804","n/a","n/a","n/a","n/a"
"28 Jun 23","4.3958","4.6485","n/a","n/a","n/a","n/a"
"27 Jun 23","4.4337","4.7265","n/a","n/a","n/a","n/a"
"26 Jun 23","4.3777","4.6144","n/a","n/a","n/a","n/a"
"23 Jun 23","4.37","4.6035","n/a","n/a","n/a","n/a"
"22 Jun 23","4.4193","4.6257","n/a","n/a","n/a","n/a"
"21 Jun 23","4.4482","4.6385","n/a","n/a","n/a","n/a"
"20 Jun 23","4.3786","4.558","n/a","n/a","n/a","n/a"
"19 Jun 23","4.5267","4.7207","n/a","n/a","n/a","n/a"
"16 Jun 23","4.4715","4.6288","n/a","n/a","n/a","n/a"
"15 Jun 23","4.4456","4.5956","n/a","n/a","n/a","n/a"
"14 Jun 23","4.4018","4.5606","n/a","n/a","n/a","n/a"
"13 Jun 23","4.4584","4.5588","n/a","n/a","n/a","n/a"
"12 Jun 23","4.3579","4.4147","n/a","n/a","n/a","n/a"
"09 Jun 23","4.2633","4.3141","n/a","n/a","n/a","n/a"
"08 Jun 23","4.2854","4.3206","n/a","n/a","n/a","n/a"
"07 Jun 23","4.3165","4.3602","n/a","n/a","n/a","n/a"
"06 Jun 23","4.2429","4.2866","n/a","n/a","n/a","n/a"
"05 Jun 23","4.2411","4.2656","n/a","n/a","n/a","n/a"
"02 Jun 23","4.1789","4.1866","n/a","n/a","n/a","n/a"
"01 Jun 23","4.1576","4.1508","n/a","n/a","n/a","n/a"
"31 May 23","4.2038","4.1915","n/a","n/a","n/a","n/a"
"30 May 23","4.2606","4.2688","n/a","n/a","n/a","n/a"
"26 May 23","4.3826","4.3806","n/a","n/a","n/a","n/a"
"25 May 23","4.3896","4.397","n/a","n/a","n/a","n/a"
"24 May 23","4.2216","4.2065","n/a","n/a","n/a","n/a"
"23 May 23","4.1785","4.0861","n/a","n/a","n/a","n/a"
"22 May 23","4.0602","3.9678","n/a","n/a","n/a","n/a"
"19 May 23","4.0193","3.907","n/a","n/a","n/a","n/a"
"18 May 23","3.9734","3.863","n/a","n/a","n/a","n/a"
"17 May 23","3.8432","3.7333","n/a","n/a","n/a","n/a"
"16 May 23","3.8295","3.7047","n/a","n/a","n/a","n/a"
"15 May 23","3.8303","3.711","n/a","n/a","n/a","n/a"
"12 May 23","3.7868","3.6728","n/a","n/a","n/a","n/a"
"11 May 23","3.7306","3.6219","n/a","n/a","n/a","n/a"
"10 May 23","3.8051","3.7072","n/a","n/a","n/a","n/a"
"09 May 23","3.8395","3.7361","n/a","n/a","n/a","n/a"
"05 May 23","3.7809","3.6677","n/a","n/a","n/a","n/a"
"04 May 23","3.6973","3.5891","n/a","n/a","n/a","n/a"
"03 May 23","3.7164","3.6386","n/a","n/a","n/a","n/a"
"02 May 23","3.693","3.6145","n/a","n/a","n/a","n/a"
"28 Apr 23","3.7415","3.6678","n/a","n/a","n/a","n/a"
"27 Apr 23","3.8013","3.7179","n/a","n/a","n/a","n/a"
"26 Apr 23","3.7166","3.6386","n/a","n/a","n/a","n/a"
"25 Apr 23","3.7002","3.6354","n/a","n/a","n/a","n/a"
"24 Apr 23","3.7719","3.7107","n/a","n/a","n/a","n/a"
"21 Apr 23","3.7758","3.7128","n/a","n/a","n/a","n/a"
"20 Apr 23","3.7879","3.7202","n/a","n/a","n/a","n/a"
"19 Apr 23","3.8576","3.7941","n/a","n/a","n/a","n/a"
"18 Apr 23","3.7417","3.6505","n/a","n/a","n/a","n/a"
"17 Apr 23","3.6992","3.5911","n/a","n/a","n/a","n/a"
"14 Apr 23","3.6561","3.5584","n/a","n/a","n/a","n/a"
"13 Apr 23","3.5676","3.4572","n/a","n/a","n/a","n/a"
"12 Apr 23","3.5676","3.4716","n/a","n/a","n/a","n/a"
"11 Apr 23","3.5441","3.4482","n/a","n/a","n/a","n/a"
"06 Apr 23","3.4481","3.341","n/a","n/a","n/a","n/a"
"05 Apr 23","3.4542","3.3387","n/a","n/a","n/a","n/a"
"04 Apr 23","3.4485","3.3485","n/a","n/a","n/a","n/a"
"03 Apr 23","3.4249","3.3415","n/a","n/a","n/a","n/a"
"31 Mar 23","3.5401","3.4538","3.544","3.3715","3.5401","3.4538"
"30 Mar 23","3.5277","3.437","n/a","n/a","n/a","n/a"
"29 Mar 23","3.4694","3.365","n/a","n/a","n/a","n/a"
"28 Mar 23","3.4706","3.342","n/a","n/a","n/a","n/a"
"27 Mar 23","3.3929","3.2666","n/a","n/a","n/a","n/a"
"24 Mar 23","3.3066","3.1608","n/a","n/a","n/a","n/a"
"23 Mar 23","3.3916","3.2515","n/a","n/a","n/a","n/a"
"22 Mar 23","3.5102","3.4301","n/a","n/a","n/a","n/a"
"21 Mar 23","3.4058","3.2558","n/a","n/a","n/a","n/a"
"20 Mar 23","3.3627","3.2049","n/a","n/a","n/a","n/a"
"17 Mar 23","3.3148","3.1866","n/a","n/a","n/a","n/a"
"16 Mar 23","3.4036","3.305","n/a","n/a","n/a","n/a"
"15 Mar 23","3.3824","3.2793","n/a","n/a","n/a","n/a"
"14 Mar 23","3.5495","3.4632","n/a","n/a","n/a","n/a"
"13 Mar 23","3.4304","3.3287","n/a","n/a","n/a","n/a"
"10 Mar 23","3.6342","3.5546","n/a","n/a","n/a","n/a"
"09 Mar 23","3.8121","3.7558","n/a","n/a","n/a","n/a"
"08 Mar 23","3.7666","3.7162","n/a","n/a","n/a","n/a"
"07 Mar 23","3.8398","3.7636","n/a","n/a","n/a","n/a"
"06 Mar 23","3.8515","3.744","n/a","n/a","n/a","n/a"
"03 Mar 23","3.873","3.7353","n/a","n/a","n/a","n/a"
"02 Mar 23","3.8812","3.727","n/a","n/a","n/a","n/a"
"01 Mar 23","3.8512","3.7116","n/a","n/a","n/a","n/a"
"28 Feb 23","3.86","3.718","n/a","n/a","n/a","n/a"
"27 Feb 23","3.8442","3.7114","n/a","n/a","n/a","n/a"
"24 Feb 23","3.7898","3.634","n/a","n/a","n/a","n/a"
"23 Feb 23","3.7413","3.5252","n/a","n/a","n/a","n/a"
"22 Feb 23","3.7354","3.5418","n/a","n/a","n/a","n/a"
"21 Feb 23","3.7147","3.5176","n/a","n/a","n/a","n/a"
"20 Feb 23","3.5627","3.3702","n/a","n/a","n/a","n/a"
"17 Feb 23","3.6325","3.4338","n/a","n/a","n/a","n/a"
"16 Feb 23","3.6119","3.3916","n/a","n/a","n/a","n/a"
"15 Feb 23","3.5844","3.376","n/a","n/a","n/a","n/a"
"14 Feb 23","3.5784","3.414","n/a","n/a","n/a","n/a"
"13 Feb 23","3.5225","3.3475","n/a","n/a","n/a","n/a"
"10 Feb 23","3.5246","3.3105","n/a","n/a","n/a","n/a"
"09 Feb 23","3.4292","3.1909","n/a","n/a","n/a","n/a"
"08 Feb 23","3.4376","3.1599","n/a","n/a","n/a","n/a"
"07 Feb 23","3.4225","3.1962","n/a","n/a","n/a","n/a"
"06 Feb 23","3.3542","3.1141","n/a","n/a","n/a","n/a"
"03 Feb 23","3.1815","2.9187","n/a","n/a","n/a","n/a"
"02 Feb 23","3.1376","2.8648","n/a","n/a","n/a","n/a"
"01 Feb 23","3.44","3.2087","n/a","n/a","n/a","n/a"
"31 Jan 23","3.4598","3.2127","n/a","n/a","n/a","n/a"
"30 Jan 23","3.458","3.2297","n/a","n/a","n/a","n/a"
"27 Jan 23","3.4557","3.2248","n/a","n/a","n/a","n/a"
"26 Jan 23","3.4346","3.1645","n/a","n/a","n/a","n/a"
"25 Jan 23","3.3902","3.1626","n/a","n/a","n/a","n/a"
"24 Jan 23","3.3848","3.1723","n/a","n/a","n/a","n/a"
"23 Jan 23","3.443","3.2572","n/a","n/a","n/a","n/a"
"20 Jan 23","3.4377","3.2501","n/a","n/a","n/a","n/a"
"19 Jan 23","3.42","3.2697","n/a","n/a","n/a","n/a"
"18 Jan 23","3.4145","3.234","n/a","n/a","n/a","n/a"
"17 Jan 23","3.453","3.2577","n/a","n/a","n/a","n/a"
"16 Jan 23","3.4679","3.2867","n/a","n/a","n/a","n/a"
"13 Jan 23","3.464","3.2481","n/a","n/a","n/a","n/a"
"12 Jan 23","3.466","3.2494","n/a","n/a","n/a","n/a"
"11 Jan 23","3.5294","3.2673","n/a","n/a","n/a","n/a"
"10 Jan 23","3.6947","3.4363","n/a","n/a","n/a","n/a"
"09 Jan 23","3.6674","3.4846","n/a","n/a","n/a","n/a"
"06 Jan 23","3.5892","3.3857","n/a","n/a","n/a","n/a"
"05 Jan 23","3.6752","3.4889","n/a","n/a","n/a","n/a"
"04 Jan 23","3.6502","3.4989","n/a","n/a","n/a","n/a"
"03 Jan 23","3.7856","3.6122","n/a","n/a","n/a","n/a"
"31 Dec 22","n/a","n/a","3.6747","3.5083","3.7992","3.6208"
"30 Dec 22","3.7992","3.6208","n/a","n/a","n/a","n/a"
"29 Dec 22","3.8278","3.6471","n/a","n/a","n/a","n/a"
"28 Dec 22","3.8195","3.6456","n/a","n/a","n/a","n/a"
"23 Dec 22","3.773","3.6259","n/a","n/a","n/a","n/a"
"22 Dec 22","3.7436","3.606","n/a","n/a","n/a","n/a"
"21 Dec 22","3.6692","3.5249","n/a","n/a","n/a","n/a"
"20 Dec 22","3.7051","3.5576","n/a","n/a","n/a","n/a"
"19 Dec 22","3.5826","3.4308","n/a","n/a","n/a","n/a"
"16 Dec 22","3.4544","3.3083","n/a","n/a","n/a","n/a"
"15 Dec 22","3.3882","3.2039","n/a","n/a","n/a","n/a"
"14 Dec 22","3.4314","3.2699","n/a","n/a","n/a","n/a"
"13 Dec 22","3.4198","3.2937","n/a","n/a","n/a","n/a"
"12 Dec 22","3.3663","3.2296","n/a","n/a","n/a","n/a"
"09 Dec 22","3.3567","3.2078","n/a","n/a","n/a","n/a"
"08 Dec 22","3.2983","3.1623","n/a","n/a","n/a","n/a"
"07 Dec 22","3.2179","3.1054","n/a","n/a","n/a","n/a"
"06 Dec 22","3.2571","3.1706","n/a","n/a","n/a","n/a"
"05 Dec 22","3.3315","3.2671","n/a","n/a","n/a","n/a"
"02 Dec 22","3.3303","3.2132","n/a","n/a","n/a","n/a"
"01 Dec 22","3.2583","3.1731","n/a","n/a","n/a","n/a"
"30 Nov 22","3.3672","3.2038","n/a","n/a","n/a","n/a"
"29 Nov 22","3.2923","3.1164","n/a","n/a","n/a","n/a"
"28 Nov 22","3.252","3.1678","n/a","n/a","n/a","n/a"
"25 Nov 22","3.2644","3.1864","n/a","n/a","n/a","n/a"
"24 Nov 22","3.1731","3.092","n/a","n/a","n/a","n/a"
"23 Nov 22","3.1449","3.069","n/a","n/a","n/a","n/a"
"22 Nov 22","3.2704","3.144","n/a","n/a","n/a","n/a"
"21 Nov 22","3.305","3.186","n/a","n/a","n/a","n/a"
"18 Nov 22","3.359","3.2079","n/a","n/a","n/a","n/a"
"17 Nov 22","3.3225","3.161","n/a","n/a","n/a","n/a"
"16 Nov 22","3.2716","3.0979","n/a","n/a","n/a","n/a"
"15 Nov 22","3.4295","3.2339","n/a","n/a","n/a","n/a"
"14 Nov 22","3.4704","3.2742","n/a","n/a","n/a","n/a"
"11 Nov 22","3.472","3.2801","n/a","n/a","n/a","n/a"
"10 Nov 22","3.39","3.2094","n/a","n/a","n/a","n/a"
"09 Nov 22","3.5587","3.3681","n/a","n/a","n/a","n/a"
"08 Nov 22","3.6612","3.4184","n/a","n/a","n/a","n/a"
"07 Nov 22","3.7266","3.4411","n/a","n/a","n/a","n/a"
"04 Nov 22","3.6542","3.337","n/a","n/a","n/a","n/a"
"03 Nov 22","3.6192","3.32","n/a","n/a","n/a","n/a"
"02 Nov 22","3.5617","3.2929","n/a","n/a","n/a","n/a"
"01 Nov 22","3.6095","3.3863","n/a","n/a","n/a","n/a"
"31 Oct 22","3.6952","3.5365","n/a","n/a","n/a","n/a"
"28 Oct 22","3.5973","3.408","n/a","n/a","n/a","n/a"
"27 Oct 22","3.6242","3.4226","n/a","n/a","n/a","n/a"
"26 Oct 22","3.7345","3.5563","n/a","n/a","n/a","n/a"
"25 Oct 22","3.7839","3.611","n/a","n/a","n/a","n/a"
"24 Oct 22","3.8651","3.6867","n/a","n/a","n/a","n/a"
"21 Oct 22","4.1572","3.9953","n/a","n/a","n/a","n/a"
"20 Oct 22","3.9594","3.77","n/a","n/a","n/a","n/a"
"19 Oct 22","3.9646","3.7317","n/a","n/a","n/a","n/a"
"18 Oct 22","4.0755","3.7603","n/a","n/a","n/a","n/a"
"17 Oct 22","4.1325","3.8223","n/a","n/a","n/a","n/a"
"14 Oct 22","4.4466","4.1771","n/a","n/a","n/a","n/a"
"13 Oct 22","4.38","4.1597","n/a","n/a","n/a","n/a"
"12 Oct 22","4.6289","4.3848","n/a","n/a","n/a","n/a"
"11 Oct 22","4.6433","4.3965","n/a","n/a","n/a","n/a"
"10 Oct 22","4.6494","4.4934","n/a","n/a","n/a","n/a"
"07 Oct 22","4.3984","4.2457","n/a","n/a","n/a","n/a"
"06 Oct 22","4.3286","4.2391","n/a","n/a","n/a","n/a"
"05 Oct 22","4.17","4.0902","n/a","n/a","n/a","n/a"
"04 Oct 22","4.018","3.9863","n/a","n/a","n/a","n/a"
"03 Oct 22","4.048","4.0925","n/a","n/a","n/a","n/a"
"30 Sep 22","4.163","4.2678","2.6528","2.4349","4.163","4.2678"
"29 Sep 22","4.2203","4.2868","n/a","n/a","n/a","n/a"
"28 Sep 22","4.1164","4.2139","n/a","n/a","n/a","n/a"
"27 Sep 22","4.527","4.4819","n/a","n/a","n/a","n/a"
"26 Sep 22","4.288","4.3428","n/a","n/a","n/a","n/a"
"23 Sep 22","3.9689","3.9385","n/a","n/a","n/a","n/a"
"22 Sep 22","3.626","3.4889","n/a","n/a","n/a","n/a"
"21 Sep 22","3.4434","3.3036","n/a","n/a","n/a","n/a"
"20 Sep 22","3.4029","3.2386","n/a","n/a","n/a","n/a"
"16 Sep 22","3.2627","3.0887","n/a","n/a","n/a","n/a"
"15 Sep 22","3.2305","3.0475","n/a","n/a","n/a","n/a"
"14 Sep 22","3.2082","3.0269","n/a","n/a","n/a","n/a"
"13 Sep 22","3.2285","3.0399","n/a","n/a","n/a","n/a"
"12 Sep 22","3.1377","2.9381","n/a","n/a","n/a","n/a"
"09 Sep 22","3.2043","2.9963","n/a","n/a","n/a","n/a"
"08 Sep 22","3.106","2.8972","n/a","n/a","n/a","n/a"
"07 Sep 22","3.106","2.8972","n/a","n/a","n/a","n/a"
"06 Sep 22","3.1337","2.9639","n/a","n/a","n/a","n/a"
"05 Sep 22","3.0651","2.9217","n/a","n/a","n/a","n/a"
"02 Sep 22","3.0485","2.8467","n/a","n/a","n/a","n/a"
"01 Sep 22","3.0279","2.8815","n/a","n/a","n/a","n/a"
"31 Aug 22","2.9196","2.8261","n/a","n/a","n/a","n/a"
"30 Aug 22","2.847","2.7091","n/a","n/a","n/a","n/a"
"26 Aug 22","2.791","2.5519","n/a","n/a","n/a","n/a"
"25 Aug 22","2.7857","2.6353","n/a","n/a","n/a","n/a"
"24 Aug 22","2.7722","2.7048","n/a","n/a","n/a","n/a"
"23 Aug 22","2.6592","2.4685","n/a","n/a","n/a","n/a"
"22 Aug 22","2.5594","2.3889","n/a","n/a","n/a","n/a"
"19 Aug 22","2.4783","2.3026","n/a","n/a","n/a","n/a"
"18 Aug 22","2.404","2.164","n/a","n/a","n/a","n/a"
"17 Aug 22","2.3736","2.1866","n/a","n/a","n/a","n/a"
"16 Aug 22","2.1997","1.9706","n/a","n/a","n/a","n/a"
"15 Aug 22","2.068","1.8389","n/a","n/a","n/a","n/a"
"12 Aug 22","2.2073","1.9464","n/a","n/a","n/a","n/a"
"11 Aug 22","2.1374","1.8978","n/a","n/a","n/a","n/a"
"10 Aug 22","2.049","1.8178","n/a","n/a","n/a","n/a"
"09 Aug 22","2.0666","1.8178","n/a","n/a","n/a","n/a"
"08 Aug 22","2.0194","1.7704","n/a","n/a","n/a","n/a"
"05 Aug 22","2.1381","1.9195","n/a","n/a","n/a","n/a"
"04 Aug 22","1.9591","1.711","n/a","n/a","n/a","n/a"
"03 Aug 22","2.02","1.7321","n/a","n/a","n/a","n/a"
"02 Aug 22","1.9179","1.6424","n/a","n/a","n/a","n/a"
"01 Aug 22","1.8395","1.6156","n/a","n/a","n/a","n/a"
"29 Jul 22","1.9637","1.645","n/a","n/a","n/a","n/a"
"28 Jul 22","1.9465","1.6433","n/a","n/a","n/a","n/a"
"27 Jul 22","2.0724","1.7717","n/a","n/a","n/a","n/a"
"26 Jul 22","2.0278","1.7198","n/a","n/a","n/a","n/a"
"25 Jul 22","2.0384","1.733","n/a","n/a","n/a","n/a"
"22 Jul 22","2.0678","1.7661","n/a","n/a","n/a","n/a"
"21 Jul 22","2.1532","1.8558","n/a","n/a","n/a","n/a"
"20 Jul 22","2.2579","1.9482","n/a","n/a","n/a","n/a"
"19 Jul 22","2.3113","1.9938","n/a","n/a","n/a","n/a"
"18 Jul 22","2.2274","1.9022","n/a","n/a","n/a","n/a"
"15 Jul 22","2.2038","1.8656","n/a","n/a","n/a","n/a"
"14 Jul 22","2.1707","1.8696","n/a","n/a","n/a","n/a"
"13 Jul 22","2.1521","1.7896","n/a","n/a","n/a","n/a"
"12 Jul 22","2.1434","1.7695","n/a","n/a","n/a","n/a"
"11 Jul 22","2.222","1.8781","n/a","n/a","n/a","n/a"
"08 Jul 22","2.2671","1.9209","n/a","n/a","n/a","n/a"
"07 Jul 22","2.1828","1.8504","n/a","n/a","n/a","n/a"
"06 Jul 22","2.1235","1.7603","n/a","n/a","n/a","n/a"
"05 Jul 22","2.1628","1.7995","n/a","n/a","n/a","n/a"
"04 Jul 22","2.2354","1.889","n/a","n/a","n/a","n/a"
"01 Jul 22","2.1225","1.7355","n/a","n/a","n/a","n/a"
"30 Jun 22","2.2806","1.9543","2.043","1.778","2.2806","1.9543"
"29 Jun 22","2.3848","2.0935","n/a","n/a","n/a","n/a"
"28 Jun 22","2.4684","2.1817","n/a","n/a","n/a","n/a"
"27 Jun 22","2.3787","2.0754","n/a","n/a","n/a","n/a"
"24 Jun 22","2.2954","1.9976","n/a","n/a","n/a","n/a"
"23 Jun 22","2.2844","1.9847","n/a","n/a","n/a","n/a"
"22 Jun 22","2.4592","2.1896","n/a","n/a","n/a","n/a"
"21 Jun 22","2.6263","2.3713","n/a","n/a","n/a","n/a"
"20 Jun 22","2.5849","2.3502","n/a","n/a","n/a","n/a"
"17 Jun 22","2.4819","2.2547","n/a","n/a","n/a","n/a"
"16 Jun 22","2.4913","2.2216","n/a","n/a","n/a","n/a"
"15 Jun 22","2.4242","2.0997","n/a","n/a","n/a","n/a"
"14 Jun 22","2.5249","2.2518","n/a","n/a","n/a","n/a"
"13 Jun 22","2.4819","2.2438","n/a","n/a","n/a","n/a"
"10 Jun 22","2.4046","2.1649","n/a","n/a","n/a","n/a"
"09 Jun 22","2.2972","2.0073","n/a","n/a","n/a","n/a"
"08 Jun 22","2.2207","1.9146","n/a","n/a","n/a","n/a"
"07 Jun 22","2.1854","1.9057","n/a","n/a","n/a","n/a"
"06 Jun 22","2.2435","1.9372","n/a","n/a","n/a","n/a"
"01 Jun 22","2.1294","1.8093","n/a","n/a","n/a","n/a"
"31 May 22","2.1072","1.7627","n/a","n/a","n/a","n/a"
"30 May 22","1.9786","1.6792","n/a","n/a","n/a","n/a"
"27 May 22","1.9216","1.6144","n/a","n/a","n/a","n/a"
"26 May 22","1.9727","1.668","n/a","n/a","n/a","n/a"
"25 May 22","1.8999","1.6199","n/a","n/a","n/a","n/a"
"24 May 22","1.8746","1.601","n/a","n/a","n/a","n/a"
"23 May 22","1.984","1.7232","n/a","n/a","n/a","n/a"
"20 May 22","1.8993","1.6464","n/a","n/a","n/a","n/a"
"19 May 22","1.8793","1.629","n/a","n/a","n/a","n/a"
"18 May 22","1.8659","1.6111","n/a","n/a","n/a","n/a"
"17 May 22","1.8839","1.6157","n/a","n/a","n/a","n/a"
"16 May 22","1.7388","1.4099","n/a","n/a","n/a","n/a"
"13 May 22","1.7448","1.4103","n/a","n/a","n/a","n/a"
"12 May 22","1.7028","1.3688","n/a","n/a","n/a","n/a"
"11 May 22","1.8623","1.519","n/a","n/a","n/a","n/a"
"10 May 22","1.8438","1.518","n/a","n/a","n/a","n/a"
"09 May 22","1.9488","1.6117","n/a","n/a","n/a","n/a"
"06 May 22","2.0088","1.7107","n/a","n/a","n/a","n/a"
"05 May 22","1.9651","1.6976","n/a","n/a","n/a","n/a"
"04 May 22","1.9901","1.7673","n/a","n/a","n/a","n/a"
"03 May 22","1.9722","1.7488","n/a","n/a","n/a","n/a"
"29 Apr 22","1.9376","1.7111","n/a","n/a","n/a","n/a"
"28 Apr 22","1.8892","1.6612","n/a","n/a","n/a","n/a"
"27 Apr 22","1.8347","1.6144","n/a","n/a","n/a","n/a"
"26 Apr 22","1.8123","1.6017","n/a","n/a","n/a","n/a"
"25 Apr 22","1.8692","1.6633","n/a","n/a","n/a","n/a"
"22 Apr 22","1.9767","1.7558","n/a","n/a","n/a","n/a"
"21 Apr 22","1.9958","1.8198","n/a","n/a","n/a","n/a"
"20 Apr 22","1.9321","1.694","n/a","n/a","n/a","n/a"
"19 Apr 22","2.0018","1.7299","n/a","n/a","n/a","n/a"
"14 Apr 22","1.899","1.6456","n/a","n/a","n/a","n/a"
"13 Apr 22","1.8443","1.5904","n/a","n/a","n/a","n/a"
"12 Apr 22","1.8189","1.6026","n/a","n/a","n/a","n/a"
"11 Apr 22","1.8555","1.65","n/a","n/a","n/a","n/a"
"08 Apr 22","1.8111","1.5446","n/a","n/a","n/a","n/a"
"07 Apr 22","1.7843","1.5508","n/a","n/a","n/a","n/a"
"06 Apr 22","1.7691","1.5583","n/a","n/a","n/a","n/a"
"05 Apr 22","1.7111","1.5009","n/a","n/a","n/a","n/a"
"04 Apr 22","1.6199","1.4171","n/a","n/a","n/a","n/a"
"01 Apr 22","1.5251","1.4249","n/a","n/a","n/a","n/a"
"31 Mar 22","1.6696","1.422","1.4196","1.1899","1.6696","1.422"
"30 Mar 22","1.6946","1.4328","n/a","n/a","n/a","n/a"
"29 Mar 22","1.693","1.429","n/a","n/a","n/a","n/a"
"28 Mar 22","1.6646","1.4196","n/a","n/a","n/a","n/a"
"25 Mar 22","1.7315","1.463","n/a","n/a","n/a","n/a"
"24 Mar 22","1.6858","1.3956","n/a","n/a","n/a","n/a"
"23 Mar 22","1.7071","1.4354","n/a","n/a","n/a","n/a"
"22 Mar 22","1.7051","1.4664","n/a","n/a","n/a","n/a"
"21 Mar 22","1.6378","1.3594","n/a","n/a","n/a","n/a"
"18 Mar 22","1.5289","1.2353","n/a","n/a","n/a","n/a"
"17 Mar 22","1.5911","1.3505","n/a","n/a","n/a","n/a"
"16 Mar 22","1.6552","1.3996","n/a","n/a","n/a","n/a"
"15 Mar 22","1.6164","1.3615","n/a","n/a","n/a","n/a"
"14 Mar 22","1.6167","1.4171","n/a","n/a","n/a","n/a"
"11 Mar 22","1.5403","1.3401","n/a","n/a","n/a","n/a"
"10 Mar 22","1.5594","1.3456","n/a","n/a","n/a","n/a"
"09 Mar 22","1.5345","1.3421","n/a","n/a","n/a","n/a"
"08 Mar 22","1.4346","1.263","n/a","n/a","n/a","n/a"
"07 Mar 22","1.3179","1.1145","n/a","n/a","n/a","n/a"
"04 Mar 22","1.2186","1.0091","n/a","n/a","n/a","n/a"
"03 Mar 22","1.3338","1.1404","n/a","n/a","n/a","n/a"
"02 Mar 22","1.2703","1.0723","n/a","n/a","n/a","n/a"
"01 Mar 22","1.1453","0.8821","n/a","n/a","n/a","n/a"
"28 Feb 22","1.4233","1.1505","n/a","n/a","n/a","n/a"
"25 Feb 22","1.4804","1.2115","n/a","n/a","n/a","n/a"
"24 Feb 22","1.4868","1.2518","n/a","n/a","n/a","n/a"
"23 Feb 22","1.5395","1.2839","n/a","n/a","n/a","n/a"
"22 Feb 22","1.5134","1.2971","n/a","n/a","n/a","n/a"
"21 Feb 22","1.4648","1.2365","n/a","n/a","n/a","n/a"
"18 Feb 22","1.4593","1.2436","n/a","n/a","n/a","n/a"
"17 Feb 22","1.5255","1.2903","n/a","n/a","n/a","n/a"
"16 Feb 22","1.5806","1.3633","n/a","n/a","n/a","n/a"
"15 Feb 22","1.6062","1.4639","n/a","n/a","n/a","n/a"
"14 Feb 22","1.6179","1.4264","n/a","n/a","n/a","n/a"
"11 Feb 22","1.5874","1.3799","n/a","n/a","n/a","n/a"
"10 Feb 22","1.5719","1.3595","n/a","n/a","n/a","n/a"
"09 Feb 22","1.4716","1.2592","n/a","n/a","n/a","n/a"
"08 Feb 22","1.5434","1.3309","n/a","n/a","n/a","n/a"
"07 Feb 22","1.463","1.2691","n/a","n/a","n/a","n/a"
"04 Feb 22","1.4391","1.2493","n/a","n/a","n/a","n/a"
"03 Feb 22","1.3968","1.2064","n/a","n/a","n/a","n/a"
"02 Feb 22","1.2765","1.0807","n/a","n/a","n/a","n/a"
"01 Feb 22","1.3344","1.1243","n/a","n/a","n/a","n/a"
"31 Jan 22","1.3348","1.1161","n/a","n/a","n/a","n/a"
"28 Jan 22","1.2658","1.0454","n/a","n/a","n/a","n/a"
"27 Jan 22","1.2588","1.0409","n/a","n/a","n/a","n/a"
"26 Jan 22","1.2292","1.0046","n/a","n/a","n/a","n/a"
"25 Jan 22","1.1771","0.9631","n/a","n/a","n/a","n/a"
"24 Jan 22","1.1525","0.9415","n/a","n/a","n/a","n/a"
"21 Jan 22","1.1964","0.9705","n/a","n/a","n/a","n/a"
"20 Jan 22","1.2468","1.0092","n/a","n/a","n/a","n/a"
"19 Jan 22","1.2939","1.0465","n/a","n/a","n/a","n/a"
"18 Jan 22","1.2381","0.9942","n/a","n/a","n/a","n/a"
"17 Jan 22","1.2015","0.9573","n/a","n/a","n/a","n/a"
"14 Jan 22","1.1673","0.9224","n/a","n/a","n/a","n/a"
"13 Jan 22","1.1474","0.9038","n/a","n/a","n/a","n/a"
"12 Jan 22","1.1839","0.944","n/a","n/a","n/a","n/a"
"11 Jan 22","1.2063","0.9635","n/a","n/a","n/a","n/a"
"10 Jan 22","1.2208","0.9694","n/a","n/a","n/a","n/a"
"07 Jan 22","1.1948","0.9437","n/a","n/a","n/a","n/a"
"06 Jan 22","1.1712","0.925","n/a","n/a","n/a","n/a"
"05 Jan 22","1.1028","0.8639","n/a","n/a","n/a","n/a"
"04 Jan 22","1.1133","0.8617","n/a","n/a","n/a","n/a"
"31 Dec 21","1.013","0.7725","0.9531","0.6708","1.013","0.7725"
"30 Dec 21","0.9821","0.7547","n/a","n/a","n/a","n/a"
"29 Dec 21","1.0112","0.7818","n/a","n/a","n/a","n/a"
"24 Dec 21","0.9206","0.7115","n/a","n/a","n/a","n/a"
"23 Dec 21","0.9414","0.7192","n/a","n/a","n/a","n/a"
"22 Dec 21","0.8951","0.6874","n/a","n/a","n/a","n/a"
"21 Dec 21","0.9204","0.6737","n/a","n/a","n/a","n/a"
"20 Dec 21","0.8124","0.5783","n/a","n/a","n/a","n/a"
"17 Dec 21","0.8103","0.5739","n/a","n/a","n/a","n/a"
"16 Dec 21","0.7805","0.552","n/a","n/a","n/a","n/a"
"15 Dec 21","0.764","0.5196","n/a","n/a","n/a","n/a"
"14 Dec 21","0.7546","0.5001","n/a","n/a","n/a","n/a"
"13 Dec 21","0.7301","0.4743","n/a","n/a","n/a","n/a"
"10 Dec 21","0.7382","0.4865","n/a","n/a","n/a","n/a"
"09 Dec 21","0.7615","0.5087","n/a","n/a","n/a","n/a"
"08 Dec 21","0.7661","0.5266","n/a","n/a","n/a","n/a"
"07 Dec 21","0.7407","0.5204","n/a","n/a","n/a","n/a"
"06 Dec 21","0.7543","0.5295","n/a","n/a","n/a","n/a"
"03 Dec 21","0.797","0.5598","n/a","n/a","n/a","n/a"
"02 Dec 21","0.8291","0.5894","n/a","n/a","n/a","n/a"
"01 Dec 21","0.865","0.6239","n/a","n/a","n/a","n/a"
"30 Nov 21","0.841","0.5894","n/a","n/a","n/a","n/a"
"29 Nov 21","0.857","0.5865","n/a","n/a","n/a","n/a"
"26 Nov 21","0.8224","0.5515","n/a","n/a","n/a","n/a"
"25 Nov 21","0.9838","0.7028","n/a","n/a","n/a","n/a"
"24 Nov 21","1.025","0.7348","n/a","n/a","n/a","n/a"
"23 Nov 21","0.9864","0.7068","n/a","n/a","n/a","n/a"
"22 Nov 21","0.9457","0.6531","n/a","n/a","n/a","n/a"
"19 Nov 21","0.8933","0.6092","n/a","n/a","n/a","n/a"
"18 Nov 21","0.9422","0.6542","n/a","n/a","n/a","n/a"
"17 Nov 21","0.9877","0.6961","n/a","n/a","n/a","n/a"
"16 Nov 21","0.9825","0.701","n/a","n/a","n/a","n/a"
"15 Nov 21","0.959","0.6752","n/a","n/a","n/a","n/a"
"12 Nov 21","0.9229","0.6456","n/a","n/a","n/a","n/a"
"11 Nov 21","0.9279","0.6667","n/a","n/a","n/a","n/a"
"10 Nov 21","0.9353","0.6785","n/a","n/a","n/a","n/a"
"09 Nov 21","0.8135","0.5639","n/a","n/a","n/a","n/a"
"08 Nov 21","0.8435","0.5494","n/a","n/a","n/a","n/a"
"05 Nov 21","0.8308","0.538","n/a","n/a","n/a","n/a"
"04 Nov 21","0.9511","0.6328","n/a","n/a","n/a","n/a"
"03 Nov 21","1.0865","0.8042","n/a","n/a","n/a","n/a"
"02 Nov 21","1.0458","0.7656","n/a","n/a","n/a","n/a"
"01 Nov 21","1.0836","0.82","n/a","n/a","n/a","n/a"
"29 Oct 21","1.0507","0.8074","n/a","n/a","n/a","n/a"
"28 Oct 21","0.9709","0.7232","n/a","n/a","n/a","n/a"
"27 Oct 21","0.9554","0.684","n/a","n/a","n/a","n/a"
"26 Oct 21","1.0971","0.781","n/a","n/a","n/a","n/a"
"25 Oct 21","1.1229","0.8047","n/a","n/a","n/a","n/a"
"22 Oct 21","1.1467","0.8366","n/a","n/a","n/a","n/a"
"21 Oct 21","1.1872","0.8651","n/a","n/a","n/a","n/a"
"20 Oct 21","1.1311","0.825","n/a","n/a","n/a","n/a"
"19 Oct 21","1.1307","0.8447","n/a","n/a","n/a","n/a"
"18 Oct 21","1.1096","0.8254","n/a","n/a","n/a","n/a"
"15 Oct 21","1.0748","0.7438","n/a","n/a","n/a","n/a"
"14 Oct 21","1.0172","0.6937","n/a","n/a","n/a","n/a"
"13 Oct 21","1.0517","0.7212","n/a","n/a","n/a","n/a"
"12 Oct 21","1.132","0.7691","n/a","n/a","n/a","n/a"
"11 Oct 21","1.1717","0.7958","n/a","n/a","n/a","n/a"
"08 Oct 21","1.1507","0.764","n/a","n/a","n/a","n/a"
"07 Oct 21","1.0715","0.6928","n/a","n/a","n/a","n/a"
"06 Oct 21","1.0674","0.6868","n/a","n/a","n/a","n/a"
"05 Oct 21","1.0821","0.6783","n/a","n/a","n/a","n/a"
"04 Oct 21","1.0031","0.5998","n/a","n/a","n/a","n/a"
"01 Oct 21","1.0184","0.6221","n/a","n/a","n/a","n/a"
"30 Sep 21","1.0313","0.6282","0.7158","0.3504","1.0313","0.6282"
"29 Sep 21","0.9821","0.5907","n/a","n/a","n/a","n/a"
"28 Sep 21","0.9899","0.6003","n/a","n/a","n/a","n/a"
"27 Sep 21","0.9491","0.5727","n/a","n/a","n/a","n/a"
"24 Sep 21","0.9243","0.5628","n/a","n/a","n/a","n/a"
"23 Sep 21","0.8902","0.5474","n/a","n/a","n/a","n/a"
"22 Sep 21","0.7923","0.4381","n/a","n/a","n/a","n/a"
"21 Sep 21","0.791","0.4346","n/a","n/a","n/a","n/a"
"20 Sep 21","0.7942","0.4325","n/a","n/a","n/a","n/a"
"17 Sep 21","0.8428","0.4764","n/a","n/a","n/a","n/a"
"16 Sep 21","0.7966","0.4447","n/a","n/a","n/a","n/a"
"15 Sep 21","0.7499","0.4036","n/a","n/a","n/a","n/a"
"14 Sep 21","0.7278","0.3804","n/a","n/a","n/a","n/a"
"13 Sep 21","0.7349","0.3777","n/a","n/a","n/a","n/a"
"10 Sep 21","0.7343","0.3706","n/a","n/a","n/a","n/a"
"09 Sep 21","0.7281","0.3684","n/a","n/a","n/a","n/a"
"08 Sep 21","0.7186","0.3435","n/a","n/a","n/a","n/a"
"07 Sep 21","0.7275","0.3437","n/a","n/a","n/a","n/a"
"06 Sep 21","0.6825","0.3119","n/a","n/a","n/a","n/a"
"03 Sep 21","0.7031","0.3281","n/a","n/a","n/a","n/a"
"02 Sep 21","0.6734","0.3144","n/a","n/a","n/a","n/a"
"01 Sep 21","0.6867","0.3272","n/a","n/a","n/a","n/a"
"31 Aug 21","0.7103","0.3487","n/a","n/a","n/a","n/a"
"27 Aug 21","0.6663","0.3196","n/a","n/a","n/a","n/a"
"26 Aug 21","0.6779","0.3297","n/a","n/a","n/a","n/a"
"25 Aug 21","0.6782","0.3331","n/a","n/a","n/a","n/a"
"24 Aug 21","0.6196","0.2947","n/a","n/a","n/a","n/a"
"23 Aug 21","0.6201","0.2869","n/a","n/a","n/a","n/a"
"20 Aug 21","0.6067","0.2686","n/a","n/a","n/a","n/a"
"19 Aug 21","0.6184","0.292","n/a","n/a","n/a","n/a"
"18 Aug 21","0.6439","0.3171","n/a","n/a","n/a","n/a"
"17 Aug 21","0.6366","0.3216","n/a","n/a","n/a","n/a"
"16 Aug 21","0.6469","0.3205","n/a","n/a","n/a","n/a"
"13 Aug 21","0.6547","0.3253","n/a","n/a","n/a","n/a"
"12 Aug 21","0.6725","0.3372","n/a","n/a","n/a","n/a"
"11 Aug 21","0.6513","0.3158","n/a","n/a","n/a","n/a"
"10 Aug 21","0.6537","0.3261","n/a","n/a","n/a","n/a"
"09 Aug 21","0.6493","0.3114","n/a","n/a","n/a","n/a"
"06 Aug 21","0.6892","0.3356","n/a","n/a","n/a","n/a"
"05 Aug 21","0.599","0.2568","n/a","n/a","n/a","n/a"
"04 Aug 21","0.6093","0.2615","n/a","n/a","n/a","n/a"
"03 Aug 21","0.5959","0.2435","n/a","n/a","n/a","n/a"
"02 Aug 21","0.6244","0.2614","n/a","n/a","n/a","n/a"
"30 Jul 21","0.6471","0.2835","n/a","n/a","n/a","n/a"
"29 Jul 21","0.648","0.2912","n/a","n/a","n/a","n/a"
"28 Jul 21","0.6497","0.2976","n/a","n/a","n/a","n/a"
"27 Jul 21","0.6423","0.2964","n/a","n/a","n/a","n/a"
"26 Jul 21","0.6498","0.2982","n/a","n/a","n/a","n/a"
"23 Jul 21","0.6631","0.3037","n/a","n/a","n/a","n/a"
"22 Jul 21","0.646","0.2862","n/a","n/a","n/a","n/a"
"21 Jul 21","0.679","0.318","n/a","n/a","n/a","n/a"
"20 Jul 21","0.6285","0.2825","n/a","n/a","n/a","n/a"
"19 Jul 21","0.634","0.2767","n/a","n/a","n/a","n/a"
"16 Jul 21","0.7118","0.3456","n/a","n/a","n/a","n/a"
"15 Jul 21","0.7543","0.3819","n/a","n/a","n/a","n/a"
"14 Jul 21","0.7112","0.318","n/a","n/a","n/a","n/a"
"13 Jul 21","0.7057","0.303","n/a","n/a","n/a","n/a"
"12 Jul 21","0.7307","0.312","n/a","n/a","n/a","n/a"
"09 Jul 21","0.7484","0.32","n/a","n/a","n/a","n/a"
"08 Jul 21","0.6824","0.2688","n/a","n/a","n/a","n/a"
"07 Jul 21","0.6843","0.2674","n/a","n/a","n/a","n/a"
"06 Jul 21","0.7205","0.2856","n/a","n/a","n/a","n/a"
"05 Jul 21","0.804","0.3378","n/a","n/a","n/a","n/a"
"02 Jul 21","0.7957","0.3404","n/a","n/a","n/a","n/a"
"01 Jul 21","0.8174","0.3569","n/a","n/a","n/a","n/a"
"30 Jun 21","0.8229","0.3658","0.8697","0.3632","0.8229","0.3658"
"29 Jun 21","0.8229","0.3658","n/a","n/a","n/a","n/a"
"28 Jun 21","0.821","0.3725","n/a","n/a","n/a","n/a"
"25 Jun 21","0.862","0.3957","n/a","n/a","n/a","n/a"
"24 Jun 21","0.8299","0.3734","n/a","n/a","n/a","n/a"
"23 Jun 21","0.8678","0.4082","n/a","n/a","n/a","n/a"
"22 Jun 21","0.8667","0.4126","n/a","n/a","n/a","n/a"
"21 Jun 21","0.8458","0.4047","n/a","n/a","n/a","n/a"
"18 Jun 21","0.8404","0.4039","n/a","n/a","n/a","n/a"
"17 Jun 21","0.8764","0.4114","n/a","n/a","n/a","n/a"
"16 Jun 21","0.8371","0.3537","n/a","n/a","n/a","n/a"
"15 Jun 21","0.8506","0.3582","n/a","n/a","n/a","n/a"
"14 Jun 21","0.8261","0.3344","n/a","n/a","n/a","n/a"
"11 Jun 21","0.8032","0.3165","n/a","n/a","n/a","n/a"
"10 Jun 21","0.8454","0.3521","n/a","n/a","n/a","n/a"
"09 Jun 21","0.8256","0.3329","n/a","n/a","n/a","n/a"
"08 Jun 21","0.8648","0.3569","n/a","n/a","n/a","n/a"
"07 Jun 21","0.8961","0.3782","n/a","n/a","n/a","n/a"
"04 Jun 21","0.8824","0.3612","n/a","n/a","n/a","n/a"
"03 Jun 21","0.9198","0.3866","n/a","n/a","n/a","n/a"
"02 Jun 21","0.8875","0.3612","n/a","n/a","n/a","n/a"
"01 Jun 21","0.9142","0.3856","n/a","n/a","n/a","n/a"
"28 May 21","0.8741","0.358","n/a","n/a","n/a","n/a"
"27 May 21","0.8949","0.3685","n/a","n/a","n/a","n/a"
"26 May 21","0.8389","0.3187","n/a","n/a","n/a","n/a"
"25 May 21","0.8772","0.3386","n/a","n/a","n/a","n/a"
"24 May 21","0.8998","0.3549","n/a","n/a","n/a","n/a"
"21 May 21","0.9243","0.3748","n/a","n/a","n/a","n/a"
"20 May 21","0.9304","0.3803","n/a","n/a","n/a","n/a"
"19 May 21","0.9275","0.3831","n/a","n/a","n/a","n/a"
"18 May 21","0.946","0.3992","n/a","n/a","n/a","n/a"
"17 May 21","0.9508","0.403","n/a","n/a","n/a","n/a"
"14 May 21","0.9488","0.4055","n/a","n/a","n/a","n/a"
"13 May 21","0.9813","0.4298","n/a","n/a","n/a","n/a"
"12 May 21","0.9672","0.4207","n/a","n/a","n/a","n/a"
"11 May 21","0.9176","0.3677","n/a","n/a","n/a","n/a"
"10 May 21","0.8654","0.3267","n/a","n/a","n/a","n/a"
"07 May 21","0.8416","0.3087","n/a","n/a","n/a","n/a"
"06 May 21","0.8628","0.3314","n/a","n/a","n/a","n/a"
"05 May 21","0.8923","0.3662","n/a","n/a","n/a","n/a"
"04 May 21","0.8693","0.3534","n/a","n/a","n/a","n/a"
"30 Apr 21","0.9139","0.3963","n/a","n/a","n/a","n/a"
"29 Apr 21","0.9176","0.3938","n/a","n/a","n/a","n/a"
"28 Apr 21","0.871","0.3622","n/a","n/a","n/a","n/a"
"27 Apr 21","0.844","0.3475","n/a","n/a","n/a","n/a"
"26 Apr 21","0.8307","0.3338","n/a","n/a","n/a","n/a"
"23 Apr 21","0.8242","0.3217","n/a","n/a","n/a","n/a"
"22 Apr 21","0.8068","0.314","n/a","n/a","n/a","n/a"
"21 Apr 21","0.8225","0.3239","n/a","n/a","n/a","n/a"
"20 Apr 21","0.8116","0.3199","n/a","n/a","n/a","n/a"
"19 Apr 21","0.8331","0.331","n/a","n/a","n/a","n/a"
"16 Apr 21","0.8424","0.3366","n/a","n/a","n/a","n/a"
"15 Apr 21","0.8056","0.3133","n/a","n/a","n/a","n/a"
"14 Apr 21","0.8838","0.3696","n/a","n/a","n/a","n/a"
"13 Apr 21","0.8631","0.3555","n/a","n/a","n/a","n/a"
"12 Apr 21","0.8704","0.3591","n/a","n/a","n/a","n/a"
"09 Apr 21","0.8549","0.3593","n/a","n/a","n/a","n/a"
"08 Apr 21","0.8356","0.3419","n/a","n/a","n/a","n/a"
"07 Apr 21","0.8607","0.3632","n/a","n/a","n/a","n/a"
"06 Apr 21","0.8675","0.3665","n/a","n/a","n/a","n/a"
"01 Apr 21","0.8711","0.3633","n/a","n/a","n/a","n/a"
"31 Mar 21","0.9108","0.3888","0.6228","0.1843","0.9108","0.3888"
"30 Mar 21","0.9065","0.3778","n/a","n/a","n/a","n/a"
"29 Mar 21","0.8582","0.3413","n/a","n/a","n/a","n/a"
"26 Mar 21","0.824","0.3213","n/a","n/a","n/a","n/a"
"25 Mar 21","0.8044","0.3079","n/a","n/a","n/a","n/a"
"24 Mar 21","0.8218","0.3211","n/a","n/a","n/a","n/a"
"23 Mar 21","0.8365","0.3211","n/a","n/a","n/a","n/a"
"22 Mar 21","0.8885","0.3627","n/a","n/a","n/a","n/a"
"19 Mar 21","0.9099","0.3813","n/a","n/a","n/a","n/a"
"18 Mar 21","0.9429","0.4076","n/a","n/a","n/a","n/a"
"17 Mar 21","0.9005","0.3943","n/a","n/a","n/a","n/a"
"16 Mar 21","0.8549","0.3593","n/a","n/a","n/a","n/a"
"15 Mar 21","0.8605","0.359","n/a","n/a","n/a","n/a"
"12 Mar 21","0.8911","0.3768","n/a","n/a","n/a","n/a"
"11 Mar 21","0.8098","0.3283","n/a","n/a","n/a","n/a"
"10 Mar 21","0.782","0.3129","n/a","n/a","n/a","n/a"
"09 Mar 21","0.7886","0.3243","n/a","n/a","n/a","n/a"
"08 Mar 21","0.8148","0.3419","n/a","n/a","n/a","n/a"
"05 Mar 21","0.8315","0.3619","n/a","n/a","n/a","n/a"
"04 Mar 21","0.7946","0.3221","n/a","n/a","n/a","n/a"
"03 Mar 21","0.8313","0.3417","n/a","n/a","n/a","n/a"
"02 Mar 21","0.7644","0.2951","n/a","n/a","n/a","n/a"
"01 Mar 21","0.8224","0.344","n/a","n/a","n/a","n/a"
"26 Feb 21","0.8767","0.393","n/a","n/a","n/a","n/a"
"25 Feb 21","0.845","0.3483","n/a","n/a","n/a","n/a"
"24 Feb 21","0.8229","0.2863","n/a","n/a","n/a","n/a"
"23 Feb 21","0.7776","0.2681","n/a","n/a","n/a","n/a"
"22 Feb 21","0.738","0.2633","n/a","n/a","n/a","n/a"
"19 Feb 21","0.7429","0.2703","n/a","n/a","n/a","n/a"
"18 Feb 21","0.6814","0.2132","n/a","n/a","n/a","n/a"
"17 Feb 21","0.6571","0.174","n/a","n/a","n/a","n/a"
"16 Feb 21","0.6999","0.2034","n/a","n/a","n/a","n/a"
"15 Feb 21","0.6265","0.1639","n/a","n/a","n/a","n/a"
"12 Feb 21","0.5626","0.1537","n/a","n/a","n/a","n/a"
"11 Feb 21","0.5161","0.1208","n/a","n/a","n/a","n/a"
"10 Feb 21","0.5316","0.1369","n/a","n/a","n/a","n/a"
"09 Feb 21","0.5112","0.1257","n/a","n/a","n/a","n/a"
"08 Feb 21","0.5319","0.1426","n/a","n/a","n/a","n/a"
"05 Feb 21","0.5388","0.1488","n/a","n/a","n/a","n/a"
"04 Feb 21","0.4855","0.112","n/a","n/a","n/a","n/a"
"03 Feb 21","0.4385","0.0612","n/a","n/a","n/a","n/a"
"02 Feb 21","0.4469","0.0428","n/a","n/a","n/a","n/a"
"01 Feb 21","0.4129","0.0196","n/a","n/a","n/a","n/a"
"29 Jan 21","0.4196","0.0187","n/a","n/a","n/a","n/a"
"28 Jan 21","0.3699","0.0012","n/a","n/a","n/a","n/a"
"27 Jan 21","0.3623","-0.0224","n/a","n/a","n/a","n/a"
"26 Jan 21","0.3528","-0.0139","n/a","n/a","n/a","n/a"
"25 Jan 21","0.3439","-0.0275","n/a","n/a","n/a","n/a"
"22 Jan 21","0.3832","0.0157","n/a","n/a","n/a","n/a"
"21 Jan 21","0.4101","0.026","n/a","n/a","n/a","n/a"
"20 Jan 21","0.3538","0.0015","n/a","n/a","n/a","n/a"
"19 Jan 21","0.3613","0.0054","n/a","n/a","n/a","n/a"
"18 Jan 21","0.4079","-0.0053","n/a","n/a","n/a","n/a"
"15 Jan 21","0.3732","-0.0058","n/a","n/a","n/a","n/a"
"14 Jan 21","0.385","0.0166","n/a","n/a","n/a","n/a"
"13 Jan 21","0.4082","0.0278","n/a","n/a","n/a","n/a"
"12 Jan 21","0.4395","0.0624","n/a","n/a","n/a","n/a"
"11 Jan 21","0.4101","0.0283","n/a","n/a","n/a","n/a"
"08 Jan 21","0.3595","0.0086","n/a","n/a","n/a","n/a"
"07 Jan 21","0.3732","-0.0058","n/a","n/a","n/a","n/a"
"06 Jan 21","0.295","-0.0448","n/a","n/a","n/a","n/a"
"05 Jan 21","0.2771","-0.0655","n/a","n/a","n/a","n/a"
"04 Jan 21","0.2578","-0.0494","n/a","n/a","n/a","n/a"
"31 Dec 20","0.2513","-0.0503","0.3368","-0.0096","0.2513","-0.0503"
"30 Dec 20","0.2711","-0.0423","n/a","n/a","n/a","n/a"
"29 Dec 20","0.2688","-0.0442","n/a","n/a","n/a","n/a"
"24 Dec 20","0.3191","-0.0199","n/a","n/a","n/a","n/a"
"23 Dec 20","0.3759","0.0163","n/a","n/a","n/a","n/a"
"22 Dec 20","0.2546","-0.0763","n/a","n/a","n/a","n/a"
"21 Dec 20","0.2688","-0.0674","n/a","n/a","n/a","n/a"
"18 Dec 20","0.3225","-0.0239","n/a","n/a","n/a","n/a"
"17 Dec 20","0.3343","-0.004","n/a","n/a","n/a","n/a"
"16 Dec 20","0.3412","0.0134","n/a","n/a","n/a","n/a"
"15 Dec 20","0.3141","-0.0255","n/a","n/a","n/a","n/a"
"14 Dec 20","0.3225","-0.0365","n/a","n/a","n/a","n/a"
"11 Dec 20","0.2193","-0.0842","n/a","n/a","n/a","n/a"
"10 Dec 20","0.247","-0.0619","n/a","n/a","n/a","n/a"
"09 Dec 20","0.3185","-0.0182","n/a","n/a","n/a","n/a"
"08 Dec 20","0.3277","-0.0069","n/a","n/a","n/a","n/a"
"07 Dec 20","0.363","0.0036","n/a","n/a","n/a","n/a"
"04 Dec 20","0.4113","0.0556","n/a","n/a","n/a","n/a"
"03 Dec 20","0.4017","0.0506","n/a","n/a","n/a","n/a"
"02 Dec 20","0.4183","0.0589","n/a","n/a","n/a","n/a"
"01 Dec 20","0.4192","0.0715","n/a","n/a","n/a","n/a"
"30 Nov 20","0.3639","0.0368","n/a","n/a","n/a","n/a"
"27 Nov 20","0.3691","0.0309","n/a","n/a","n/a","n/a"
"26 Nov 20","0.3648","0.0235","n/a","n/a","n/a","n/a"
"25 Nov 20","0.3754","0.0303","n/a","n/a","n/a","n/a"
"24 Nov 20","0.3779","0.043","n/a","n/a","n/a","n/a"
"23 Nov 20","0.3803","0.0354","n/a","n/a","n/a","n/a"
"20 Nov 20","0.4324","0.0289","n/a","n/a","n/a","n/a"
"19 Nov 20","0.3752","0.035","n/a","n/a","n/a","n/a"
"18 Nov 20","0.425","0.0508","n/a","n/a","n/a","n/a"
"17 Nov 20","0.4055","0.036","n/a","n/a","n/a","n/a"
"16 Nov 20","0.4312","0.0472","n/a","n/a","n/a","n/a"
"13 Nov 20","0.4034","0.0362","n/a","n/a","n/a","n/a"
"12 Nov 20","0.4324","0.0289","n/a","n/a","n/a","n/a"
"11 Nov 20","0.4616","0.0851","n/a","n/a","n/a","n/a"
"10 Nov 20","0.4687","0.0665","n/a","n/a","n/a","n/a"
"09 Nov 20","0.4402","0.0582","n/a","n/a","n/a","n/a"
"06 Nov 20","0.3431","-0.0092","n/a","n/a","n/a","n/a"
"05 Nov 20","0.2948","-0.0339","n/a","n/a","n/a","n/a"
"04 Nov 20","0.2772","-0.0502","n/a","n/a","n/a","n/a"
"03 Nov 20","0.338","-0.0147","n/a","n/a","n/a","n/a"
"02 Nov 20","0.2966","-0.0596","n/a","n/a","n/a","n/a"
"30 Oct 20","0.3074","-0.0467","n/a","n/a","n/a","n/a"
"29 Oct 20","0.2724","-0.0658","n/a","n/a","n/a","n/a"
"28 Oct 20","0.2725","-0.0602","n/a","n/a","n/a","n/a"
"27 Oct 20","0.2995","-0.0298","n/a","n/a","n/a","n/a"
"26 Oct 20","0.3628","0.0068","n/a","n/a","n/a","n/a"
"23 Oct 20","0.3347","-0.0111","n/a","n/a","n/a","n/a"
"22 Oct 20","0.3548","-0.0034","n/a","n/a","n/a","n/a"
"21 Oct 20","0.309","-0.0459","n/a","n/a","n/a","n/a"
"20 Oct 20","0.2408","-0.068","n/a","n/a","n/a","n/a"
"19 Oct 20","0.2218","-0.0794","n/a","n/a","n/a","n/a"
"16 Oct 20","0.2441","-0.0739","n/a","n/a","n/a","n/a"
"15 Oct 20","0.2378","-0.0777","n/a","n/a","n/a","n/a"
"14 Oct 20","0.2656","-0.0443","n/a","n/a","n/a","n/a"
"13 Oct 20","0.289","-0.0618","n/a","n/a","n/a","n/a"
"12 Oct 20","0.3446","-0.012","n/a","n/a","n/a","n/a"
"09 Oct 20","0.3348","-0.0298","n/a","n/a","n/a","n/a"
"08 Oct 20","0.3606","-0.0013","n/a","n/a","n/a","n/a"
"07 Oct 20","0.3776","0.0087","n/a","n/a","n/a","n/a"
"06 Oct 20","0.3615","-0.0118","n/a","n/a","n/a","n/a"
"05 Oct 20","0.3508","-0.0191","n/a","n/a","n/a","n/a"
"02 Oct 20","0.3184","-0.0401","n/a","n/a","n/a","n/a"
"01 Oct 20","0.2674","-0.0635","n/a","n/a","n/a","n/a"
"30 Sep 20","0.2774","-0.0503","0.2501","-0.0673","0.2774","-0.0503"
"29 Sep 20","0.2243","-0.0766","n/a","n/a","n/a","n/a"
"28 Sep 20","0.2491","-0.0668","n/a","n/a","n/a","n/a"
"25 Sep 20","0.2283","-0.0814","n/a","n/a","n/a","n/a"
"24 Sep 20","0.2616","-0.0724","n/a","n/a","n/a","n/a"
"23 Sep 20","0.2745","-0.0431","n/a","n/a","n/a","n/a"
"22 Sep 20","0.2598","-0.0642","n/a","n/a","n/a","n/a"
"21 Sep 20","0.2233","-0.13","n/a","n/a","n/a","n/a"
"18 Sep 20","0.2202","-0.1142","n/a","n/a","n/a","n/a"
"17 Sep 20","0.2532","-0.1065","n/a","n/a","n/a","n/a"
"16 Sep 20","0.2803","-0.0316","n/a","n/a","n/a","n/a"
"15 Sep 20","0.265","-0.0604","n/a","n/a","n/a","n/a"
"14 Sep 20","0.2743","-0.0774","n/a","n/a","n/a","n/a"
"11 Sep 20","0.2438","-0.1363","n/a","n/a","n/a","n/a"
"10 Sep 20","0.3099","-0.0715","n/a","n/a","n/a","n/a"
"09 Sep 20","0.3135","-0.0569","n/a","n/a","n/a","n/a"
"08 Sep 20","0.2343","-0.1199","n/a","n/a","n/a","n/a"
"07 Sep 20","0.2946","-0.0507","n/a","n/a","n/a","n/a"
"04 Sep 20","0.3039","-0.0644","n/a","n/a","n/a","n/a"
"03 Sep 20","0.3138","-0.0528","n/a","n/a","n/a","n/a"
"02 Sep 20","0.3139","-0.0637","n/a","n/a","n/a","n/a"
"01 Sep 20","0.3872","-0.028","n/a","n/a","n/a","n/a"
"28 Aug 20","0.3763","-0.0211","n/a","n/a","n/a","n/a"
"27 Aug 20","0.3926","0.0371","n/a","n/a","n/a","n/a"
"26 Aug 20","0.3806","0.0152","n/a","n/a","n/a","n/a"
"25 Aug 20","0.3223","0.0044","n/a","n/a","n/a","n/a"
"24 Aug 20","0.276","-0.0345","n/a","n/a","n/a","n/a"
"21 Aug 20","0.2958","-0.054","n/a","n/a","n/a","n/a"
"20 Aug 20","0.2927","-0.0242","n/a","n/a","n/a","n/a"
"19 Aug 20","0.2927","-0.0216","n/a","n/a","n/a","n/a"
"18 Aug 20","0.2757","-0.0357","n/a","n/a","n/a","n/a"
"17 Aug 20","0.2906","-0.0446","n/a","n/a","n/a","n/a"
"14 Aug 20","0.2958","-0.0198","n/a","n/a","n/a","n/a"
"13 Aug 20","0.2938","-0.0152","n/a","n/a","n/a","n/a"
"12 Aug 20","0.3008","-0.0048","n/a","n/a","n/a","n/a"
"11 Aug 20","0.2521","-0.0252","n/a","n/a","n/a","n/a"
"10 Aug 20","0.2205","-0.0577","n/a","n/a","n/a","n/a"
"07 Aug 20","0.2292","-0.0594","n/a","n/a","n/a","n/a"
"06 Aug 20","0.1723","-0.0874","n/a","n/a","n/a","n/a"
"05 Aug 20","0.2062","-0.1044","n/a","n/a","n/a","n/a"
"04 Aug 20","0.1239","-0.1349","n/a","n/a","n/a","n/a"
"03 Aug 20","0.1434","-0.1263","n/a","n/a","n/a","n/a"
"31 Jul 20","0.1702","-0.1426","n/a","n/a","n/a","n/a"
"30 Jul 20","0.1379","-0.1388","n/a","n/a","n/a","n/a"
"29 Jul 20","0.1599","-0.1153","n/a","n/a","n/a","n/a"
"28 Jul 20","0.2058","-0.0818","n/a","n/a","n/a","n/a"
"27 Jul 20","0.1864","-0.137","n/a","n/a","n/a","n/a"
"24 Jul 20","0.2014","-0.1063","n/a","n/a","n/a","n/a"
"23 Jul 20","0.1949","-0.1269","n/a","n/a","n/a","n/a"
"22 Jul 20","0.1859","-0.1063","n/a","n/a","n/a","n/a"
"21 Jul 20","0.2089","-0.0885","n/a","n/a","n/a","n/a"
"20 Jul 20","0.2112","-0.0934","n/a","n/a","n/a","n/a"
"17 Jul 20","0.1977","-0.0784","n/a","n/a","n/a","n/a"
"16 Jul 20","0.1824","-0.0944","n/a","n/a","n/a","n/a"
"15 Jul 20","0.2519","-0.0437","n/a","n/a","n/a","n/a"
"14 Jul 20","0.2056","-0.102","n/a","n/a","n/a","n/a"
"13 Jul 20","0.2431","-0.0547","n/a","n/a","n/a","n/a"
"10 Jul 20","0.2193","-0.0791","n/a","n/a","n/a","n/a"
"09 Jul 20","0.2217","-0.0551","n/a","n/a","n/a","n/a"
"08 Jul 20","0.2499","-0.029","n/a","n/a","n/a","n/a"
"07 Jul 20","0.2196","-0.0475","n/a","n/a","n/a","n/a"
"06 Jul 20","0.2231","-0.0524","n/a","n/a","n/a","n/a"
"03 Jul 20","0.2422","-0.0631","n/a","n/a","n/a","n/a"
"02 Jul 20","0.228","-0.07","n/a","n/a","n/a","n/a"
"01 Jul 20","0.2703","-0.0376","n/a","n/a","n/a","n/a"
"30 Jun 20","0.2074","-0.0702","0.303","0.051","0.2074","-0.0702"
"29 Jun 20","0.2145","-0.0407","n/a","n/a","n/a","n/a"
"26 Jun 20","0.2446","-0.0245","n/a","n/a","n/a","n/a"
"25 Jun 20","0.2333","-0.0267","n/a","n/a","n/a","n/a"
"24 Jun 20","0.242","-0.0432","n/a","n/a","n/a","n/a"
"23 Jun 20","0.2913","0.0049","n/a","n/a","n/a","n/a"
"22 Jun 20","0.2443","-0.0534","n/a","n/a","n/a","n/a"
"19 Jun 20","0.2675","-0.0116","n/a","n/a","n/a","n/a"
"18 Jun 20","0.3064","0.0053","n/a","n/a","n/a","n/a"
"17 Jun 20","0.2357","-0.006","n/a","n/a","n/a","n/a"
"16 Jun 20","0.2153","-0.0104","n/a","n/a","n/a","n/a"
"15 Jun 20","0.2642","0.0003","n/a","n/a","n/a","n/a"
"12 Jun 20","0.2976","0.0508","n/a","n/a","n/a","n/a"
"11 Jun 20","0.247","0.0002","n/a","n/a","n/a","n/a"
"10 Jun 20","0.2847","0.0038","n/a","n/a","n/a","n/a"
"09 Jun 20","0.3401","0.0463","n/a","n/a","n/a","n/a"
"08 Jun 20","0.4048","0.0862","n/a","n/a","n/a","n/a"
"05 Jun 20","0.3877","0.0782","n/a","n/a","n/a","n/a"
"04 Jun 20","0.3464","0.0551","n/a","n/a","n/a","n/a"
"03 Jun 20","0.3049","0.0486","n/a","n/a","n/a","n/a"
"02 Jun 20","0.2689","-0.0227","n/a","n/a","n/a","n/a"
"01 Jun 20","0.2671","0.0164","n/a","n/a","n/a","n/a"
"29 May 20","0.2292","-0.02","n/a","n/a","n/a","n/a"
"28 May 20","0.2122","-0.0336","n/a","n/a","n/a","n/a"
"27 May 20","0.2173","-0.019","n/a","n/a","n/a","n/a"
"26 May 20","0.2532","0.0025","n/a","n/a","n/a","n/a"
"22 May 20","0.2083","-0.0368","n/a","n/a","n/a","n/a"
"21 May 20","0.2072","-0.0237","n/a","n/a","n/a","n/a"
"20 May 20","0.3355","0.027","n/a","n/a","n/a","n/a"
"19 May 20","0.3202","0.0511","n/a","n/a","n/a","n/a"
"18 May 20","0.3118","0.038","n/a","n/a","n/a","n/a"
"15 May 20","0.2807","0.0406","n/a","n/a","n/a","n/a"
"14 May 20","0.2976","0.0508","n/a","n/a","n/a","n/a"
"13 May 20","0.2577","0.0243","n/a","n/a","n/a","n/a"
"12 May 20","0.2855","0.0975","n/a","n/a","n/a","n/a"
"11 May 20","0.2726","0.0451","n/a","n/a","n/a","n/a"
"07 May 20","0.325","0.1059","n/a","n/a","n/a","n/a"
"06 May 20","0.2519","0.0547","n/a","n/a","n/a","n/a"
"05 May 20","0.3072","0.0814","n/a","n/a","n/a","n/a"
"04 May 20","0.3072","0.0814","n/a","n/a","n/a","n/a"
"01 May 20","0.3321","0.1047","n/a","n/a","n/a","n/a"
"30 Apr 20","0.325","0.1059","n/a","n/a","n/a","n/a"
"29 Apr 20","0.325","0.1059","n/a","n/a","n/a","n/a"
"28 Apr 20","0.3285","0.107","n/a","n/a","n/a","n/a"
"27 Apr 20","0.3446","0.125","n/a","n/a","n/a","n/a"
"24 Apr 20","0.3224","0.1098","n/a","n/a","n/a","n/a"
"23 Apr 20","0.3194","0.1001","n/a","n/a","n/a","n/a"
"22 Apr 20","0.3394","0.1189","n/a","n/a","n/a","n/a"
"21 Apr 20","0.3129","0.1049","n/a","n/a","n/a","n/a"
"20 Apr 20","0.4335","0.1711","n/a","n/a","n/a","n/a"
"17 Apr 20","0.3406","0.1166","n/a","n/a","n/a","n/a"
"16 Apr 20","0.33","0.0831","n/a","n/a","n/a","n/a"
"15 Apr 20","0.3379","0.0817","n/a","n/a","n/a","n/a"
"14 Apr 20","0.3627","0.1059","n/a","n/a","n/a","n/a"
"09 Apr 20","0.3315","0.0933","n/a","n/a","n/a","n/a"
"08 Apr 20","0.4452","0.1709","n/a","n/a","n/a","n/a"
"07 Apr 20","0.4325","0.1844","n/a","n/a","n/a","n/a"
"06 Apr 20","0.3757","0.1163","n/a","n/a","n/a","n/a"
"03 Apr 20","0.3701","0.1106","n/a","n/a","n/a","n/a"
"02 Apr 20","0.3859","0.1228","n/a","n/a","n/a","n/a"
"01 Apr 20","0.3917","0.1214","n/a","n/a","n/a","n/a"
"31 Mar 20","0.419","0.1548","0.605","0.3602","0.419","0.1548"
"30 Mar 20","0.3625","0.1374","n/a","n/a","n/a","n/a"
"27 Mar 20","0.3807","0.1449","n/a","n/a","n/a","n/a"
"26 Mar 20","0.4337","0.1458","n/a","n/a","n/a","n/a"
"25 Mar 20","0.4572","0.1616","n/a","n/a","n/a","n/a"
"24 Mar 20","0.4613","0.1808","n/a","n/a","n/a","n/a"
"23 Mar 20","0.4119","0.1552","n/a","n/a","n/a","n/a"
"20 Mar 20","0.5839","0.2342","n/a","n/a","n/a","n/a"
"19 Mar 20","0.8619","0.4838","n/a","n/a","n/a","n/a"
"18 Mar 20","0.8534","0.5187","n/a","n/a","n/a","n/a"
"17 Mar 20","0.6402","0.3908","n/a","n/a","n/a","n/a"
"16 Mar 20","0.5571","0.3405","n/a","n/a","n/a","n/a"
"13 Mar 20","0.4789","0.2835","n/a","n/a","n/a","n/a"
"12 Mar 20","0.3558","0.1996","n/a","n/a","n/a","n/a"
"11 Mar 20","0.3732","0.1624","n/a","n/a","n/a","n/a"
"10 Mar 20","0.2368","0.1049","n/a","n/a","n/a","n/a"
"09 Mar 20","0.2145","0.0697","n/a","n/a","n/a","n/a"
"06 Mar 20","0.2666","0.0652","n/a","n/a","n/a","n/a"
"05 Mar 20","0.4038","0.1605","n/a","n/a","n/a","n/a"
"04 Mar 20","0.4451","0.2017","n/a","n/a","n/a","n/a"
"03 Mar 20","0.464","0.2245","n/a","n/a","n/a","n/a"
"02 Mar 20","0.4788","0.2509","n/a","n/a","n/a","n/a"
"28 Feb 20","0.5035","0.2822","n/a","n/a","n/a","n/a"
"27 Feb 20","0.5283","0.3083","n/a","n/a","n/a","n/a"
"26 Feb 20","0.5653","0.3428","n/a","n/a","n/a","n/a"
"25 Feb 20","0.5649","0.3627","n/a","n/a","n/a","n/a"
"24 Feb 20","0.5954","0.392","n/a","n/a","n/a","n/a"
"21 Feb 20","0.6483","0.4304","n/a","n/a","n/a","n/a"
"20 Feb 20","0.6485","0.4383","n/a","n/a","n/a","n/a"
"19 Feb 20","0.6734","0.452","n/a","n/a","n/a","n/a"
"18 Feb 20","0.6854","0.4458","n/a","n/a","n/a","n/a"
"17 Feb 20","0.714","0.4879","n/a","n/a","n/a","n/a"
"14 Feb 20","0.689","0.4688","n/a","n/a","n/a","n/a"
"13 Feb 20","0.7106","0.482","n/a","n/a","n/a","n/a"
"12 Feb 20","0.6817","0.4537","n/a","n/a","n/a","n/a"
"11 Feb 20","0.6348","0.4128","n/a","n/a","n/a","n/a"
"10 Feb 20","0.6236","0.3896","n/a","n/a","n/a","n/a"
"07 Feb 20","0.6374","0.4016","n/a","n/a","n/a","n/a"
"06 Feb 20","0.658","0.4154","n/a","n/a","n/a","n/a"
"05 Feb 20","0.6671","0.4224","n/a","n/a","n/a","n/a"
"04 Feb 20","0.6278","0.3937","n/a","n/a","n/a","n/a"
"03 Feb 20","0.6021","0.3812","n/a","n/a","n/a","n/a"
"31 Jan 20","0.6128","0.401","n/a","n/a","n/a","n/a"
"30 Jan 20","0.6128","0.401","n/a","n/a","n/a","n/a"
"29 Jan 20","0.5935","0.3671","n/a","n/a","n/a","n/a"
"28 Jan 20","0.6118","0.3769","n/a","n/a","n/a","n/a"
"27 Jan 20","0.5713","0.3336","n/a","n/a","n/a","n/a"
"24 Jan 20","0.6237","0.382","n/a","n/a","n/a","n/a"
"23 Jan 20","0.6632","0.381","n/a","n/a","n/a","n/a"
"22 Jan 20","0.7099","0.4266","n/a","n/a","n/a","n/a"
"21 Jan 20","0.7042","0.4188","n/a","n/a","n/a","n/a"
"20 Jan 20","0.7156","0.4256","n/a","n/a","n/a","n/a"
"17 Jan 20","0.6954","0.3995","n/a","n/a","n/a","n/a"
"16 Jan 20","0.7046","0.4035","n/a","n/a","n/a","n/a"
"15 Jan 20","0.7095","0.4283","n/a","n/a","n/a","n/a"
"14 Jan 20","0.7637","0.4911","n/a","n/a","n/a","n/a"
"13 Jan 20","0.8084","0.5119","n/a","n/a","n/a","n/a"
"10 Jan 20","0.8261","0.5042","n/a","n/a","n/a","n/a"
"09 Jan 20","0.8791","0.5979","n/a","n/a","n/a","n/a"
"08 Jan 20","0.8502","0.6587","n/a","n/a","n/a","n/a"
"07 Jan 20","0.8133","0.5749","n/a","n/a","n/a","n/a"
"06 Jan 20","0.7874","0.546","n/a","n/a","n/a","n/a"
"03 Jan 20","0.8094","0.5349","n/a","n/a","n/a","n/a"
"02 Jan 20","0.8523","0.5519","n/a","n/a","n/a","n/a"
"31 Dec 19","0.9129","0.5496","0.7397","0.4711","0.9129","0.5496"
"30 Dec 19","0.8894","0.6113","n/a","n/a","n/a","n/a"
"27 Dec 19","0.8148","0.5518","n/a","n/a","n/a","n/a"
"24 Dec 19","0.8352","0.5506","n/a","n/a","n/a","n/a"
"23 Dec 19","0.8051","0.5447","n/a","n/a","n/a","n/a"
"20 Dec 19","0.8546","0.5577","n/a","n/a","n/a","n/a"
"19 Dec 19","0.8724","0.5903","n/a","n/a","n/a","n/a"
"18 Dec 19","0.8077","0.5446","n/a","n/a","n/a","n/a"
"17 Dec 19","0.7888","0.5196","n/a","n/a","n/a","n/a"
"16 Dec 19","0.9003","0.6285","n/a","n/a","n/a","n/a"
"13 Dec 19","0.8617","0.5709","n/a","n/a","n/a","n/a"
"12 Dec 19","0.907","0.6122","n/a","n/a","n/a","n/a"
"11 Dec 19","0.8099","0.537","n/a","n/a","n/a","n/a"
"10 Dec 19","0.8267","0.5488","n/a","n/a","n/a","n/a"
"09 Dec 19","0.8138","0.553","n/a","n/a","n/a","n/a"
"06 Dec 19","0.7751","0.5449","n/a","n/a","n/a","n/a"
"05 Dec 19","0.8387","0.5708","n/a","n/a","n/a","n/a"
"04 Dec 19","0.7845","0.5337","n/a","n/a","n/a","n/a"
"03 Dec 19","0.7292","0.477","n/a","n/a","n/a","n/a"
"02 Dec 19","0.7875","0.5337","n/a","n/a","n/a","n/a"
"29 Nov 19","0.7387","0.4961","n/a","n/a","n/a","n/a"
"28 Nov 19","0.7205","0.4635","n/a","n/a","n/a","n/a"
"27 Nov 19","0.7253","0.463","n/a","n/a","n/a","n/a"
"26 Nov 19","0.6916","0.427","n/a","n/a","n/a","n/a"
"25 Nov 19","0.7432","0.4693","n/a","n/a","n/a","n/a"
"22 Nov 19","0.7993","0.5305","n/a","n/a","n/a","n/a"
"21 Nov 19","0.7993","0.5305","n/a","n/a","n/a","n/a"
"20 Nov 19","0.7702","0.5083","n/a","n/a","n/a","n/a"
"19 Nov 19","0.7739","0.5086","n/a","n/a","n/a","n/a"
"18 Nov 19","0.7773","0.514","n/a","n/a","n/a","n/a"
"15 Nov 19","0.762","0.4699","n/a","n/a","n/a","n/a"
"14 Nov 19","0.7508","0.461","n/a","n/a","n/a","n/a"
"13 Nov 19","0.785","0.5144","n/a","n/a","n/a","n/a"
"12 Nov 19","0.8128","0.5395","n/a","n/a","n/a","n/a"
"11 Nov 19","0.8181","0.5271","n/a","n/a","n/a","n/a"
"08 Nov 19","0.8181","0.5271","n/a","n/a","n/a","n/a"
"07 Nov 19","0.7925","0.494","n/a","n/a","n/a","n/a"
"06 Nov 19","0.7602","0.497","n/a","n/a","n/a","n/a"
"05 Nov 19","0.7917","0.5079","n/a","n/a","n/a","n/a"
"04 Nov 19","0.7401","0.4574","n/a","n/a","n/a","n/a"
"01 Nov 19","0.6939","0.4433","n/a","n/a","n/a","n/a"
"31 Oct 19","0.653","0.4053","n/a","n/a","n/a","n/a"
"30 Oct 19","0.7107","0.4475","n/a","n/a","n/a","n/a"
"29 Oct 19","0.7446","0.4786","n/a","n/a","n/a","n/a"
"28 Oct 19","0.746","0.4825","n/a","n/a","n/a","n/a"
"25 Oct 19","0.6917","0.4205","n/a","n/a","n/a","n/a"
"24 Oct 19","0.6564","0.3921","n/a","n/a","n/a","n/a"
"23 Oct 19","0.7054","0.4496","n/a","n/a","n/a","n/a"
"22 Oct 19","0.7319","0.4616","n/a","n/a","n/a","n/a"
"21 Oct 19","0.7748","0.5089","n/a","n/a","n/a","n/a"
"18 Oct 19","0.7354","0.4656","n/a","n/a","n/a","n/a"
"17 Oct 19","0.7205","0.4431","n/a","n/a","n/a","n/a"
"16 Oct 19","0.7147","0.4441","n/a","n/a","n/a","n/a"
"15 Oct 19","0.7285","0.4662","n/a","n/a","n/a","n/a"
"14 Oct 19","0.6644","0.4124","n/a","n/a","n/a","n/a"
"11 Oct 19","0.7296","0.4882","n/a","n/a","n/a","n/a"
"10 Oct 19","0.5734","0.3198","n/a","n/a","n/a","n/a"
"09 Oct 19","0.4863","0.2329","n/a","n/a","n/a","n/a"
"08 Oct 19","0.4402","0.1817","n/a","n/a","n/a","n/a"
"07 Oct 19","0.4765","0.2197","n/a","n/a","n/a","n/a"
"04 Oct 19","0.4643","0.2128","n/a","n/a","n/a","n/a"
"03 Oct 19","0.5078","0.2489","n/a","n/a","n/a","n/a"
"02 Oct 19","0.5157","0.2621","n/a","n/a","n/a","n/a"
"01 Oct 19","0.4868","0.2285","n/a","n/a","n/a","n/a"
"30 Sep 19","0.5092","0.2593","0.6737","0.4025","0.5092","0.2593"
"27 Sep 19","0.5257","0.2696","n/a","n/a","n/a","n/a"
"26 Sep 19","0.5403","0.3313","n/a","n/a","n/a","n/a"
"25 Sep 19","0.541","0.3374","n/a","n/a","n/a","n/a"
"24 Sep 19","0.5456","0.3462","n/a","n/a","n/a","n/a"
"23 Sep 19","0.551","0.3566","n/a","n/a","n/a","n/a"
"20 Sep 19","0.642","0.438","n/a","n/a","n/a","n/a"
"19 Sep 19","0.6417","0.4316","n/a","n/a","n/a","n/a"
"18 Sep 19","0.7","0.4635","n/a","n/a","n/a","n/a"
"17 Sep 19","0.7","0.4635","n/a","n/a","n/a","n/a"
"16 Sep 19","0.6969","0.4684","n/a","n/a","n/a","n/a"
"13 Sep 19","0.7731","0.5382","n/a","n/a","n/a","n/a"
"12 Sep 19","0.6567","0.4434","n/a","n/a","n/a","n/a"
"11 Sep 19","0.6591","0.4312","n/a","n/a","n/a","n/a"
"10 Sep 19","0.6514","0.413","n/a","n/a","n/a","n/a"
"09 Sep 19","0.6273","0.3863","n/a","n/a","n/a","n/a"
"06 Sep 19","0.5321","0.3046","n/a","n/a","n/a","n/a"
"05 Sep 19","0.6383","0.3952","n/a","n/a","n/a","n/a"
"04 Sep 19","0.535","0.3107","n/a","n/a","n/a","n/a"
"03 Sep 19","0.4309","0.2263","n/a","n/a","n/a","n/a"
"02 Sep 19","0.463","0.2487","n/a","n/a","n/a","n/a"
"30 Aug 19","0.5161","0.2976","n/a","n/a","n/a","n/a"
"29 Aug 19","0.4763","0.2589","n/a","n/a","n/a","n/a"
"28 Aug 19","0.4807","0.2528","n/a","n/a","n/a","n/a"
"27 Aug 19","0.5386","0.2985","n/a","n/a","n/a","n/a"
"23 Aug 19","0.6065","0.363","n/a","n/a","n/a","n/a"
"22 Aug 19","0.6165","0.3922","n/a","n/a","n/a","n/a"
"21 Aug 19","0.5531","0.3467","n/a","n/a","n/a","n/a"
"20 Aug 19","0.5535","0.3477","n/a","n/a","n/a","n/a"
"19 Aug 19","0.5858","0.3682","n/a","n/a","n/a","n/a"
"16 Aug 19","0.5611","0.3649","n/a","n/a","n/a","n/a"
"15 Aug 19","0.4977","0.2993","n/a","n/a","n/a","n/a"
"14 Aug 19","0.5446","0.3079","n/a","n/a","n/a","n/a"
"13 Aug 19","0.5932","0.3239","n/a","n/a","n/a","n/a"
"12 Aug 19","0.5989","0.3118","n/a","n/a","n/a","n/a"
"09 Aug 19","0.6002","0.3189","n/a","n/a","n/a","n/a"
"08 Aug 19","0.6342","0.352","n/a","n/a","n/a","n/a"
"07 Aug 19","0.5797","0.3085","n/a","n/a","n/a","n/a"
"06 Aug 19","0.6237","0.3018","n/a","n/a","n/a","n/a"
"05 Aug 19","0.6133","0.2861","n/a","n/a","n/a","n/a"
"02 Aug 19","0.6679","0.3413","n/a","n/a","n/a","n/a"
"01 Aug 19","0.6886","0.3277","n/a","n/a","n/a","n/a"
"31 Jul 19","0.7313","0.3829","n/a","n/a","n/a","n/a"
"30 Jul 19","0.7562","0.3868","n/a","n/a","n/a","n/a"
"29 Jul 19","0.7685","0.4195","n/a","n/a","n/a","n/a"
"26 Jul 19","0.7975","0.4507","n/a","n/a","n/a","n/a"
"25 Jul 19","0.8174","0.4819","n/a","n/a","n/a","n/a"
"24 Jul 19","0.7643","0.4568","n/a","n/a","n/a","n/a"
"23 Jul 19","0.7875","0.4611","n/a","n/a","n/a","n/a"
"22 Jul 19","0.8125","0.4847","n/a","n/a","n/a","n/a"
"19 Jul 19","0.8389","0.5028","n/a","n/a","n/a","n/a"
"18 Jul 19","0.8579","0.5258","n/a","n/a","n/a","n/a"
"17 Jul 19","0.8634","0.5339","n/a","n/a","n/a","n/a"
"16 Jul 19","0.9269","0.599","n/a","n/a","n/a","n/a"
"15 Jul 19","0.8578","0.5533","n/a","n/a","n/a","n/a"
"12 Jul 19","0.9448","0.615","n/a","n/a","n/a","n/a"
"11 Jul 19","0.9413","0.6194","n/a","n/a","n/a","n/a"
"10 Jul 19","0.8592","0.5302","n/a","n/a","n/a","n/a"
"09 Jul 19","0.8177","0.4967","n/a","n/a","n/a","n/a"
"08 Jul 19","0.8123","0.4818","n/a","n/a","n/a","n/a"
"05 Jul 19","0.852","0.5368","n/a","n/a","n/a","n/a"
"04 Jul 19","0.7861","0.4678","n/a","n/a","n/a","n/a"
"03 Jul 19","0.7995","0.4736","n/a","n/a","n/a","n/a"
"02 Jul 19","0.8335","0.503","n/a","n/a","n/a","n/a"
"01 Jul 19","0.8728","0.5673","n/a","n/a","n/a","n/a"
"30 Jun 19","n/a","n/a","1.0807","0.7292","0.9509","0.6097"
"28 Jun 19","0.9509","0.6097","n/a","n/a","n/a","n/a"
"27 Jun 19","0.9283","0.6005","n/a","n/a","n/a","n/a"
"26 Jun 19","0.8865","0.5732","n/a","n/a","n/a","n/a"
"25 Jun 19","0.9045","0.5513","n/a","n/a","n/a","n/a"
"24 Jun 19","0.873","0.562","n/a","n/a","n/a","n/a"
"21 Jun 19","0.9069","0.5947","n/a","n/a","n/a","n/a"
"20 Jun 19","0.906","0.5478","n/a","n/a","n/a","n/a"
"19 Jun 19","0.9343","0.6073","n/a","n/a","n/a","n/a"
"18 Jun 19","0.8578","0.5517","n/a","n/a","n/a","n/a"
"17 Jun 19","0.9127","0.5906","n/a","n/a","n/a","n/a"
"14 Jun 19","0.9349","0.5988","n/a","n/a","n/a","n/a"
"13 Jun 19","0.8931","0.5799","n/a","n/a","n/a","n/a"
"12 Jun 19","0.9605","0.5736","n/a","n/a","n/a","n/a"
"11 Jun 19","0.942","0.5853","n/a","n/a","n/a","n/a"
"10 Jun 19","0.8873","0.5594","n/a","n/a","n/a","n/a"
"07 Jun 19","0.8901","0.5637","n/a","n/a","n/a","n/a"
"06 Jun 19","0.9431","0.5791","n/a","n/a","n/a","n/a"
"05 Jun 19","0.9152","0.5875","n/a","n/a","n/a","n/a"
"04 Jun 19","0.9938","0.6455","n/a","n/a","n/a","n/a"
"03 Jun 19","0.9596","0.5982","n/a","n/a","n/a","n/a"
"31 May 19","0.9775","0.6522","n/a","n/a","n/a","n/a"
"30 May 19","0.9941","0.6436","n/a","n/a","n/a","n/a"
"29 May 19","0.9771","0.6139","n/a","n/a","n/a","n/a"
"28 May 19","1.016","0.6696","n/a","n/a","n/a","n/a"
"24 May 19","1.0283","0.6569","n/a","n/a","n/a","n/a"
"23 May 19","1.0485","0.6965","n/a","n/a","n/a","n/a"
"22 May 19","1.1166","0.7583","n/a","n/a","n/a","n/a"
"21 May 19","1.1396","0.8139","n/a","n/a","n/a","n/a"
"20 May 19","1.1525","0.7948","n/a","n/a","n/a","n/a"
"17 May 19","1.093","0.7576","n/a","n/a","n/a","n/a"
"16 May 19","1.148","0.7814","n/a","n/a","n/a","n/a"
"15 May 19","1.1507","0.7996","n/a","n/a","n/a","n/a"
"14 May 19","1.143","0.7911","n/a","n/a","n/a","n/a"
"13 May 19","1.1833","0.8147","n/a","n/a","n/a","n/a"
"10 May 19","1.2157","0.8419","n/a","n/a","n/a","n/a"
"09 May 19","1.2027","0.8307","n/a","n/a","n/a","n/a"
"08 May 19","1.1995","0.8416","n/a","n/a","n/a","n/a"
"07 May 19","1.2493","0.8706","n/a","n/a","n/a","n/a"
"03 May 19","1.2554","0.9087","n/a","n/a","n/a","n/a"
"02 May 19","1.2399","0.8667","n/a","n/a","n/a","n/a"
"01 May 19","1.1994","0.8383","n/a","n/a","n/a","n/a"
"30 Apr 19","1.2238","0.8625","n/a","n/a","n/a","n/a"
"29 Apr 19","1.1936","0.8252","n/a","n/a","n/a","n/a"
"26 Apr 19","1.1837","0.8085","n/a","n/a","n/a","n/a"
"25 Apr 19","1.1973","0.8286","n/a","n/a","n/a","n/a"
"24 Apr 19","1.2203","0.8502","n/a","n/a","n/a","n/a"
"23 Apr 19","1.2617","0.8979","n/a","n/a","n/a","n/a"
"18 Apr 19","1.2356","0.8716","n/a","n/a","n/a","n/a"
"17 Apr 19","1.2734","0.911","n/a","n/a","n/a","n/a"
"16 Apr 19","1.2521","0.9027","n/a","n/a","n/a","n/a"
"15 Apr 19","1.2518","0.8991","n/a","n/a","n/a","n/a"
"12 Apr 19","1.2501","0.8939","n/a","n/a","n/a","n/a"
"11 Apr 19","1.2098","0.8414","n/a","n/a","n/a","n/a"
"10 Apr 19","1.1437","0.7916","n/a","n/a","n/a","n/a"
"09 Apr 19","1.1751","0.792","n/a","n/a","n/a","n/a"
"08 Apr 19","1.1426","0.7904","n/a","n/a","n/a","n/a"
"05 Apr 19","1.1573","0.8049","n/a","n/a","n/a","n/a"
"04 Apr 19","1.152","0.7876","n/a","n/a","n/a","n/a"
"03 Apr 19","1.1246","0.7636","n/a","n/a","n/a","n/a"
"02 Apr 19","1.0661","0.7253","n/a","n/a","n/a","n/a"
"01 Apr 19","1.097","0.7314","n/a","n/a","n/a","n/a"
"31 Mar 19","n/a","n/a","1.2517","0.8728","1.0945","0.7346"
"29 Mar 19","1.0945","0.7346","n/a","n/a","n/a","n/a"
"28 Mar 19","1.0626","0.6963","n/a","n/a","n/a","n/a"
"27 Mar 19","1.0505","0.7421","n/a","n/a","n/a","n/a"
"26 Mar 19","1.0827","0.7511","n/a","n/a","n/a","n/a"
"25 Mar 19","1.0267","0.7052","n/a","n/a","n/a","n/a"
"22 Mar 19","1.0644","0.7464","n/a","n/a","n/a","n/a"
"21 Mar 19","1.1147","0.7716","n/a","n/a","n/a","n/a"
"20 Mar 19","1.1766","0.8396","n/a","n/a","n/a","n/a"
"19 Mar 19","1.2264","0.8734","n/a","n/a","n/a","n/a"
"18 Mar 19","1.2236","0.8655","n/a","n/a","n/a","n/a"
"15 Mar 19","1.2467","0.8844","n/a","n/a","n/a","n/a"
"14 Mar 19","1.2641","0.8994","n/a","n/a","n/a","n/a"
"13 Mar 19","1.2431","0.8748","n/a","n/a","n/a","n/a"
"12 Mar 19","1.2099","0.8468","n/a","n/a","n/a","n/a"
"11 Mar 19","1.2029","0.8432","n/a","n/a","n/a","n/a"
"08 Mar 19","1.2228","0.863","n/a","n/a","n/a","n/a"
"07 Mar 19","1.1893","0.8339","n/a","n/a","n/a","n/a"
"06 Mar 19","1.2573","0.8933","n/a","n/a","n/a","n/a"
"05 Mar 19","1.318","0.9504","n/a","n/a","n/a","n/a"
"04 Mar 19","1.3455","0.9425","n/a","n/a","n/a","n/a"
"01 Mar 19","1.3681","0.9598","n/a","n/a","n/a","n/a"
"28 Feb 19","1.3366","0.9616","n/a","n/a","n/a","n/a"
"27 Feb 19","1.3217","0.9615","n/a","n/a","n/a","n/a"
"26 Feb 19","1.2467","0.8853","n/a","n/a","n/a","n/a"
"25 Feb 19","1.2118","0.8498","n/a","n/a","n/a","n/a"
"22 Feb 19","1.1926","0.871","n/a","n/a","n/a","n/a"
"21 Feb 19","1.239","0.8728","n/a","n/a","n/a","n/a"
"20 Feb 19","1.2579","0.8792","n/a","n/a","n/a","n/a"
"19 Feb 19","1.2283","0.8387","n/a","n/a","n/a","n/a"
"18 Feb 19","1.2084","0.8301","n/a","n/a","n/a","n/a"
"15 Feb 19","1.2123","0.8213","n/a","n/a","n/a","n/a"
"14 Feb 19","1.1761","0.8004","n/a","n/a","n/a","n/a"
"13 Feb 19","1.2169","0.8419","n/a","n/a","n/a","n/a"
"12 Feb 19","1.2156","0.8394","n/a","n/a","n/a","n/a"
"11 Feb 19","1.1963","0.8236","n/a","n/a","n/a","n/a"
"08 Feb 19","1.1761","0.8004","n/a","n/a","n/a","n/a"
"07 Feb 19","1.2339","0.8403","n/a","n/a","n/a","n/a"
"06 Feb 19","1.2615","0.8745","n/a","n/a","n/a","n/a"
"05 Feb 19","1.2801","0.879","n/a","n/a","n/a","n/a"
"04 Feb 19","1.2845","0.8903","n/a","n/a","n/a","n/a"
"01 Feb 19","1.2845","0.8903","n/a","n/a","n/a","n/a"
"31 Jan 19","1.2531","0.8841","n/a","n/a","n/a","n/a"
"30 Jan 19","1.3147","0.9301","n/a","n/a","n/a","n/a"
"29 Jan 19","1.3277","0.9324","n/a","n/a","n/a","n/a"
"28 Jan 19","1.3257","0.9245","n/a","n/a","n/a","n/a"
"25 Jan 19","1.3611","0.9528","n/a","n/a","n/a","n/a"
"24 Jan 19","1.3325","0.9139","n/a","n/a","n/a","n/a"
"23 Jan 19","1.3829","0.9661","n/a","n/a","n/a","n/a"
"22 Jan 19","1.3441","0.9518","n/a","n/a","n/a","n/a"
"21 Jan 19","1.3565","0.9652","n/a","n/a","n/a","n/a"
"18 Jan 19","1.4145","0.9824","n/a","n/a","n/a","n/a"
"17 Jan 19","1.3659","0.9663","n/a","n/a","n/a","n/a"
"16 Jan 19","1.2986","0.9279","n/a","n/a","n/a","n/a"
"15 Jan 19","1.2986","0.9279","n/a","n/a","n/a","n/a"
"14 Jan 19","1.3322","0.9423","n/a","n/a","n/a","n/a"
"11 Jan 19","1.3279","0.9318","n/a","n/a","n/a","n/a"
"10 Jan 19","1.3181","0.9092","n/a","n/a","n/a","n/a"
"09 Jan 19","1.3174","0.889","n/a","n/a","n/a","n/a"
"08 Jan 19","1.3315","0.8844","n/a","n/a","n/a","n/a"
"07 Jan 19","1.2789","0.8773","n/a","n/a","n/a","n/a"
"04 Jan 19","1.326","0.9064","n/a","n/a","n/a","n/a"
"03 Jan 19","1.223","0.8141","n/a","n/a","n/a","n/a"
"02 Jan 19","1.2544","0.8375","n/a","n/a","n/a","n/a"
"31 Dec 18","1.3339","0.9011","1.4452","1.0003","1.3339","0.9011"
"28 Dec 18","1.3433","0.8949","n/a","n/a","n/a","n/a"
"27 Dec 18","1.3586","0.9099","n/a","n/a","n/a","n/a"
"24 Dec 18","1.3001","0.8798","n/a","n/a","n/a","n/a"
"21 Dec 18","1.3781","0.9266","n/a","n/a","n/a","n/a"
"20 Dec 18","1.3237","0.8748","n/a","n/a","n/a","n/a"
"19 Dec 18","1.3283","0.8916","n/a","n/a","n/a","n/a"
"18 Dec 18","1.3393","0.9163","n/a","n/a","n/a","n/a"
"17 Dec 18","1.3247","0.8843","n/a","n/a","n/a","n/a"
"14 Dec 18","1.2896","0.852","n/a","n/a","n/a","n/a"
"13 Dec 18","1.3165","0.8957","n/a","n/a","n/a","n/a"
"12 Dec 18","1.3355","0.8854","n/a","n/a","n/a","n/a"
"11 Dec 18","1.2024","0.8103","n/a","n/a","n/a","n/a"
"10 Dec 18","1.1806","0.788","n/a","n/a","n/a","n/a"
"07 Dec 18","1.2837","0.8679","n/a","n/a","n/a","n/a"
"06 Dec 18","1.24","0.84","n/a","n/a","n/a","n/a"
"05 Dec 18","1.32","0.91","n/a","n/a","n/a","n/a"
"04 Dec 18","1.35","0.88","n/a","n/a","n/a","n/a"
"03 Dec 18","1.39","0.89","n/a","n/a","n/a","n/a"
"30 Nov 18","1.43","0.93","n/a","n/a","n/a","n/a"
"29 Nov 18","1.363","0.9147","n/a","n/a","n/a","n/a"
"28 Nov 18","1.3968","0.9379","n/a","n/a","n/a","n/a"
"27 Nov 18","1.3991","0.9558","n/a","n/a","n/a","n/a"
"26 Nov 18","1.4153","0.9722","n/a","n/a","n/a","n/a"
"23 Nov 18","1.4195","0.9471","n/a","n/a","n/a","n/a"
"22 Nov 18","1.4598","0.9701","n/a","n/a","n/a","n/a"
"21 Nov 18","1.4357","0.9409","n/a","n/a","n/a","n/a"
"20 Nov 18","1.4362","0.9243","n/a","n/a","n/a","n/a"
"19 Nov 18","1.4136","0.9121","n/a","n/a","n/a","n/a"
"16 Nov 18","1.4199","0.9501","n/a","n/a","n/a","n/a"
"15 Nov 18","1.414","0.9127","n/a","n/a","n/a","n/a"
"14 Nov 18","1.5064","1.049","n/a","n/a","n/a","n/a"
"13 Nov 18","1.5098","1.0608","n/a","n/a","n/a","n/a"
"12 Nov 18","1.4427","1.0008","n/a","n/a","n/a","n/a"
"09 Nov 18","1.4981","1.0644","n/a","n/a","n/a","n/a"
"08 Nov 18","1.559","1.1252","n/a","n/a","n/a","n/a"
"07 Nov 18","1.5254","1.0914","n/a","n/a","n/a","n/a"
"06 Nov 18","1.5248","1.0882","n/a","n/a","n/a","n/a"
"05 Nov 18","1.49","1.0643","n/a","n/a","n/a","n/a"
"02 Nov 18","1.4849","1.0571","n/a","n/a","n/a","n/a"
"01 Nov 18","1.4466","1.0176","n/a","n/a","n/a","n/a"
"31 Oct 18","1.431","0.9974","n/a","n/a","n/a","n/a"
"30 Oct 18","1.3915","0.9608","n/a","n/a","n/a","n/a"
"29 Oct 18","1.386","0.9482","n/a","n/a","n/a","n/a"
"26 Oct 18","1.3604","0.9305","n/a","n/a","n/a","n/a"
"25 Oct 18","1.4282","0.9923","n/a","n/a","n/a","n/a"
"24 Oct 18","1.4422","1.0053","n/a","n/a","n/a","n/a"
"23 Oct 18","1.4729","1.0363","n/a","n/a","n/a","n/a"
"22 Oct 18","1.5105","1.0602","n/a","n/a","n/a","n/a"
"19 Oct 18","1.5514","1.1016","n/a","n/a","n/a","n/a"
"18 Oct 18","1.5494","1.0935","n/a","n/a","n/a","n/a"
"17 Oct 18","1.556","1.105","n/a","n/a","n/a","n/a"
"16 Oct 18","1.6029","1.1449","n/a","n/a","n/a","n/a"
"15 Oct 18","1.5961","1.1382","n/a","n/a","n/a","n/a"
"12 Oct 18","1.6253","1.1715","n/a","n/a","n/a","n/a"
"11 Oct 18","1.665","1.2165","n/a","n/a","n/a","n/a"
"10 Oct 18","1.7035","1.2581","n/a","n/a","n/a","n/a"
"09 Oct 18","1.667","1.2289","n/a","n/a","n/a","n/a"
"08 Oct 18","1.6623","1.2301","n/a","n/a","n/a","n/a"
"05 Oct 18","1.6887","1.2539","n/a","n/a","n/a","n/a"
"04 Oct 18","1.6409","1.2086","n/a","n/a","n/a","n/a"
"03 Oct 18","1.5466","1.1196","n/a","n/a","n/a","n/a"
"02 Oct 18","1.5234","1.0979","n/a","n/a","n/a","n/a"
"01 Oct 18","1.5615","1.1355","n/a","n/a","n/a","n/a"
"30 Sep 18","n/a","n/a","1.4227","1.0134","1.5588","1.1377"
"28 Sep 18","1.5588","1.1377","n/a","n/a","n/a","n/a"
"27 Sep 18","1.5745","1.152","n/a","n/a","n/a","n/a"
"26 Sep 18","1.5763","1.1453","n/a","n/a","n/a","n/a"
"25 Sep 18","1.6082","1.1738","n/a","n/a","n/a","n/a"
"24 Sep 18","1.5851","1.1559","n/a","n/a","n/a","n/a"
"21 Sep 18","1.5326","1.1171","n/a","n/a","n/a","n/a"
"20 Sep 18","1.5678","1.153","n/a","n/a","n/a","n/a"
"19 Sep 18","1.5856","1.1625","n/a","n/a","n/a","n/a"
"18 Sep 18","1.5375","1.1184","n/a","n/a","n/a","n/a"
"17 Sep 18","1.5092","1.1052","n/a","n/a","n/a","n/a"
"14 Sep 18","1.5006","1.0962","n/a","n/a","n/a","n/a"
"13 Sep 18","1.4798","1.0735","n/a","n/a","n/a","n/a"
"12 Sep 18","1.4616","1.0561","n/a","n/a","n/a","n/a"
"11 Sep 18","1.4687","1.0692","n/a","n/a","n/a","n/a"
"10 Sep 18","1.445","1.0259","n/a","n/a","n/a","n/a"
"07 Sep 18","1.4316","1.0143","n/a","n/a","n/a","n/a"
"06 Sep 18","1.3947","0.985","n/a","n/a","n/a","n/a"
"05 Sep 18","1.4442","1.0283","n/a","n/a","n/a","n/a"
"04 Sep 18","1.4011","0.9944","n/a","n/a","n/a","n/a"
"03 Sep 18","1.3837","0.9844","n/a","n/a","n/a","n/a"
"31 Aug 18","1.408","1.0023","n/a","n/a","n/a","n/a"
"30 Aug 18","1.43","1.0241","n/a","n/a","n/a","n/a"
"29 Aug 18","1.462","1.0476","n/a","n/a","n/a","n/a"
"28 Aug 18","1.4184","1.0002","n/a","n/a","n/a","n/a"
"24 Aug 18","1.3885","0.975","n/a","n/a","n/a","n/a"
"23 Aug 18","1.3879","0.9761","n/a","n/a","n/a","n/a"
"22 Aug 18","1.3857","0.9746","n/a","n/a","n/a","n/a"
"21 Aug 18","1.3796","0.9689","n/a","n/a","n/a","n/a"
"20 Aug 18","1.3307","0.9325","n/a","n/a","n/a","n/a"
"17 Aug 18","1.3441","0.9397","n/a","n/a","n/a","n/a"
"16 Aug 18","1.3441","0.9364","n/a","n/a","n/a","n/a"
"15 Aug 18","1.3337","0.9277","n/a","n/a","n/a","n/a"
"14 Aug 18","1.3762","0.9655","n/a","n/a","n/a","n/a"
"13 Aug 18","1.3763","0.9638","n/a","n/a","n/a","n/a"
"10 Aug 18","1.3583","0.9455","n/a","n/a","n/a","n/a"
"09 Aug 18","1.4092","0.9936","n/a","n/a","n/a","n/a"
"08 Aug 18","1.4225","1.002","n/a","n/a","n/a","n/a"
"07 Aug 18","1.4333","1.0068","n/a","n/a","n/a","n/a"
"06 Aug 18","1.4025","0.9854","n/a","n/a","n/a","n/a"
"03 Aug 18","1.4267","1.0129","n/a","n/a","n/a","n/a"
"02 Aug 18","1.4776","1.0633","n/a","n/a","n/a","n/a"
"01 Aug 18","1.485","1.0691","n/a","n/a","n/a","n/a"
"31 Jul 18","1.4297","1.0186","n/a","n/a","n/a","n/a"
"30 Jul 18","1.4517","1.0389","n/a","n/a","n/a","n/a"
"27 Jul 18","1.3851","0.9882","n/a","n/a","n/a","n/a"
"26 Jul 18","1.3815","0.9852","n/a","n/a","n/a","n/a"
"25 Jul 18","1.3664","0.9746","n/a","n/a","n/a","n/a"
"24 Jul 18","1.3652","0.9701","n/a","n/a","n/a","n/a"
"23 Jul 18","1.3664","0.9711","n/a","n/a","n/a","n/a"
"20 Jul 18","1.3357","0.942","n/a","n/a","n/a","n/a"
"19 Jul 18","1.292","0.9097","n/a","n/a","n/a","n/a"
"18 Jul 18","1.3326","0.9383","n/a","n/a","n/a","n/a"
"17 Jul 18","1.3662","0.9732","n/a","n/a","n/a","n/a"
"16 Jul 18","1.3984","0.9964","n/a","n/a","n/a","n/a"
"13 Jul 18","1.3783","0.9758","n/a","n/a","n/a","n/a"
"12 Jul 18","1.3805","0.9765","n/a","n/a","n/a","n/a"
"11 Jul 18","1.4014","1.0012","n/a","n/a","n/a","n/a"
"10 Jul 18","1.4015","1.0032","n/a","n/a","n/a","n/a"
"09 Jul 18","1.3783","0.9773","n/a","n/a","n/a","n/a"
"06 Jul 18","1.3656","0.9701","n/a","n/a","n/a","n/a"
"05 Jul 18","1.3599","0.9534","n/a","n/a","n/a","n/a"
"04 Jul 18","1.3804","0.9622","n/a","n/a","n/a","n/a"
"03 Jul 18","1.3479","0.927","n/a","n/a","n/a","n/a"
"02 Jul 18","1.3613","0.942","n/a","n/a","n/a","n/a"
"30 Jun 18","n/a","n/a","1.4779","1.0461","1.3821","0.9642"
"29 Jun 18","1.3821","0.9642","n/a","n/a","n/a","n/a"
"28 Jun 18","1.3627","0.9397","n/a","n/a","n/a","n/a"
"27 Jun 18","1.3582","0.9407","n/a","n/a","n/a","n/a"
"26 Jun 18","1.4041","0.9787","n/a","n/a","n/a","n/a"
"25 Jun 18","1.4071","0.9829","n/a","n/a","n/a","n/a"
"22 Jun 18","1.4188","1.0021","n/a","n/a","n/a","n/a"
"21 Jun 18","1.3849","0.965","n/a","n/a","n/a","n/a"
"20 Jun 18","1.3996","0.9629","n/a","n/a","n/a","n/a"
"19 Jun 18","1.3883","0.9542","n/a","n/a","n/a","n/a"
"18 Jun 18","1.4259","0.9874","n/a","n/a","n/a","n/a"
"15 Jun 18","1.4168","0.9819","n/a","n/a","n/a","n/a"
"14 Jun 18","1.4247","0.9944","n/a","n/a","n/a","n/a"
"13 Jun 18","1.4568","1.0144","n/a","n/a","n/a","n/a"
"12 Jun 18","1.4903","1.0392","n/a","n/a","n/a","n/a"
"11 Jun 18","1.5071","1.0461","n/a","n/a","n/a","n/a"
"08 Jun 18","1.4948","1.041","n/a","n/a","n/a","n/a"
"07 Jun 18","1.508","1.0483","n/a","n/a","n/a","n/a"
"06 Jun 18","1.4837","1.0279","n/a","n/a","n/a","n/a"
"05 Jun 18","1.3906","0.9453","n/a","n/a","n/a","n/a"
"04 Jun 18","1.398","0.944","n/a","n/a","n/a","n/a"
"01 Jun 18","1.3793","0.9169","n/a","n/a","n/a","n/a"
"31 May 18","1.3247","0.8716","n/a","n/a","n/a","n/a"
"30 May 18","1.3266","0.8753","n/a","n/a","n/a","n/a"
"29 May 18","1.3326","0.8869","n/a","n/a","n/a","n/a"
"25 May 18","1.424","0.9756","n/a","n/a","n/a","n/a"
"24 May 18","1.4833","1.0312","n/a","n/a","n/a","n/a"
"23 May 18","1.5159","1.0591","n/a","n/a","n/a","n/a"
"22 May 18","1.5987","1.1388","n/a","n/a","n/a","n/a"
"21 May 18","1.5671","1.1082","n/a","n/a","n/a","n/a"
"18 May 18","1.5767","1.1202","n/a","n/a","n/a","n/a"
"17 May 18","1.6306","1.1742","n/a","n/a","n/a","n/a"
"16 May 18","1.5763","1.12","n/a","n/a","n/a","n/a"
"15 May 18","1.5884","1.1362","n/a","n/a","n/a","n/a"
"14 May 18","1.5572","1.102","n/a","n/a","n/a","n/a"
"11 May 18","1.5251","1.0726","n/a","n/a","n/a","n/a"
"10 May 18","1.5025","1.0511","n/a","n/a","n/a","n/a"
"09 May 18","1.544","1.1024","n/a","n/a","n/a","n/a"
"08 May 18","1.517","1.0752","n/a","n/a","n/a","n/a"
"04 May 18","1.4737","1.036","n/a","n/a","n/a","n/a"
"03 May 18","1.4673","1.0211","n/a","n/a","n/a","n/a"
"02 May 18","1.5263","1.0845","n/a","n/a","n/a","n/a"
"01 May 18","1.4752","1.0344","n/a","n/a","n/a","n/a"
"30 Apr 18","1.4902","1.0427","n/a","n/a","n/a","n/a"
"27 Apr 18","1.5168","1.0733","n/a","n/a","n/a","n/a"
"26 Apr 18","1.5684","1.146","n/a","n/a","n/a","n/a"
"25 Apr 18","1.6019","1.1624","n/a","n/a","n/a","n/a"
"24 Apr 18","1.603","1.1472","n/a","n/a","n/a","n/a"
"23 Apr 18","1.5854","1.1179","n/a","n/a","n/a","n/a"
"20 Apr 18","1.5558","1.1102","n/a","n/a","n/a","n/a"
"19 Apr 18","1.5733","1.1515","n/a","n/a","n/a","n/a"
"18 Apr 18","1.488","1.0815","n/a","n/a","n/a","n/a"
"17 Apr 18","1.5107","1.1232","n/a","n/a","n/a","n/a"
"16 Apr 18","1.5265","1.1476","n/a","n/a","n/a","n/a"
"13 Apr 18","1.4984","1.1251","n/a","n/a","n/a","n/a"
"12 Apr 18","1.505","1.1298","n/a","n/a","n/a","n/a"
"11 Apr 18","1.4504","1.0852","n/a","n/a","n/a","n/a"
"10 Apr 18","1.4836","1.102","n/a","n/a","n/a","n/a"
"09 Apr 18","1.4701","1.0915","n/a","n/a","n/a","n/a"
"06 Apr 18","1.46","1.0796","n/a","n/a","n/a","n/a"
"05 Apr 18","1.477","1.0919","n/a","n/a","n/a","n/a"
"04 Apr 18","1.4325","1.0527","n/a","n/a","n/a","n/a"
"03 Apr 18","1.4201","1.0448","n/a","n/a","n/a","n/a"
"31 Mar 18","n/a","n/a","1.4982","1.0283","1.4096","1.0352"
"29 Mar 18","1.4096","1.0352","n/a","n/a","n/a","n/a"
"28 Mar 18","1.4233","1.051","n/a","n/a","n/a","n/a"
"27 Mar 18","1.4691","1.114","n/a","n/a","n/a","n/a"
"26 Mar 18","1.5013","1.1373","n/a","n/a","n/a","n/a"
"23 Mar 18","1.4981","1.1365","n/a","n/a","n/a","n/a"
"22 Mar 18","1.4719","1.1107","n/a","n/a","n/a","n/a"
"21 Mar 18","1.5815","1.1964","n/a","n/a","n/a","n/a"
"20 Mar 18","1.5325","1.1393","n/a","n/a","n/a","n/a"
"19 Mar 18","1.4889","1.0837","n/a","n/a","n/a","n/a"
"16 Mar 18","1.4856","1.0677","n/a","n/a","n/a","n/a"
"15 Mar 18","1.4839","1.0593","n/a","n/a","n/a","n/a"
"14 Mar 18","1.4777","1.0479","n/a","n/a","n/a","n/a"
"13 Mar 18","1.5338","1.1014","n/a","n/a","n/a","n/a"
"12 Mar 18","1.5542","1.1019","n/a","n/a","n/a","n/a"
"09 Mar 18","1.5534","1.1004","n/a","n/a","n/a","n/a"
"08 Mar 18","1.5301","1.079","n/a","n/a","n/a","n/a"
"07 Mar 18","1.547","1.0872","n/a","n/a","n/a","n/a"
"06 Mar 18","1.5671","1.1","n/a","n/a","n/a","n/a"
"05 Mar 18","1.537","1.0747","n/a","n/a","n/a","n/a"
"02 Mar 18","1.5064","1.0461","n/a","n/a","n/a","n/a"
"01 Mar 18","1.5152","1.0519","n/a","n/a","n/a","n/a"
"28 Feb 18","1.5533","1.0857","n/a","n/a","n/a","n/a"
"27 Feb 18","1.598","1.1277","n/a","n/a","n/a","n/a"
"26 Feb 18","1.5544","1.0886","n/a","n/a","n/a","n/a"
"23 Feb 18","1.567","1.094","n/a","n/a","n/a","n/a"
"22 Feb 18","1.5831","1.1013","n/a","n/a","n/a","n/a"
"21 Feb 18","1.5879","1.1022","n/a","n/a","n/a","n/a"
"20 Feb 18","1.6037","1.1093","n/a","n/a","n/a","n/a"
"19 Feb 18","1.6333","1.1289","n/a","n/a","n/a","n/a"
"16 Feb 18","1.6186","1.116","n/a","n/a","n/a","n/a"
"15 Feb 18","1.6846","1.1761","n/a","n/a","n/a","n/a"
"14 Feb 18","1.6609","1.1654","n/a","n/a","n/a","n/a"
"13 Feb 18","1.6478","1.1603","n/a","n/a","n/a","n/a"
"12 Feb 18","1.6266","1.1381","n/a","n/a","n/a","n/a"
"09 Feb 18","1.6232","1.1339","n/a","n/a","n/a","n/a"
"08 Feb 18","1.6524","1.1592","n/a","n/a","n/a","n/a"
"07 Feb 18","1.572","1.0577","n/a","n/a","n/a","n/a"
"06 Feb 18","1.5482","1.0336","n/a","n/a","n/a","n/a"
"05 Feb 18","1.5946","1.0946","n/a","n/a","n/a","n/a"
"02 Feb 18","1.5997","1.1067","n/a","n/a","n/a","n/a"
"01 Feb 18","1.5581","1.0748","n/a","n/a","n/a","n/a"
"31 Jan 18","1.5281","1.0449","n/a","n/a","n/a","n/a"
"30 Jan 18","1.5055","1.0186","n/a","n/a","n/a","n/a"
"29 Jan 18","1.5053","1.0276","n/a","n/a","n/a","n/a"
"26 Jan 18","1.4876","1.0067","n/a","n/a","n/a","n/a"
"25 Jan 18","1.4627","0.9713","n/a","n/a","n/a","n/a"
"24 Jan 18","1.4641","0.9639","n/a","n/a","n/a","n/a"
"23 Jan 18","1.412","0.9135","n/a","n/a","n/a","n/a"
"22 Jan 18","1.4115","0.9086","n/a","n/a","n/a","n/a"
"19 Jan 18","1.3963","0.898","n/a","n/a","n/a","n/a"
"18 Jan 18","1.3939","0.9081","n/a","n/a","n/a","n/a"
"17 Jan 18","1.3595","0.8685","n/a","n/a","n/a","n/a"
"16 Jan 18","1.3652","0.8755","n/a","n/a","n/a","n/a"
"15 Jan 18","1.3794","0.8906","n/a","n/a","n/a","n/a"
"12 Jan 18","1.3956","0.8956","n/a","n/a","n/a","n/a"
"11 Jan 18","1.3744","0.8592","n/a","n/a","n/a","n/a"
"10 Jan 18","1.3518","0.8284","n/a","n/a","n/a","n/a"
"09 Jan 18","1.3397","0.82","n/a","n/a","n/a","n/a"
"08 Jan 18","1.2897","0.7795","n/a","n/a","n/a","n/a"
"05 Jan 18","1.3028","0.7818","n/a","n/a","n/a","n/a"
"04 Jan 18","1.3009","0.7802","n/a","n/a","n/a","n/a"
"03 Jan 18","1.2816","0.7586","n/a","n/a","n/a","n/a"
"02 Jan 18","1.3417","0.8105","n/a","n/a","n/a","n/a"
"31 Dec 17","n/a","n/a","1.3323","0.7669","1.2536","0.734"
"29 Dec 17","1.2536","0.734","n/a","n/a","n/a","n/a"
"28 Dec 17","1.2618","0.74","n/a","n/a","n/a","n/a"
"27 Dec 17","1.2386","0.7177","n/a","n/a","n/a","n/a"
"22 Dec 17","1.3009","0.7644","n/a","n/a","n/a","n/a"
"21 Dec 17","1.3221","0.7847","n/a","n/a","n/a","n/a"
"20 Dec 17","1.3206","0.7874","n/a","n/a","n/a","n/a"
"19 Dec 17","1.2698","0.751","n/a","n/a","n/a","n/a"
"18 Dec 17","1.2107","0.7115","n/a","n/a","n/a","n/a"
"15 Dec 17","1.2195","0.7175","n/a","n/a","n/a","n/a"
"14 Dec 17","1.2329","0.7206","n/a","n/a","n/a","n/a"
"13 Dec 17","1.2741","0.7522","n/a","n/a","n/a","n/a"
"12 Dec 17","1.281","0.7431","n/a","n/a","n/a","n/a"
"11 Dec 17","1.2601","0.7228","n/a","n/a","n/a","n/a"
"08 Dec 17","1.3325","0.7859","n/a","n/a","n/a","n/a"
"07 Dec 17","1.307","0.7682","n/a","n/a","n/a","n/a"
"06 Dec 17","1.2838","0.7506","n/a","n/a","n/a","n/a"
"05 Dec 17","1.3122","0.7829","n/a","n/a","n/a","n/a"
"04 Dec 17","1.3302","0.7961","n/a","n/a","n/a","n/a"
"01 Dec 17","1.2725","0.7349","n/a","n/a","n/a","n/a"
"30 Nov 17","1.3711","0.8238","n/a","n/a","n/a","n/a"
"29 Nov 17","1.397","0.8461","n/a","n/a","n/a","n/a"
"28 Nov 17","1.3032","0.7593","n/a","n/a","n/a","n/a"
"27 Nov 17","1.3059","0.7595","n/a","n/a","n/a","n/a"
"24 Nov 17","1.2945","0.7493","n/a","n/a","n/a","n/a"
"23 Nov 17","1.2961","0.7464","n/a","n/a","n/a","n/a"
"22 Nov 17","1.322","0.7727","n/a","n/a","n/a","n/a"
"21 Nov 17","1.3174","0.7761","n/a","n/a","n/a","n/a"
"20 Nov 17","1.3279","0.7757","n/a","n/a","n/a","n/a"
"17 Nov 17","1.3505","0.7878","n/a","n/a","n/a","n/a"
"16 Nov 17","1.3495","0.7808","n/a","n/a","n/a","n/a"
"15 Nov 17","1.3352","0.7615","n/a","n/a","n/a","n/a"
"14 Nov 17","1.3589","0.7754","n/a","n/a","n/a","n/a"
"13 Nov 17","1.3773","0.7953","n/a","n/a","n/a","n/a"
"10 Nov 17","1.3864","0.8","n/a","n/a","n/a","n/a"
"09 Nov 17","1.3089","0.7394","n/a","n/a","n/a","n/a"
"08 Nov 17","1.2573","0.6958","n/a","n/a","n/a","n/a"
"07 Nov 17","1.2871","0.7112","n/a","n/a","n/a","n/a"
"06 Nov 17","1.3031","0.722","n/a","n/a","n/a","n/a"
"03 Nov 17","1.31","0.7263","n/a","n/a","n/a","n/a"
"02 Nov 17","1.3079","0.7117","n/a","n/a","n/a","n/a"
"01 Nov 17","1.3905","0.8187","n/a","n/a","n/a","n/a"
"31 Oct 17","1.376","0.7894","n/a","n/a","n/a","n/a"
"30 Oct 17","1.3713","0.7808","n/a","n/a","n/a","n/a"
"27 Oct 17","1.3976","0.8058","n/a","n/a","n/a","n/a"
"26 Oct 17","1.4393","0.8439","n/a","n/a","n/a","n/a"
"25 Oct 17","1.4481","0.8582","n/a","n/a","n/a","n/a"
"24 Oct 17","1.3898","0.7982","n/a","n/a","n/a","n/a"
"23 Oct 17","1.3471","0.7583","n/a","n/a","n/a","n/a"
"20 Oct 17","1.3662","0.7713","n/a","n/a","n/a","n/a"
"19 Oct 17","1.3097","0.7271","n/a","n/a","n/a","n/a"
"18 Oct 17","1.3479","0.7611","n/a","n/a","n/a","n/a"
"17 Oct 17","1.3169","0.7308","n/a","n/a","n/a","n/a"
"16 Oct 17","1.3712","0.7844","n/a","n/a","n/a","n/a"
"13 Oct 17","1.3964","0.8049","n/a","n/a","n/a","n/a"
"12 Oct 17","1.4059","0.8023","n/a","n/a","n/a","n/a"
"11 Oct 17","1.4053","0.7915","n/a","n/a","n/a","n/a"
"10 Oct 17","1.3925","0.7743","n/a","n/a","n/a","n/a"
"09 Oct 17","1.385","0.7578","n/a","n/a","n/a","n/a"
"06 Oct 17","1.3927","0.765","n/a","n/a","n/a","n/a"
"05 Oct 17","1.4105","0.7928","n/a","n/a","n/a","n/a"
"04 Oct 17","1.393","0.7827","n/a","n/a","n/a","n/a"
"03 Oct 17","1.3809","0.7789","n/a","n/a","n/a","n/a"
"02 Oct 17","1.3526","0.7555","n/a","n/a","n/a","n/a"
"30 Sep 17","n/a","n/a","1.2116","0.5533","1.3828","0.7836"
"29 Sep 17","1.3828","0.7836","n/a","n/a","n/a","n/a"
"28 Sep 17","1.4052","0.8005","n/a","n/a","n/a","n/a"
"27 Sep 17","1.4059","0.8012","n/a","n/a","n/a","n/a"
"26 Sep 17","1.3611","0.7638","n/a","n/a","n/a","n/a"
"25 Sep 17","1.3593","0.7524","n/a","n/a","n/a","n/a"
"22 Sep 17","1.3876","0.7746","n/a","n/a","n/a","n/a"
"21 Sep 17","1.3923","0.7762","n/a","n/a","n/a","n/a"
"20 Sep 17","1.3584","0.7441","n/a","n/a","n/a","n/a"
"19 Sep 17","1.3585","0.7379","n/a","n/a","n/a","n/a"
"18 Sep 17","1.3343","0.7208","n/a","n/a","n/a","n/a"
"15 Sep 17","1.3491","0.7402","n/a","n/a","n/a","n/a"
"14 Sep 17","1.2535","0.6412","n/a","n/a","n/a","n/a"
"13 Sep 17","1.1833","0.5542","n/a","n/a","n/a","n/a"
"12 Sep 17","1.1825","0.5533","n/a","n/a","n/a","n/a"
"11 Sep 17","1.0796","0.4583","n/a","n/a","n/a","n/a"
"08 Sep 17","1.0343","0.4045","n/a","n/a","n/a","n/a"
"07 Sep 17","0.9998","0.3642","n/a","n/a","n/a","n/a"
"06 Sep 17","1.0439","0.393","n/a","n/a","n/a","n/a"
"05 Sep 17","1.0564","0.4063","n/a","n/a","n/a","n/a"
"04 Sep 17","1.092","0.4288","n/a","n/a","n/a","n/a"
"01 Sep 17","1.0952","0.4331","n/a","n/a","n/a","n/a"
"31 Aug 17","1.0688","0.4129","n/a","n/a","n/a","n/a"
"30 Aug 17","1.0721","0.4169","n/a","n/a","n/a","n/a"
"29 Aug 17","1.0346","0.3926","n/a","n/a","n/a","n/a"
"25 Aug 17","1.0846","0.4297","n/a","n/a","n/a","n/a"
"24 Aug 17","1.0887","0.4395","n/a","n/a","n/a","n/a"
"23 Aug 17","1.0822","0.4379","n/a","n/a","n/a","n/a"
"22 Aug 17","1.1135","0.4619","n/a","n/a","n/a","n/a"
"21 Aug 17","1.0969","0.4564","n/a","n/a","n/a","n/a"
"18 Aug 17","1.1104","0.4603","n/a","n/a","n/a","n/a"
"17 Aug 17","1.1259","0.471","n/a","n/a","n/a","n/a"
"16 Aug 17","1.1352","0.4778","n/a","n/a","n/a","n/a"
"15 Aug 17","1.1139","0.4578","n/a","n/a","n/a","n/a"
"14 Aug 17","1.1045","0.4494","n/a","n/a","n/a","n/a"
"11 Aug 17","1.0877","0.4356","n/a","n/a","n/a","n/a"
"10 Aug 17","1.1013","0.4467","n/a","n/a","n/a","n/a"
"09 Aug 17","1.1243","0.454","n/a","n/a","n/a","n/a"
"08 Aug 17","1.1728","0.49","n/a","n/a","n/a","n/a"
"07 Aug 17","1.1611","0.478","n/a","n/a","n/a","n/a"
"04 Aug 17","1.1877","0.5053","n/a","n/a","n/a","n/a"
"03 Aug 17","1.1792","0.4903","n/a","n/a","n/a","n/a"
"02 Aug 17","1.258","0.5572","n/a","n/a","n/a","n/a"
"01 Aug 17","1.2261","0.5293","n/a","n/a","n/a","n/a"
"31 Jul 17","1.2454","0.5456","n/a","n/a","n/a","n/a"
"28 Jul 17","1.2379","0.5301","n/a","n/a","n/a","n/a"
"27 Jul 17","1.2205","0.5096","n/a","n/a","n/a","n/a"
"26 Jul 17","1.2483","0.5445","n/a","n/a","n/a","n/a"
"25 Jul 17","1.2687","0.5758","n/a","n/a","n/a","n/a"
"24 Jul 17","1.2057","0.5279","n/a","n/a","n/a","n/a"
"21 Jul 17","1.198","0.5214","n/a","n/a","n/a","n/a"
"20 Jul 17","1.2354","0.5532","n/a","n/a","n/a","n/a"
"19 Jul 17","1.212","0.5315","n/a","n/a","n/a","n/a"
"18 Jul 17","1.2401","0.5556","n/a","n/a","n/a","n/a"
"17 Jul 17","1.3008","0.6099","n/a","n/a","n/a","n/a"
"14 Jul 17","1.3375","0.6415","n/a","n/a","n/a","n/a"
"13 Jul 17","1.3182","0.6309","n/a","n/a","n/a","n/a"
"12 Jul 17","1.2907","0.6081","n/a","n/a","n/a","n/a"
"11 Jul 17","1.3073","0.615","n/a","n/a","n/a","n/a"
"10 Jul 17","1.2988","0.6003","n/a","n/a","n/a","n/a"
"07 Jul 17","1.3308","0.6307","n/a","n/a","n/a","n/a"
"06 Jul 17","1.3466","0.6565","n/a","n/a","n/a","n/a"
"05 Jul 17","1.281","0.5917","n/a","n/a","n/a","n/a"
"04 Jul 17","1.2754","0.6123","n/a","n/a","n/a","n/a"
"03 Jul 17","1.2991","0.6372","n/a","n/a","n/a","n/a"
"30 Jun 17","1.284","0.6268","1.0942","0.4155","1.284","0.6268"
"29 Jun 17","1.2716","0.6181","n/a","n/a","n/a","n/a"
"28 Jun 17","1.1851","0.537","n/a","n/a","n/a","n/a"
"27 Jun 17","1.1178","0.4756","n/a","n/a","n/a","n/a"
"26 Jun 17","1.0623","0.4354","n/a","n/a","n/a","n/a"
"23 Jun 17","1.0655","0.4384","n/a","n/a","n/a","n/a"
"22 Jun 17","1.0507","0.416","n/a","n/a","n/a","n/a"
"21 Jun 17","1.0567","0.4106","n/a","n/a","n/a","n/a"
"20 Jun 17","1.0409","0.3746","n/a","n/a","n/a","n/a"
"19 Jun 17","1.0639","0.406","n/a","n/a","n/a","n/a"
"16 Jun 17","1.0588","0.3916","n/a","n/a","n/a","n/a"
"15 Jun 17","1.0745","0.4101","n/a","n/a","n/a","n/a"
"14 Jun 17","0.9862","0.2984","n/a","n/a","n/a","n/a"
"13 Jun 17","1.0702","0.3803","n/a","n/a","n/a","n/a"
"12 Jun 17","1.024","0.3301","n/a","n/a","n/a","n/a"
"09 Jun 17","1.054","0.3603","n/a","n/a","n/a","n/a"
"08 Jun 17","1.0758","0.3892","n/a","n/a","n/a","n/a"
"07 Jun 17","1.024","0.363","n/a","n/a","n/a","n/a"
"06 Jun 17","1.0286","0.3625","n/a","n/a","n/a","n/a"
"05 Jun 17","1.0885","0.4035","n/a","n/a","n/a","n/a"
"02 Jun 17","1.084","0.4024","n/a","n/a","n/a","n/a"
"01 Jun 17","1.0947","0.4122","n/a","n/a","n/a","n/a"
"31 May 17","1.0607","0.3815","n/a","n/a","n/a","n/a"
"30 May 17","1.0316","0.3525","n/a","n/a","n/a","n/a"
"26 May 17","1.0439","0.3652","n/a","n/a","n/a","n/a"
"25 May 17","1.0709","0.389","n/a","n/a","n/a","n/a"
"24 May 17","1.0971","0.4032","n/a","n/a","n/a","n/a"
"23 May 17","1.0942","0.4037","n/a","n/a","n/a","n/a"
"22 May 17","1.1071","0.4084","n/a","n/a","n/a","n/a"
"19 May 17","1.1108","0.4166","n/a","n/a","n/a","n/a"
"18 May 17","1.089","0.4","n/a","n/a","n/a","n/a"
"17 May 17","1.094","0.4028","n/a","n/a","n/a","n/a"
"16 May 17","1.1391","0.4319","n/a","n/a","n/a","n/a"
"15 May 17","1.1491","0.432","n/a","n/a","n/a","n/a"
"12 May 17","1.116","0.4102","n/a","n/a","n/a","n/a"
"11 May 17","1.1869","0.4615","n/a","n/a","n/a","n/a"
"10 May 17","1.1912","0.4773","n/a","n/a","n/a","n/a"
"09 May 17","1.2207","0.5004","n/a","n/a","n/a","n/a"
"08 May 17","1.1683","0.4615","n/a","n/a","n/a","n/a"
"05 May 17","1.145","0.4462","n/a","n/a","n/a","n/a"
"04 May 17","1.1371","0.4313","n/a","n/a","n/a","n/a"
"03 May 17","1.1005","0.4002","n/a","n/a","n/a","n/a"
"02 May 17","1.1139","0.41","n/a","n/a","n/a","n/a"
"28 Apr 17","1.1015","0.3971","n/a","n/a","n/a","n/a"
"27 Apr 17","1.0865","0.3863","n/a","n/a","n/a","n/a"
"26 Apr 17","1.1072","0.412","n/a","n/a","n/a","n/a"
"25 Apr 17","1.1024","0.4171","n/a","n/a","n/a","n/a"
"24 Apr 17","1.0885","0.4053","n/a","n/a","n/a","n/a"
"21 Apr 17","1.0554","0.3868","n/a","n/a","n/a","n/a"
"20 Apr 17","1.0803","0.4194","n/a","n/a","n/a","n/a"
"19 Apr 17","1.0768","0.4234","n/a","n/a","n/a","n/a"
"18 Apr 17","1.0481","0.3913","n/a","n/a","n/a","n/a"
"13 Apr 17","1.0556","0.3931","n/a","n/a","n/a","n/a"
"12 Apr 17","1.0619","0.3889","n/a","n/a","n/a","n/a"
"11 Apr 17","1.0587","0.386","n/a","n/a","n/a","n/a"
"10 Apr 17","1.0962","0.4179","n/a","n/a","n/a","n/a"
"07 Apr 17","1.0816","0.4193","n/a","n/a","n/a","n/a"
"06 Apr 17","1.0985","0.4378","n/a","n/a","n/a","n/a"
"05 Apr 17","1.0945","0.429","n/a","n/a","n/a","n/a"
"04 Apr 17","1.0618","0.407","n/a","n/a","n/a","n/a"
"03 Apr 17","1.0644","0.4009","n/a","n/a","n/a","n/a"
"31 Mar 17","1.122","0.4392","1.3032","0.5634","1.122","0.4392"
"30 Mar 17","1.1171","0.4402","n/a","n/a","n/a","n/a"
"29 Mar 17","1.1504","0.4838","n/a","n/a","n/a","n/a"
"28 Mar 17","1.1838","0.5149","n/a","n/a","n/a","n/a"
"27 Mar 17","1.1695","0.5055","n/a","n/a","n/a","n/a"
"24 Mar 17","1.1944","0.5116","n/a","n/a","n/a","n/a"
"23 Mar 17","1.2142","0.5076","n/a","n/a","n/a","n/a"
"22 Mar 17","1.1631","0.4545","n/a","n/a","n/a","n/a"
"21 Mar 17","1.239","0.5063","n/a","n/a","n/a","n/a"
"20 Mar 17","1.2211","0.46","n/a","n/a","n/a","n/a"
"17 Mar 17","1.2236","0.4597","n/a","n/a","n/a","n/a"
"16 Mar 17","1.2333","0.4645","n/a","n/a","n/a","n/a"
"15 Mar 17","1.2118","0.432","n/a","n/a","n/a","n/a"
"14 Mar 17","1.2269","0.4595","n/a","n/a","n/a","n/a"
"13 Mar 17","1.241","0.4839","n/a","n/a","n/a","n/a"
"10 Mar 17","1.2307","0.4865","n/a","n/a","n/a","n/a"
"09 Mar 17","1.2015","0.4635","n/a","n/a","n/a","n/a"
"08 Mar 17","1.2149","0.4651","n/a","n/a","n/a","n/a"
"07 Mar 17","1.1684","0.4355","n/a","n/a","n/a","n/a"
"06 Mar 17","1.195","0.4589","n/a","n/a","n/a","n/a"
"03 Mar 17","1.1764","0.4452","n/a","n/a","n/a","n/a"
"02 Mar 17","1.1882","0.4633","n/a","n/a","n/a","n/a"
"01 Mar 17","1.1749","0.4589","n/a","n/a","n/a","n/a"
"28 Feb 17","1.1227","0.4161","n/a","n/a","n/a","n/a"
"27 Feb 17","1.1345","0.4219","n/a","n/a","n/a","n/a"
"24 Feb 17","1.1391","0.4302","n/a","n/a","n/a","n/a"
"23 Feb 17","1.2115","0.4748","n/a","n/a","n/a","n/a"
"22 Feb 17","1.2621","0.5061","n/a","n/a","n/a","n/a"
"21 Feb 17","1.304","0.5447","n/a","n/a","n/a","n/a"
"20 Feb 17","1.2833","0.5276","n/a","n/a","n/a","n/a"
"17 Feb 17","1.2698","0.523","n/a","n/a","n/a","n/a"
"16 Feb 17","1.315","0.5609","n/a","n/a","n/a","n/a"
"15 Feb 17","1.366","0.6076","n/a","n/a","n/a","n/a"
"14 Feb 17","1.3686","0.6175","n/a","n/a","n/a","n/a"
"13 Feb 17","1.3494","0.6067","n/a","n/a","n/a","n/a"
"10 Feb 17","1.3265","0.5886","n/a","n/a","n/a","n/a"
"09 Feb 17","1.2911","0.5605","n/a","n/a","n/a","n/a"
"08 Feb 17","1.2828","0.5536","n/a","n/a","n/a","n/a"
"07 Feb 17","1.3494","0.5893","n/a","n/a","n/a","n/a"
"06 Feb 17","1.3797","0.6119","n/a","n/a","n/a","n/a"
"03 Feb 17","1.4169","0.6439","n/a","n/a","n/a","n/a"
"02 Feb 17","1.439","0.6703","n/a","n/a","n/a","n/a"
"01 Feb 17","1.5051","0.7384","n/a","n/a","n/a","n/a"
"31 Jan 17","1.4604","0.7051","n/a","n/a","n/a","n/a"
"30 Jan 17","1.4837","0.718","n/a","n/a","n/a","n/a"
"27 Jan 17","1.5082","0.7303","n/a","n/a","n/a","n/a"
"26 Jan 17","1.5458","0.7614","n/a","n/a","n/a","n/a"
"25 Jan 17","1.4995","0.7205","n/a","n/a","n/a","n/a"
"24 Jan 17","1.4235","0.6739","n/a","n/a","n/a","n/a"
"23 Jan 17","1.4243","0.6761","n/a","n/a","n/a","n/a"
"20 Jan 17","1.4628","0.7139","n/a","n/a","n/a","n/a"
"19 Jan 17","1.4344","0.6927","n/a","n/a","n/a","n/a"
"18 Jan 17","1.3701","0.6382","n/a","n/a","n/a","n/a"
"17 Jan 17","1.3475","0.6156","n/a","n/a","n/a","n/a"
"16 Jan 17","1.3717","0.6245","n/a","n/a","n/a","n/a"
"13 Jan 17","1.4077","0.6577","n/a","n/a","n/a","n/a"
"12 Jan 17","1.3417","0.6111","n/a","n/a","n/a","n/a"
"11 Jan 17","1.4023","0.6579","n/a","n/a","n/a","n/a"
"10 Jan 17","1.401","0.6662","n/a","n/a","n/a","n/a"
"09 Jan 17","1.3956","0.6546","n/a","n/a","n/a","n/a"
"06 Jan 17","1.4195","0.6742","n/a","n/a","n/a","n/a"
"05 Jan 17","1.3695","0.6251","n/a","n/a","n/a","n/a"
"04 Jan 17","1.3754","0.6221","n/a","n/a","n/a","n/a"
"03 Jan 17","1.3825","0.6244","n/a","n/a","n/a","n/a"
"31 Dec 16","n/a","n/a","1.297","0.5917","1.2817","0.5349"
"30 Dec 16","1.2817","0.5349","n/a","n/a","n/a","n/a"
"29 Dec 16","1.2726","0.5337","n/a","n/a","n/a","n/a"
"28 Dec 16","1.3445","0.5785","n/a","n/a","n/a","n/a"
"23 Dec 16","1.3852","0.6028","n/a","n/a","n/a","n/a"
"22 Dec 16","1.4132","0.6264","n/a","n/a","n/a","n/a"
"21 Dec 16","1.4201","0.6325","n/a","n/a","n/a","n/a"
"20 Dec 16","1.4629","0.6723","n/a","n/a","n/a","n/a"
"19 Dec 16","1.4538","0.6696","n/a","n/a","n/a","n/a"
"16 Dec 16","1.4982","0.7056","n/a","n/a","n/a","n/a"
"15 Dec 16","1.5469","0.7224","n/a","n/a","n/a","n/a"
"14 Dec 16","1.4329","0.6323","n/a","n/a","n/a","n/a"
"13 Dec 16","1.4754","0.6666","n/a","n/a","n/a","n/a"
"12 Dec 16","1.5287","0.7032","n/a","n/a","n/a","n/a"
"09 Dec 16","1.4809","0.6713","n/a","n/a","n/a","n/a"
"08 Dec 16","1.4287","0.6327","n/a","n/a","n/a","n/a"
"07 Dec 16","1.4129","0.6297","n/a","n/a","n/a","n/a"
"06 Dec 16","1.458","0.6609","n/a","n/a","n/a","n/a"
"05 Dec 16","1.4421","0.6424","n/a","n/a","n/a","n/a"
"02 Dec 16","1.4215","0.632","n/a","n/a","n/a","n/a"
"01 Dec 16","1.5127","0.6969","n/a","n/a","n/a","n/a"
"30 Nov 16","1.4528","0.6576","n/a","n/a","n/a","n/a"
"29 Nov 16","1.429","0.6378","n/a","n/a","n/a","n/a"
"28 Nov 16","1.4202","0.6334","n/a","n/a","n/a","n/a"
"25 Nov 16","1.4593","0.6753","n/a","n/a","n/a","n/a"
"24 Nov 16","1.4743","0.6965","n/a","n/a","n/a","n/a"
"23 Nov 16","1.5066","0.7279","n/a","n/a","n/a","n/a"
"22 Nov 16","1.4358","0.6942","n/a","n/a","n/a","n/a"
"21 Nov 16","1.4608","0.7236","n/a","n/a","n/a","n/a"
"18 Nov 16","1.5055","0.7561","n/a","n/a","n/a","n/a"
"17 Nov 16","1.428","0.7106","n/a","n/a","n/a","n/a"
"16 Nov 16","1.4394","0.723","n/a","n/a","n/a","n/a"
"15 Nov 16","1.4112","0.6999","n/a","n/a","n/a","n/a"
"14 Nov 16","1.4687","0.7409","n/a","n/a","n/a","n/a"
"11 Nov 16","1.3956","0.7005","n/a","n/a","n/a","n/a"
"10 Nov 16","1.3771","0.687","n/a","n/a","n/a","n/a"
"09 Nov 16","1.2732","0.6063","n/a","n/a","n/a","n/a"
"08 Nov 16","1.2689","0.6085","n/a","n/a","n/a","n/a"
"07 Nov 16","1.2311","0.5706","n/a","n/a","n/a","n/a"
"04 Nov 16","1.1745","0.5295","n/a","n/a","n/a","n/a"
"03 Nov 16","1.2473","0.5875","n/a","n/a","n/a","n/a"
"02 Nov 16","1.2235","0.568","n/a","n/a","n/a","n/a"
"01 Nov 16","1.316","0.6498","n/a","n/a","n/a","n/a"
"31 Oct 16","1.2705","0.6232","n/a","n/a","n/a","n/a"
"28 Oct 16","1.2888","0.6466","n/a","n/a","n/a","n/a"
"27 Oct 16","1.271","0.637","n/a","n/a","n/a","n/a"
"26 Oct 16","1.1894","0.5824","n/a","n/a","n/a","n/a"
"25 Oct 16","1.1092","0.5138","n/a","n/a","n/a","n/a"
"24 Oct 16","1.1211","0.5217","n/a","n/a","n/a","n/a"
"21 Oct 16","1.1074","0.511","n/a","n/a","n/a","n/a"
"20 Oct 16","1.1118","0.5036","n/a","n/a","n/a","n/a"
"19 Oct 16","1.11","0.4999","n/a","n/a","n/a","n/a"
"18 Oct 16","1.1142","0.4962","n/a","n/a","n/a","n/a"
"17 Oct 16","1.1492","0.5151","n/a","n/a","n/a","n/a"
"14 Oct 16","1.1298","0.5075","n/a","n/a","n/a","n/a"
"13 Oct 16","1.0457","0.4411","n/a","n/a","n/a","n/a"
"12 Oct 16","1.0738","0.4615","n/a","n/a","n/a","n/a"
"11 Oct 16","1.0221","0.4228","n/a","n/a","n/a","n/a"
"10 Oct 16","1.0493","0.4464","n/a","n/a","n/a","n/a"
"07 Oct 16","1.0016","0.3882","n/a","n/a","n/a","n/a"
"06 Oct 16","0.9604","0.3275","n/a","n/a","n/a","n/a"
"05 Oct 16","0.8503","0.2849","n/a","n/a","n/a","n/a"
"04 Oct 16","0.8246","0.2788","n/a","n/a","n/a","n/a"
"03 Oct 16","0.8369","0.2378","n/a","n/a","n/a","n/a"
"30 Sep 16","0.8233","0.2701","0.8393","0.2776","0.8233","0.2701"
"29 Sep 16","0.7993","0.2332","n/a","n/a","n/a","n/a"
"28 Sep 16","0.7122","0.2009","n/a","n/a","n/a","n/a"
"27 Sep 16","0.7317","0.2007","n/a","n/a","n/a","n/a"
"26 Sep 16","0.779","0.2152","n/a","n/a","n/a","n/a"
"23 Sep 16","0.8282","0.237","n/a","n/a","n/a","n/a"
"22 Sep 16","0.7679","0.231","n/a","n/a","n/a","n/a"
"21 Sep 16","0.8393","0.2797","n/a","n/a","n/a","n/a"
"20 Sep 16","0.8325","0.2763","n/a","n/a","n/a","n/a"
"19 Sep 16","0.9508","0.3229","n/a","n/a","n/a","n/a"
"16 Sep 16","0.9081","0.3195","n/a","n/a","n/a","n/a"
"15 Sep 16","0.923","0.3443","n/a","n/a","n/a","n/a"
"14 Sep 16","0.9155","0.3528","n/a","n/a","n/a","n/a"
"13 Sep 16","0.9136","0.3559","n/a","n/a","n/a","n/a"
"12 Sep 16","0.8867","0.3313","n/a","n/a","n/a","n/a"
"09 Sep 16","0.8856","0.339","n/a","n/a","n/a","n/a"
"08 Sep 16","0.8245","0.2766","n/a","n/a","n/a","n/a"
"07 Sep 16","0.7371","0.2131","n/a","n/a","n/a","n/a"
"06 Sep 16","0.7453","0.2253","n/a","n/a","n/a","n/a"
"05 Sep 16","0.7838","0.2593","n/a","n/a","n/a","n/a"
"02 Sep 16","0.8104","0.2789","n/a","n/a","n/a","n/a"
"01 Sep 16","0.737","0.2426","n/a","n/a","n/a","n/a"
"31 Aug 16","0.7286","0.2244","n/a","n/a","n/a","n/a"
"30 Aug 16","0.7281","0.2425","n/a","n/a","n/a","n/a"
"26 Aug 16","0.7006","0.2336","n/a","n/a","n/a","n/a"
"25 Aug 16","0.7379","0.2417","n/a","n/a","n/a","n/a"
"24 Aug 16","0.7403","0.2455","n/a","n/a","n/a","n/a"
"23 Aug 16","0.7054","0.2246","n/a","n/a","n/a","n/a"
"22 Aug 16","0.6744","0.2173","n/a","n/a","n/a","n/a"
"19 Aug 16","0.7522","0.2678","n/a","n/a","n/a","n/a"
"18 Aug 16","0.7556","0.2103","n/a","n/a","n/a","n/a"
"17 Aug 16","0.7551","0.1877","n/a","n/a","n/a","n/a"
"16 Aug 16","0.7883","0.2465","n/a","n/a","n/a","n/a"
"15 Aug 16","0.639","0.178","n/a","n/a","n/a","n/a"
"12 Aug 16","0.6119","0.1628","n/a","n/a","n/a","n/a"
"11 Aug 16","0.6258","0.1723","n/a","n/a","n/a","n/a"
"10 Aug 16","0.6401","0.1451","n/a","n/a","n/a","n/a"
"09 Aug 16","0.689","0.1686","n/a","n/a","n/a","n/a"
"08 Aug 16","0.7146","0.1635","n/a","n/a","n/a","n/a"
"05 Aug 16","0.7985","0.2142","n/a","n/a","n/a","n/a"
"04 Aug 16","0.7589","0.1893","n/a","n/a","n/a","n/a"
"03 Aug 16","0.929","0.3358","n/a","n/a","n/a","n/a"
"02 Aug 16","0.9789","0.3533","n/a","n/a","n/a","n/a"
"01 Aug 16","0.8741","0.2967","n/a","n/a","n/a","n/a"
"29 Jul 16","0.8623","0.2656","n/a","n/a","n/a","n/a"
"28 Jul 16","0.8379","0.2782","n/a","n/a","n/a","n/a"
"27 Jul 16","0.902","0.2939","n/a","n/a","n/a","n/a"
"26 Jul 16","1.0163","0.354","n/a","n/a","n/a","n/a"
"25 Jul 16","0.9764","0.3238","n/a","n/a","n/a","n/a"
"22 Jul 16","0.9781","0.336","n/a","n/a","n/a","n/a"
"21 Jul 16","0.9963","0.3781","n/a","n/a","n/a","n/a"
"20 Jul 16","0.9912","0.3782","n/a","n/a","n/a","n/a"
"19 Jul 16","0.9864","0.3729","n/a","n/a","n/a","n/a"
"18 Jul 16","0.9781","0.3614","n/a","n/a","n/a","n/a"
"15 Jul 16","0.9702","0.3646","n/a","n/a","n/a","n/a"
"14 Jul 16","0.9543","0.3494","n/a","n/a","n/a","n/a"
"13 Jul 16","0.9325","0.3078","n/a","n/a","n/a","n/a"
"12 Jul 16","1.0013","0.3745","n/a","n/a","n/a","n/a"
"11 Jul 16","0.9295","0.3445","n/a","n/a","n/a","n/a"
"08 Jul 16","0.9366","0.316","n/a","n/a","n/a","n/a"
"07 Jul 16","0.9763","0.339","n/a","n/a","n/a","n/a"
"06 Jul 16","0.938","0.3252","n/a","n/a","n/a","n/a"
"05 Jul 16","0.9482","0.3184","n/a","n/a","n/a","n/a"
"04 Jul 16","0.9797","0.3527","n/a","n/a","n/a","n/a"
"01 Jul 16","1.0032","0.3842","n/a","n/a","n/a","n/a"
"30 Jun 16","1.0416","0.3749","1.4684","0.7614","1.0416","0.3749"
"29 Jun 16","1.0966","0.3972","n/a","n/a","n/a","n/a"
"28 Jun 16","1.1325","0.4183","n/a","n/a","n/a","n/a"
"27 Jun 16","1.1293","0.3916","n/a","n/a","n/a","n/a"
"24 Jun 16","1.2183","0.5437","n/a","n/a","n/a","n/a"
"23 Jun 16","1.4829","0.8421","n/a","n/a","n/a","n/a"
"22 Jun 16","1.4444","0.8075","n/a","n/a","n/a","n/a"
"21 Jun 16","1.4087","0.7852","n/a","n/a","n/a","n/a"
"20 Jun 16","1.3717","0.7462","n/a","n/a","n/a","n/a"
"17 Jun 16","1.2698","0.6431","n/a","n/a","n/a","n/a"
"16 Jun 16","1.2254","0.5996","n/a","n/a","n/a","n/a"
"15 Jun 16","1.2391","0.6128","n/a","n/a","n/a","n/a"
"14 Jun 16","1.2537","0.62","n/a","n/a","n/a","n/a"
"13 Jun 16","1.3338","0.6963","n/a","n/a","n/a","n/a"
"10 Jun 16","1.3402","0.7086","n/a","n/a","n/a","n/a"
"09 Jun 16","1.3532","0.7108","n/a","n/a","n/a","n/a"
"08 Jun 16","1.3661","0.7162","n/a","n/a","n/a","n/a"
"07 Jun 16","1.3818","0.697","n/a","n/a","n/a","n/a"
"06 Jun 16","1.4026","0.7062","n/a","n/a","n/a","n/a"
"03 Jun 16","1.3959","0.7052","n/a","n/a","n/a","n/a"
"02 Jun 16","1.4596","0.7701","n/a","n/a","n/a","n/a"
"01 Jun 16","1.4845","0.8026","n/a","n/a","n/a","n/a"
"31 May 16","1.5465","0.8682","n/a","n/a","n/a","n/a"
"27 May 16","1.5477","0.8739","n/a","n/a","n/a","n/a"
"26 May 16","1.5241","0.8461","n/a","n/a","n/a","n/a"
"25 May 16","1.5566","0.8795","n/a","n/a","n/a","n/a"
"24 May 16","1.5807","0.8931","n/a","n/a","n/a","n/a"
"23 May 16","1.5661","0.8587","n/a","n/a","n/a","n/a"
"20 May 16","1.5686","0.8556","n/a","n/a","n/a","n/a"
"19 May 16","1.5382","0.8231","n/a","n/a","n/a","n/a"
"18 May 16","1.5414","0.8182","n/a","n/a","n/a","n/a"
"17 May 16","1.4701","0.7472","n/a","n/a","n/a","n/a"
"16 May 16","1.4966","0.768","n/a","n/a","n/a","n/a"
"13 May 16","1.4772","0.747","n/a","n/a","n/a","n/a"
"12 May 16","1.5058","0.7698","n/a","n/a","n/a","n/a"
"11 May 16","1.4952","0.756","n/a","n/a","n/a","n/a"
"10 May 16","1.5022","0.7566","n/a","n/a","n/a","n/a"
"09 May 16","1.514","0.7719","n/a","n/a","n/a","n/a"
"06 May 16","1.5145","0.7829","n/a","n/a","n/a","n/a"
"05 May 16","1.5672","0.8272","n/a","n/a","n/a","n/a"
"04 May 16","1.6128","0.8701","n/a","n/a","n/a","n/a"
"03 May 16","1.6062","0.8811","n/a","n/a","n/a","n/a"
"29 Apr 16","1.678","0.9423","n/a","n/a","n/a","n/a"
"28 Apr 16","1.6751","0.9407","n/a","n/a","n/a","n/a"
"27 Apr 16","1.6997","0.9592","n/a","n/a","n/a","n/a"
"26 Apr 16","1.7373","0.984","n/a","n/a","n/a","n/a"
"25 Apr 16","1.6824","0.9303","n/a","n/a","n/a","n/a"
"22 Apr 16","1.6808","0.9166","n/a","n/a","n/a","n/a"
"21 Apr 16","1.6619","0.9004","n/a","n/a","n/a","n/a"
"20 Apr 16","1.5529","0.8085","n/a","n/a","n/a","n/a"
"19 Apr 16","1.6074","0.8525","n/a","n/a","n/a","n/a"
"18 Apr 16","1.5645","0.8156","n/a","n/a","n/a","n/a"
"15 Apr 16","1.5074","0.7676","n/a","n/a","n/a","n/a"
"14 Apr 16","1.5332","0.7881","n/a","n/a","n/a","n/a"
"13 Apr 16","1.5202","0.7748","n/a","n/a","n/a","n/a"
"12 Apr 16","1.533","0.7807","n/a","n/a","n/a","n/a"
"11 Apr 16","1.4858","0.7316","n/a","n/a","n/a","n/a"
"08 Apr 16","1.4581","0.7083","n/a","n/a","n/a","n/a"
"07 Apr 16","1.4141","0.6742","n/a","n/a","n/a","n/a"
"06 Apr 16","1.4718","0.7269","n/a","n/a","n/a","n/a"
"05 Apr 16","1.4568","0.7257","n/a","n/a","n/a","n/a"
"04 Apr 16","1.5096","0.7728","n/a","n/a","n/a","n/a"
"01 Apr 16","1.5143","0.7797","n/a","n/a","n/a","n/a"
"31 Mar 16","1.4963","0.7755","1.6072","0.8999","1.4963","0.7755"
"30 Mar 16","1.534","0.8221","n/a","n/a","n/a","n/a"
"29 Mar 16","1.4995","0.7963","n/a","n/a","n/a","n/a"
"24 Mar 16","1.5421","0.8312","n/a","n/a","n/a","n/a"
"23 Mar 16","1.5251","0.8061","n/a","n/a","n/a","n/a"
"22 Mar 16","1.5309","0.8108","n/a","n/a","n/a","n/a"
"21 Mar 16","1.5515","0.8319","n/a","n/a","n/a","n/a"
"18 Mar 16","1.5357","0.8198","n/a","n/a","n/a","n/a"
"17 Mar 16","1.5313","0.8172","n/a","n/a","n/a","n/a"
"16 Mar 16","1.5895","0.8755","n/a","n/a","n/a","n/a"
"15 Mar 16","1.6017","0.8958","n/a","n/a","n/a","n/a"
"14 Mar 16","1.6179","0.9263","n/a","n/a","n/a","n/a"
"11 Mar 16","1.6466","0.9472","n/a","n/a","n/a","n/a"
"10 Mar 16","1.6017","0.8915","n/a","n/a","n/a","n/a"
"09 Mar 16","1.5468","0.8193","n/a","n/a","n/a","n/a"
"08 Mar 16","1.445","0.7346","n/a","n/a","n/a","n/a"
"07 Mar 16","1.5493","0.803","n/a","n/a","n/a","n/a"
"04 Mar 16","1.5605","0.816","n/a","n/a","n/a","n/a"
"03 Mar 16","1.5184","0.7841","n/a","n/a","n/a","n/a"
"02 Mar 16","1.5296","0.7832","n/a","n/a","n/a","n/a"
"01 Mar 16","1.4574","0.7143","n/a","n/a","n/a","n/a"
"29 Feb 16","1.4032","0.6628","n/a","n/a","n/a","n/a"
"26 Feb 16","1.479","0.731","n/a","n/a","n/a","n/a"
"25 Feb 16","1.4392","0.7006","n/a","n/a","n/a","n/a"
"24 Feb 16","1.4185","0.6946","n/a","n/a","n/a","n/a"
"23 Feb 16","1.4931","0.7634","n/a","n/a","n/a","n/a"
"22 Feb 16","1.467","0.7556","n/a","n/a","n/a","n/a"
"19 Feb 16","1.4707","0.7634","n/a","n/a","n/a","n/a"
"18 Feb 16","1.5042","0.7917","n/a","n/a","n/a","n/a"
"17 Feb 16","1.5463","0.8286","n/a","n/a","n/a","n/a"
"16 Feb 16","1.4876","0.7884","n/a","n/a","n/a","n/a"
"15 Feb 16","1.4856","0.799","n/a","n/a","n/a","n/a"
"12 Feb 16","1.4639","0.7847","n/a","n/a","n/a","n/a"
"11 Feb 16","1.3437","0.6538","n/a","n/a","n/a","n/a"
"10 Feb 16","1.4853","0.7952","n/a","n/a","n/a","n/a"
"09 Feb 16","1.4774","0.7753","n/a","n/a","n/a","n/a"
"08 Feb 16","1.4691","0.7613","n/a","n/a","n/a","n/a"
"05 Feb 16","1.6277","0.9105","n/a","n/a","n/a","n/a"
"04 Feb 16","1.6265","0.9057","n/a","n/a","n/a","n/a"
"03 Feb 16","1.5732","0.8707","n/a","n/a","n/a","n/a"
"02 Feb 16","1.6158","0.915","n/a","n/a","n/a","n/a"
"01 Feb 16","1.6898","0.9855","n/a","n/a","n/a","n/a"
"29 Jan 16","1.6305","0.9225","n/a","n/a","n/a","n/a"
"28 Jan 16","1.7221","1.0322","n/a","n/a","n/a","n/a"
"27 Jan 16","1.749","1.0604","n/a","n/a","n/a","n/a"
"26 Jan 16","1.751","1.0622","n/a","n/a","n/a","n/a"
"25 Jan 16","1.7453","1.0532","n/a","n/a","n/a","n/a"
"22 Jan 16","1.7781","1.086","n/a","n/a","n/a","n/a"
"21 Jan 16","1.7362","1.046","n/a","n/a","n/a","n/a"
"20 Jan 16","1.6871","1.0009","n/a","n/a","n/a","n/a"
"19 Jan 16","1.7668","1.0639","n/a","n/a","n/a","n/a"
"18 Jan 16","1.7471","1.0385","n/a","n/a","n/a","n/a"
"15 Jan 16","1.7092","1.0032","n/a","n/a","n/a","n/a"
"14 Jan 16","1.7841","1.0889","n/a","n/a","n/a","n/a"
"13 Jan 16","1.7974","1.1074","n/a","n/a","n/a","n/a"
"12 Jan 16","1.8089","1.1258","n/a","n/a","n/a","n/a"
"11 Jan 16","1.8269","1.1404","n/a","n/a","n/a","n/a"
"08 Jan 16","1.823","1.1407","n/a","n/a","n/a","n/a"
"07 Jan 16","1.8662","1.1843","n/a","n/a","n/a","n/a"
"06 Jan 16","1.8539","1.1794","n/a","n/a","n/a","n/a"
"05 Jan 16","1.938","1.2526","n/a","n/a","n/a","n/a"
"04 Jan 16","1.9456","1.264","n/a","n/a","n/a","n/a"
"31 Dec 15","2.0248","1.3385","1.9147","1.2263","2.0248","1.3385"
"30 Dec 15","2.0565","1.3662","n/a","n/a","n/a","n/a"
"29 Dec 15","1.9735","1.2941","n/a","n/a","n/a","n/a"
"24 Dec 15","1.9761","1.2899","n/a","n/a","n/a","n/a"
"23 Dec 15","1.9944","1.3053","n/a","n/a","n/a","n/a"
"22 Dec 15","1.9401","1.2641","n/a","n/a","n/a","n/a"
"21 Dec 15","1.88","1.2122","n/a","n/a","n/a","n/a"
"18 Dec 15","1.8963","1.2237","n/a","n/a","n/a","n/a"
"17 Dec 15","1.9067","1.2287","n/a","n/a","n/a","n/a"
"16 Dec 15","1.9928","1.2953","n/a","n/a","n/a","n/a"
"15 Dec 15","1.9907","1.303","n/a","n/a","n/a","n/a"
"14 Dec 15","1.8658","1.1983","n/a","n/a","n/a","n/a"
"11 Dec 15","1.8528","1.1866","n/a","n/a","n/a","n/a"
"10 Dec 15","1.8941","1.2283","n/a","n/a","n/a","n/a"
"09 Dec 15","1.9211","1.2458","n/a","n/a","n/a","n/a"
"08 Dec 15","1.857","1.1964","n/a","n/a","n/a","n/a"
"07 Dec 15","1.8619","1.1959","n/a","n/a","n/a","n/a"
"04 Dec 15","1.9692","1.2887","n/a","n/a","n/a","n/a"
"03 Dec 15","1.9198","1.2569","n/a","n/a","n/a","n/a"
"02 Dec 15","1.801","1.146","n/a","n/a","n/a","n/a"
"01 Dec 15","1.8169","1.1571","n/a","n/a","n/a","n/a"
"30 Nov 15","1.8788","1.2108","n/a","n/a","n/a","n/a"
"27 Nov 15","1.8631","1.1923","n/a","n/a","n/a","n/a"
"26 Nov 15","1.8775","1.2022","n/a","n/a","n/a","n/a"
"25 Nov 15","1.9266","1.2429","n/a","n/a","n/a","n/a"
"24 Nov 15","1.9015","1.218","n/a","n/a","n/a","n/a"
"23 Nov 15","1.928","1.2359","n/a","n/a","n/a","n/a"
"20 Nov 15","1.9178","1.2246","n/a","n/a","n/a","n/a"
"19 Nov 15","1.9324","1.2529","n/a","n/a","n/a","n/a"
"18 Nov 15","1.973","1.2846","n/a","n/a","n/a","n/a"
"17 Nov 15","2.0169","1.3193","n/a","n/a","n/a","n/a"
"16 Nov 15","1.9819","1.2774","n/a","n/a","n/a","n/a"
"13 Nov 15","2.0128","1.3227","n/a","n/a","n/a","n/a"
"12 Nov 15","2.0449","1.354","n/a","n/a","n/a","n/a"
"11 Nov 15","2.0723","1.3807","n/a","n/a","n/a","n/a"
"10 Nov 15","2.0615","1.3621","n/a","n/a","n/a","n/a"
"09 Nov 15","2.0865","1.3998","n/a","n/a","n/a","n/a"
"06 Nov 15","2.068","1.3906","n/a","n/a","n/a","n/a"
"05 Nov 15","2.0015","1.3151","n/a","n/a","n/a","n/a"
"04 Nov 15","2.0233","1.3479","n/a","n/a","n/a","n/a"
"03 Nov 15","1.9959","1.3223","n/a","n/a","n/a","n/a"
"02 Nov 15","1.9715","1.2873","n/a","n/a","n/a","n/a"
"30 Oct 15","1.9393","1.2597","n/a","n/a","n/a","n/a"
"29 Oct 15","1.9465","1.2551","n/a","n/a","n/a","n/a"
"28 Oct 15","1.8223","1.1291","n/a","n/a","n/a","n/a"
"27 Oct 15","1.7813","1.0921","n/a","n/a","n/a","n/a"
"26 Oct 15","1.8486","1.1461","n/a","n/a","n/a","n/a"
"23 Oct 15","1.8818","1.175","n/a","n/a","n/a","n/a"
"22 Oct 15","1.8399","1.0992","n/a","n/a","n/a","n/a"
"21 Oct 15","1.8405","1.1024","n/a","n/a","n/a","n/a"
"20 Oct 15","1.8909","1.1586","n/a","n/a","n/a","n/a"
"19 Oct 15","1.8656","1.1302","n/a","n/a","n/a","n/a"
"16 Oct 15","1.8373","1.1052","n/a","n/a","n/a","n/a"
"15 Oct 15","1.8146","1.0877","n/a","n/a","n/a","n/a"
"14 Oct 15","1.8029","1.0798","n/a","n/a","n/a","n/a"
"13 Oct 15","1.8694","1.1609","n/a","n/a","n/a","n/a"
"12 Oct 15","1.8587","1.153","n/a","n/a","n/a","n/a"
"09 Oct 15","1.8895","1.188","n/a","n/a","n/a","n/a"
"08 Oct 15","1.8413","1.1543","n/a","n/a","n/a","n/a"
"07 Oct 15","1.8557","1.1684","n/a","n/a","n/a","n/a"
"06 Oct 15","1.8309","1.1405","n/a","n/a","n/a","n/a"
"05 Oct 15","1.819","1.1398","n/a","n/a","n/a","n/a"
"02 Oct 15","1.739","1.0705","n/a","n/a","n/a","n/a"
"01 Oct 15","1.7965","1.124","n/a","n/a","n/a","n/a"
"30 Sep 15","1.8137","1.1354","2.0016","1.3249","1.8137","1.1354"
"29 Sep 15","1.7853","1.122","n/a","n/a","n/a","n/a"
"28 Sep 15","1.8128","1.1396","n/a","n/a","n/a","n/a"
"25 Sep 15","1.872","1.1955","n/a","n/a","n/a","n/a"
"24 Sep 15","1.7736","1.0917","n/a","n/a","n/a","n/a"
"23 Sep 15","1.8316","1.1582","n/a","n/a","n/a","n/a"
"22 Sep 15","1.813","1.1251","n/a","n/a","n/a","n/a"
"21 Sep 15","1.9207","1.2322","n/a","n/a","n/a","n/a"
"18 Sep 15","1.8783","1.1915","n/a","n/a","n/a","n/a"
"17 Sep 15","1.9765","1.3036","n/a","n/a","n/a","n/a"
"16 Sep 15","1.9627","1.2879","n/a","n/a","n/a","n/a"
"15 Sep 15","1.9287","1.2443","n/a","n/a","n/a","n/a"
"14 Sep 15","1.8753","1.1932","n/a","n/a","n/a","n/a"
"11 Sep 15","1.8452","1.1704","n/a","n/a","n/a","n/a"
"10 Sep 15","1.8798","1.2175","n/a","n/a","n/a","n/a"
"09 Sep 15","1.9028","1.2251","n/a","n/a","n/a","n/a"
"08 Sep 15","1.8888","1.204","n/a","n/a","n/a","n/a"
"07 Sep 15","1.844","1.1734","n/a","n/a","n/a","n/a"
"04 Sep 15","1.8704","1.1841","n/a","n/a","n/a","n/a"
"03 Sep 15","1.9515","1.252","n/a","n/a","n/a","n/a"
"02 Sep 15","1.9876","1.2881","n/a","n/a","n/a","n/a"
"01 Sep 15","1.9775","1.2871","n/a","n/a","n/a","n/a"
"28 Aug 15","1.9884","1.2903","n/a","n/a","n/a","n/a"
"27 Aug 15","2.0118","1.3002","n/a","n/a","n/a","n/a"
"26 Aug 15","1.9903","1.2864","n/a","n/a","n/a","n/a"
"25 Aug 15","1.9367","1.2663","n/a","n/a","n/a","n/a"
"24 Aug 15","1.8378","1.1757","n/a","n/a","n/a","n/a"
"21 Aug 15","1.864","1.202","n/a","n/a","n/a","n/a"
"20 Aug 15","1.9046","1.2695","n/a","n/a","n/a","n/a"
"19 Aug 15","2.0166","1.3324","n/a","n/a","n/a","n/a"
"18 Aug 15","2.02","1.3407","n/a","n/a","n/a","n/a"
"17 Aug 15","1.9632","1.2933","n/a","n/a","n/a","n/a"
"14 Aug 15","2.013","1.336","n/a","n/a","n/a","n/a"
"13 Aug 15","1.983","1.308","n/a","n/a","n/a","n/a"
"12 Aug 15","1.9305","1.2763","n/a","n/a","n/a","n/a"
"11 Aug 15","1.9363","1.3434","n/a","n/a","n/a","n/a"
"10 Aug 15","2.056","1.4038","n/a","n/a","n/a","n/a"
"07 Aug 15","1.9974","1.3443","n/a","n/a","n/a","n/a"
"06 Aug 15","2.0283","1.389","n/a","n/a","n/a","n/a"
"05 Aug 15","2.0962","1.4237","n/a","n/a","n/a","n/a"
"04 Aug 15","2.0105","1.3315","n/a","n/a","n/a","n/a"
"03 Aug 15","2.014","1.3394","n/a","n/a","n/a","n/a"
"31 Jul 15","2.016","1.3418","n/a","n/a","n/a","n/a"
"30 Jul 15","2.0987","1.4246","n/a","n/a","n/a","n/a"
"29 Jul 15","2.0791","1.4372","n/a","n/a","n/a","n/a"
"28 Jul 15","2.0555","1.4195","n/a","n/a","n/a","n/a"
"27 Jul 15","2.0416","1.4142","n/a","n/a","n/a","n/a"
"24 Jul 15","2.0509","1.4352","n/a","n/a","n/a","n/a"
"23 Jul 15","2.1413","1.4901","n/a","n/a","n/a","n/a"
"22 Jul 15","2.1495","1.4888","n/a","n/a","n/a","n/a"
"21 Jul 15","2.1984","1.5124","n/a","n/a","n/a","n/a"
"20 Jul 15","2.1952","1.5145","n/a","n/a","n/a","n/a"
"17 Jul 15","2.1998","1.5177","n/a","n/a","n/a","n/a"
"16 Jul 15","2.2035","1.4797","n/a","n/a","n/a","n/a"
"15 Jul 15","2.2659","1.5303","n/a","n/a","n/a","n/a"
"14 Jul 15","2.2794","1.5278","n/a","n/a","n/a","n/a"
"13 Jul 15","2.2419","1.529","n/a","n/a","n/a","n/a"
"10 Jul 15","2.2132","1.4967","n/a","n/a","n/a","n/a"
"09 Jul 15","2.1051","1.3906","n/a","n/a","n/a","n/a"
"08 Jul 15","2.0074","1.3566","n/a","n/a","n/a","n/a"
"07 Jul 15","1.937","1.2766","n/a","n/a","n/a","n/a"
"06 Jul 15","2.1318","1.4458","n/a","n/a","n/a","n/a"
"03 Jul 15","2.1148","1.4242","n/a","n/a","n/a","n/a"
"02 Jul 15","2.1752","1.4906","n/a","n/a","n/a","n/a"
"01 Jul 15","2.2097","1.5","n/a","n/a","n/a","n/a"
"30 Jun 15","2.1373","1.4461","1.9884","1.3044","2.1373","1.4461"
"29 Jun 15","2.1709","1.4836","n/a","n/a","n/a","n/a"
"26 Jun 15","2.2682","1.5764","n/a","n/a","n/a","n/a"
"25 Jun 15","2.2375","1.5459","n/a","n/a","n/a","n/a"
"24 Jun 15","2.2262","1.5284","n/a","n/a","n/a","n/a"
"23 Jun 15","2.2099","1.492","n/a","n/a","n/a","n/a"
"22 Jun 15","2.1944","1.4751","n/a","n/a","n/a","n/a"
"19 Jun 15","2.1048","1.3969","n/a","n/a","n/a","n/a"
"18 Jun 15","2.138","1.4251","n/a","n/a","n/a","n/a"
"17 Jun 15","2.1601","1.4542","n/a","n/a","n/a","n/a"
"16 Jun 15","2.1431","1.3686","n/a","n/a","n/a","n/a"
"15 Jun 15","2.1715","1.3699","n/a","n/a","n/a","n/a"
"12 Jun 15","2.1143","1.3208","n/a","n/a","n/a","n/a"
"11 Jun 15","2.2089","1.3869","n/a","n/a","n/a","n/a"
"10 Jun 15","2.2783","1.4542","n/a","n/a","n/a","n/a"
"09 Jun 15","2.2343","1.4199","n/a","n/a","n/a","n/a"
"08 Jun 15","2.1876","1.3865","n/a","n/a","n/a","n/a"
"05 Jun 15","2.1962","1.4342","n/a","n/a","n/a","n/a"
"04 Jun 15","2.1148","1.3637","n/a","n/a","n/a","n/a"
"03 Jun 15","2.2052","1.4316","n/a","n/a","n/a","n/a"
"02 Jun 15","2.0829","1.3599","n/a","n/a","n/a","n/a"
"01 Jun 15","1.9479","1.2749","n/a","n/a","n/a","n/a"
"29 May 15","1.9324","1.2528","n/a","n/a","n/a","n/a"
"28 May 15","1.9403","1.2812","n/a","n/a","n/a","n/a"
"27 May 15","1.9932","1.3257","n/a","n/a","n/a","n/a"
"26 May 15","1.9923","1.2908","n/a","n/a","n/a","n/a"
"22 May 15","2.0189","1.3476","n/a","n/a","n/a","n/a"
"21 May 15","2.0659","1.3748","n/a","n/a","n/a","n/a"
"20 May 15","2.0673","1.3779","n/a","n/a","n/a","n/a"
"19 May 15","2.0474","1.357","n/a","n/a","n/a","n/a"
"18 May 15","2.0368","1.3499","n/a","n/a","n/a","n/a"
"15 May 15","2.002","1.3087","n/a","n/a","n/a","n/a"
"14 May 15","2.0956","1.3892","n/a","n/a","n/a","n/a"
"13 May 15","2.072","1.3888","n/a","n/a","n/a","n/a"
"12 May 15","2.0836","1.4136","n/a","n/a","n/a","n/a"
"11 May 15","2.0331","1.3728","n/a","n/a","n/a","n/a"
"08 May 15","1.9469","1.3104","n/a","n/a","n/a","n/a"
"07 May 15","2.0297","1.3607","n/a","n/a","n/a","n/a"
"06 May 15","2.0766","1.3979","n/a","n/a","n/a","n/a"
"05 May 15","2.0844","1.4005","n/a","n/a","n/a","n/a"
"01 May 15","1.9431","1.3077","n/a","n/a","n/a","n/a"
"30 Apr 15","1.9531","1.2792","n/a","n/a","n/a","n/a"
"29 Apr 15","1.9359","1.2912","n/a","n/a","n/a","n/a"
"28 Apr 15","1.8176","1.1997","n/a","n/a","n/a","n/a"
"27 Apr 15","1.8149","1.1831","n/a","n/a","n/a","n/a"
"24 Apr 15","1.7919","1.166","n/a","n/a","n/a","n/a"
"23 Apr 15","1.8201","1.1946","n/a","n/a","n/a","n/a"
"22 Apr 15","1.8117","1.2137","n/a","n/a","n/a","n/a"
"21 Apr 15","1.6911","1.0997","n/a","n/a","n/a","n/a"
"20 Apr 15","1.6978","1.0987","n/a","n/a","n/a","n/a"
"17 Apr 15","1.7038","1.0942","n/a","n/a","n/a","n/a"
"16 Apr 15","1.7326","1.1095","n/a","n/a","n/a","n/a"
"15 Apr 15","1.7005","1.0737","n/a","n/a","n/a","n/a"
"14 Apr 15","1.6557","1.0267","n/a","n/a","n/a","n/a"
"13 Apr 15","1.732","1.0865","n/a","n/a","n/a","n/a"
"10 Apr 15","1.7214","1.0678","n/a","n/a","n/a","n/a"
"09 Apr 15","1.6998","1.0872","n/a","n/a","n/a","n/a"
"08 Apr 15","1.7129","1.0914","n/a","n/a","n/a","n/a"
"07 Apr 15","1.7243","1.0724","n/a","n/a","n/a","n/a"
"02 Apr 15","1.7212","1.0745","n/a","n/a","n/a","n/a"
"01 Apr 15","1.6625","1.0539","n/a","n/a","n/a","n/a"
"31 Mar 15","1.6969","1.0701","1.7074","1.1058","1.6969","1.0701"
"30 Mar 15","1.685","1.0743","n/a","n/a","n/a","n/a"
"27 Mar 15","1.605","1.0588","n/a","n/a","n/a","n/a"
"26 Mar 15","1.6953","1.1013","n/a","n/a","n/a","n/a"
"25 Mar 15","1.6098","1.008","n/a","n/a","n/a","n/a"
"24 Mar 15","1.64","1.0224","n/a","n/a","n/a","n/a"
"23 Mar 15","1.6351","1.0192","n/a","n/a","n/a","n/a"
"20 Mar 15","1.6426","1.0351","n/a","n/a","n/a","n/a"
"19 Mar 15","1.6393","1.0354","n/a","n/a","n/a","n/a"
"18 Mar 15","1.711","1.0943","n/a","n/a","n/a","n/a"
"17 Mar 15","1.7835","1.1654","n/a","n/a","n/a","n/a"
"16 Mar 15","1.7862","1.1621","n/a","n/a","n/a","n/a"
"13 Mar 15","1.8083","1.1822","n/a","n/a","n/a","n/a"
"12 Mar 15","1.8499","1.2315","n/a","n/a","n/a","n/a"
"11 Mar 15","1.9179","1.2682","n/a","n/a","n/a","n/a"
"10 Mar 15","1.9109","1.2633","n/a","n/a","n/a","n/a"
"09 Mar 15","2.0356","1.3742","n/a","n/a","n/a","n/a"
"06 Mar 15","2.0492","1.3938","n/a","n/a","n/a","n/a"
"05 Mar 15","1.9601","1.3078","n/a","n/a","n/a","n/a"
"04 Mar 15","1.9813","1.3308","n/a","n/a","n/a","n/a"
"03 Mar 15","1.9449","1.3001","n/a","n/a","n/a","n/a"
"02 Mar 15","1.8822","1.2542","n/a","n/a","n/a","n/a"
"27 Feb 15","1.8615","1.2447","n/a","n/a","n/a","n/a"
"26 Feb 15","1.8071","1.189","n/a","n/a","n/a","n/a"
"25 Feb 15","1.7716","1.1572","n/a","n/a","n/a","n/a"
"24 Feb 15","1.8229","1.194","n/a","n/a","n/a","n/a"
"23 Feb 15","1.8545","1.2187","n/a","n/a","n/a","n/a"
"20 Feb 15","1.8242","1.1901","n/a","n/a","n/a","n/a"
"19 Feb 15","1.8777","1.2244","n/a","n/a","n/a","n/a"
"18 Feb 15","1.8987","1.2428","n/a","n/a","n/a","n/a"
"17 Feb 15","1.8122","1.1717","n/a","n/a","n/a","n/a"
"16 Feb 15","1.7498","1.1205","n/a","n/a","n/a","n/a"
"13 Feb 15","1.7275","1.1042","n/a","n/a","n/a","n/a"
"12 Feb 15","1.7242","1.1061","n/a","n/a","n/a","n/a"
"11 Feb 15","1.7407","1.1351","n/a","n/a","n/a","n/a"
"10 Feb 15","1.7247","1.1299","n/a","n/a","n/a","n/a"
"09 Feb 15","1.668","1.0929","n/a","n/a","n/a","n/a"
"06 Feb 15","1.7029","1.1332","n/a","n/a","n/a","n/a"
"05 Feb 15","1.6045","1.0466","n/a","n/a","n/a","n/a"
"04 Feb 15","1.5882","1.0366","n/a","n/a","n/a","n/a"
"03 Feb 15","1.5283","0.9967","n/a","n/a","n/a","n/a"
"02 Feb 15","1.4403","0.9251","n/a","n/a","n/a","n/a"
"30 Jan 15","1.3979","0.8834","n/a","n/a","n/a","n/a"
"29 Jan 15","1.4751","0.9389","n/a","n/a","n/a","n/a"
"28 Jan 15","1.5146","0.9663","n/a","n/a","n/a","n/a"
"27 Jan 15","1.526","0.9765","n/a","n/a","n/a","n/a"
"26 Jan 15","1.5472","0.995","n/a","n/a","n/a","n/a"
"23 Jan 15","1.5168","0.9468","n/a","n/a","n/a","n/a"
"22 Jan 15","1.5542","0.9903","n/a","n/a","n/a","n/a"
"21 Jan 15","1.5318","0.9761","n/a","n/a","n/a","n/a"
"20 Jan 15","1.5854","1.0358","n/a","n/a","n/a","n/a"
"19 Jan 15","1.5804","1.021","n/a","n/a","n/a","n/a"
"16 Jan 15","1.5961","1.0312","n/a","n/a","n/a","n/a"
"15 Jan 15","1.5734","1.0043","n/a","n/a","n/a","n/a"
"14 Jan 15","1.566","0.9962","n/a","n/a","n/a","n/a"
"13 Jan 15","1.6388","1.0464","n/a","n/a","n/a","n/a"
"12 Jan 15","1.6276","1.0233","n/a","n/a","n/a","n/a"
"09 Jan 15","1.6342","1.0359","n/a","n/a","n/a","n/a"
"08 Jan 15","1.697","1.0815","n/a","n/a","n/a","n/a"
"07 Jan 15","1.6584","1.0467","n/a","n/a","n/a","n/a"
"06 Jan 15","1.6465","1.0268","n/a","n/a","n/a","n/a"
"05 Jan 15","1.7162","1.0912","n/a","n/a","n/a","n/a"
"02 Jan 15","1.7846","1.1409","n/a","n/a","n/a","n/a"
"31 Dec 14","1.8155","1.1641","2.1151","1.4057","1.8155","1.1641"
"30 Dec 14","1.8597","1.1977","n/a","n/a","n/a","n/a"
"29 Dec 14","1.8749","1.2079","n/a","n/a","n/a","n/a"
"24 Dec 14","1.95","1.2785","n/a","n/a","n/a","n/a"
"23 Dec 14","1.9206","1.2538","n/a","n/a","n/a","n/a"
"22 Dec 14","1.8923","1.2277","n/a","n/a","n/a","n/a"
"19 Dec 14","1.9185","1.2564","n/a","n/a","n/a","n/a"
"18 Dec 14","1.9308","1.2763","n/a","n/a","n/a","n/a"
"17 Dec 14","1.8177","1.1773","n/a","n/a","n/a","n/a"
"16 Dec 14","1.8269","1.1909","n/a","n/a","n/a","n/a"
"15 Dec 14","1.868","1.2206","n/a","n/a","n/a","n/a"
"12 Dec 14","1.8541","1.2055","n/a","n/a","n/a","n/a"
"11 Dec 14","1.9608","1.2978","n/a","n/a","n/a","n/a"
"10 Dec 14","1.9687","1.3014","n/a","n/a","n/a","n/a"
"09 Dec 14","1.9481","1.2839","n/a","n/a","n/a","n/a"
"08 Dec 14","2.0268","1.349","n/a","n/a","n/a","n/a"
"05 Dec 14","2.0614","1.3786","n/a","n/a","n/a","n/a"
"04 Dec 14","2.026","1.3391","n/a","n/a","n/a","n/a"
"03 Dec 14","2.0452","1.3597","n/a","n/a","n/a","n/a"
"02 Dec 14","2.0096","1.3142","n/a","n/a","n/a","n/a"
"01 Dec 14","1.927","1.2382","n/a","n/a","n/a","n/a"
"28 Nov 14","1.9575","1.2754","n/a","n/a","n/a","n/a"
"27 Nov 14","1.959","1.2601","n/a","n/a","n/a","n/a"
"26 Nov 14","1.9997","1.2983","n/a","n/a","n/a","n/a"
"25 Nov 14","2.0356","1.3228","n/a","n/a","n/a","n/a"
"24 Nov 14","2.0792","1.356","n/a","n/a","n/a","n/a"
"21 Nov 14","2.0802","1.3498","n/a","n/a","n/a","n/a"
"20 Nov 14","2.1282","1.392","n/a","n/a","n/a","n/a"
"19 Nov 14","2.1661","1.4265","n/a","n/a","n/a","n/a"
"18 Nov 14","2.1517","1.4106","n/a","n/a","n/a","n/a"
"17 Nov 14","2.1521","1.4024","n/a","n/a","n/a","n/a"
"14 Nov 14","2.1738","1.4317","n/a","n/a","n/a","n/a"
"13 Nov 14","2.2124","1.4713","n/a","n/a","n/a","n/a"
"12 Nov 14","2.22","1.4845","n/a","n/a","n/a","n/a"
"11 Nov 14","2.2647","1.5329","n/a","n/a","n/a","n/a"
"10 Nov 14","2.2216","1.4894","n/a","n/a","n/a","n/a"
"07 Nov 14","2.2418","1.5052","n/a","n/a","n/a","n/a"
"06 Nov 14","2.279","1.5397","n/a","n/a","n/a","n/a"
"05 Nov 14","2.2916","1.5541","n/a","n/a","n/a","n/a"
"04 Nov 14","2.2638","1.5242","n/a","n/a","n/a","n/a"
"03 Nov 14","2.3082","1.5667","n/a","n/a","n/a","n/a"
"31 Oct 14","2.284","1.5318","n/a","n/a","n/a","n/a"
"30 Oct 14","2.254","1.4973","n/a","n/a","n/a","n/a"
"29 Oct 14","2.2731","1.5124","n/a","n/a","n/a","n/a"
"28 Oct 14","2.2545","1.507","n/a","n/a","n/a","n/a"
"27 Oct 14","2.2325","1.491","n/a","n/a","n/a","n/a"
"24 Oct 14","2.252","1.5137","n/a","n/a","n/a","n/a"
"23 Oct 14","2.2497","1.5046","n/a","n/a","n/a","n/a"
"22 Oct 14","2.2102","1.4788","n/a","n/a","n/a","n/a"
"21 Oct 14","2.1836","1.4582","n/a","n/a","n/a","n/a"
"20 Oct 14","2.167","1.445","n/a","n/a","n/a","n/a"
"17 Oct 14","2.2035","1.4814","n/a","n/a","n/a","n/a"
"16 Oct 14","2.0916","1.366","n/a","n/a","n/a","n/a"
"15 Oct 14","2.0149","1.2456","n/a","n/a","n/a","n/a"
"14 Oct 14","2.1454","1.4091","n/a","n/a","n/a","n/a"
"13 Oct 14","2.1791","1.4588","n/a","n/a","n/a","n/a"
"10 Oct 14","2.2412","1.5234","n/a","n/a","n/a","n/a"
"09 Oct 14","2.281","1.5567","n/a","n/a","n/a","n/a"
"08 Oct 14","2.2753","1.5618","n/a","n/a","n/a","n/a"
"07 Oct 14","2.3213","1.6073","n/a","n/a","n/a","n/a"
"06 Oct 14","2.3842","1.6652","n/a","n/a","n/a","n/a"
"03 Oct 14","2.4114","1.6984","n/a","n/a","n/a","n/a"
"02 Oct 14","2.3706","1.6537","n/a","n/a","n/a","n/a"
"01 Oct 14","2.3991","1.6852","n/a","n/a","n/a","n/a"
"30 Sep 14","2.4504","1.7401","2.5908","1.8288","2.4504","1.7401"
"29 Sep 14","2.4689","1.7542","n/a","n/a","n/a","n/a"
"26 Sep 14","2.485","1.7677","n/a","n/a","n/a","n/a"
"25 Sep 14","2.4771","1.7665","n/a","n/a","n/a","n/a"
"24 Sep 14","2.4861","1.7962","n/a","n/a","n/a","n/a"
"23 Sep 14","2.492","1.7916","n/a","n/a","n/a","n/a"
"22 Sep 14","2.5161","1.8069","n/a","n/a","n/a","n/a"
"19 Sep 14","2.5525","1.8242","n/a","n/a","n/a","n/a"
"18 Sep 14","2.5835","1.8396","n/a","n/a","n/a","n/a"
"17 Sep 14","2.5317","1.7712","n/a","n/a","n/a","n/a"
"16 Sep 14","2.5315","1.7557","n/a","n/a","n/a","n/a"
"15 Sep 14","2.5371","1.7628","n/a","n/a","n/a","n/a"
"12 Sep 14","2.5323","1.7608","n/a","n/a","n/a","n/a"
"11 Sep 14","2.4946","1.7167","n/a","n/a","n/a","n/a"
"10 Sep 14","2.4959","1.7103","n/a","n/a","n/a","n/a"
"09 Sep 14","2.4688","1.6917","n/a","n/a","n/a","n/a"
"08 Sep 14","2.4555","1.6774","n/a","n/a","n/a","n/a"
"05 Sep 14","2.4676","1.7074","n/a","n/a","n/a","n/a"
"04 Sep 14","2.492","1.7453","n/a","n/a","n/a","n/a"
"03 Sep 14","2.4729","1.736","n/a","n/a","n/a","n/a"
"02 Sep 14","2.4378","1.7085","n/a","n/a","n/a","n/a"
"01 Sep 14","2.3924","1.6798","n/a","n/a","n/a","n/a"
"29 Aug 14","2.375","1.6623","n/a","n/a","n/a","n/a"
"28 Aug 14","2.3752","1.6596","n/a","n/a","n/a","n/a"
"27 Aug 14","2.3737","1.6461","n/a","n/a","n/a","n/a"
"26 Aug 14","2.4474","1.7067","n/a","n/a","n/a","n/a"
"22 Aug 14","2.5175","1.7664","n/a","n/a","n/a","n/a"
"21 Aug 14","2.509","1.7512","n/a","n/a","n/a","n/a"
"20 Aug 14","2.5202","1.7747","n/a","n/a","n/a","n/a"
"19 Aug 14","2.5004","1.7405","n/a","n/a","n/a","n/a"
"18 Aug 14","2.5376","1.7842","n/a","n/a","n/a","n/a"
"15 Aug 14","2.4687","1.7153","n/a","n/a","n/a","n/a"
"14 Aug 14","2.539","1.7685","n/a","n/a","n/a","n/a"
"13 Aug 14","2.55","1.777","n/a","n/a","n/a","n/a"
"12 Aug 14","2.5999","1.8522","n/a","n/a","n/a","n/a"
"11 Aug 14","2.6043","1.8637","n/a","n/a","n/a","n/a"
"08 Aug 14","2.5631","1.8304","n/a","n/a","n/a","n/a"
"07 Aug 14","2.6011","1.8558","n/a","n/a","n/a","n/a"
"06 Aug 14","2.6234","1.8738","n/a","n/a","n/a","n/a"
"05 Aug 14","2.6823","1.9165","n/a","n/a","n/a","n/a"
"04 Aug 14","2.6434","1.8763","n/a","n/a","n/a","n/a"
"01 Aug 14","2.6623","1.8912","n/a","n/a","n/a","n/a"
"31 Jul 14","2.7179","1.9415","n/a","n/a","n/a","n/a"
"30 Jul 14","2.6981","1.9307","n/a","n/a","n/a","n/a"
"29 Jul 14","2.6483","1.8802","n/a","n/a","n/a","n/a"
"28 Jul 14","2.6832","1.9139","n/a","n/a","n/a","n/a"
"25 Jul 14","2.6726","1.8996","n/a","n/a","n/a","n/a"
"24 Jul 14","2.7051","1.9321","n/a","n/a","n/a","n/a"
"23 Jul 14","2.6589","1.8819","n/a","n/a","n/a","n/a"
"22 Jul 14","2.6878","1.9111","n/a","n/a","n/a","n/a"
"21 Jul 14","2.6659","1.8806","n/a","n/a","n/a","n/a"
"18 Jul 14","2.6797","1.8979","n/a","n/a","n/a","n/a"
"17 Jul 14","2.6941","1.901","n/a","n/a","n/a","n/a"
"16 Jul 14","2.7564","1.9621","n/a","n/a","n/a","n/a"
"15 Jul 14","2.7546","1.9617","n/a","n/a","n/a","n/a"
"14 Jul 14","2.7131","1.9053","n/a","n/a","n/a","n/a"
"11 Jul 14","2.7129","1.9027","n/a","n/a","n/a","n/a"
"10 Jul 14","2.7328","1.9326","n/a","n/a","n/a","n/a"
"09 Jul 14","2.7674","1.9638","n/a","n/a","n/a","n/a"
"08 Jul 14","2.7618","1.9463","n/a","n/a","n/a","n/a"
"07 Jul 14","2.8328","2.0173","n/a","n/a","n/a","n/a"
"04 Jul 14","2.8537","2.0375","n/a","n/a","n/a","n/a"
"03 Jul 14","2.8466","2.028","n/a","n/a","n/a","n/a"
"02 Jul 14","2.8435","2.0363","n/a","n/a","n/a","n/a"
"01 Jul 14","2.8008","1.9847","n/a","n/a","n/a","n/a"
"30 Jun 14","2.7673","1.9443","2.7423","1.859","2.7673","1.9443"
"27 Jun 14","2.7337","1.9117","n/a","n/a","n/a","n/a"
"26 Jun 14","2.7349","1.9081","n/a","n/a","n/a","n/a"
"25 Jun 14","2.7455","1.9103","n/a","n/a","n/a","n/a"
"24 Jun 14","2.8256","1.9945","n/a","n/a","n/a","n/a"
"23 Jun 14","2.8211","1.9888","n/a","n/a","n/a","n/a"
"20 Jun 14","2.8521","2.0246","n/a","n/a","n/a","n/a"
"19 Jun 14","2.818","1.9828","n/a","n/a","n/a","n/a"
"18 Jun 14","2.8099","1.9773","n/a","n/a","n/a","n/a"
"17 Jun 14","2.853","2.0201","n/a","n/a","n/a","n/a"
"16 Jun 14","2.829","1.9976","n/a","n/a","n/a","n/a"
"13 Jun 14","2.8397","1.9804","n/a","n/a","n/a","n/a"
"12 Jun 14","2.7858","1.9318","n/a","n/a","n/a","n/a"
"11 Jun 14","2.7807","1.9254","n/a","n/a","n/a","n/a"
"10 Jun 14","2.795","1.9396","n/a","n/a","n/a","n/a"
"09 Jun 14","2.7661","1.9029","n/a","n/a","n/a","n/a"
"06 Jun 14","2.7486","1.8405","n/a","n/a","n/a","n/a"
"05 Jun 14","2.7706","1.8727","n/a","n/a","n/a","n/a"
"04 Jun 14","2.7807","1.8876","n/a","n/a","n/a","n/a"
"03 Jun 14","2.7186","1.8632","n/a","n/a","n/a","n/a"
"02 Jun 14","2.6929","1.8211","n/a","n/a","n/a","n/a"
"30 May 14","2.6507","1.7929","n/a","n/a","n/a","n/a"
"29 May 14","2.6112","1.7526","n/a","n/a","n/a","n/a"
"28 May 14","2.6293","1.768","n/a","n/a","n/a","n/a"
"27 May 14","2.7077","1.8485","n/a","n/a","n/a","n/a"
"23 May 14","2.7044","1.8346","n/a","n/a","n/a","n/a"
"22 May 14","2.7202","1.8645","n/a","n/a","n/a","n/a"
"21 May 14","2.7121","1.854","n/a","n/a","n/a","n/a"
"20 May 14","2.6981","1.8242","n/a","n/a","n/a","n/a"
"19 May 14","2.6585","1.7939","n/a","n/a","n/a","n/a"
"16 May 14","2.6357","1.772","n/a","n/a","n/a","n/a"
"15 May 14","2.6014","1.7355","n/a","n/a","n/a","n/a"
"14 May 14","2.6682","1.7965","n/a","n/a","n/a","n/a"
"13 May 14","2.7438","1.9051","n/a","n/a","n/a","n/a"
"12 May 14","2.8274","1.9532","n/a","n/a","n/a","n/a"
"09 May 14","2.7654","1.895","n/a","n/a","n/a","n/a"
"08 May 14","2.7297","1.8801","n/a","n/a","n/a","n/a"
"07 May 14","2.7465","1.8761","n/a","n/a","n/a","n/a"
"06 May 14","2.7368","1.8881","n/a","n/a","n/a","n/a"
"02 May 14","2.6985","1.8522","n/a","n/a","n/a","n/a"
"01 May 14","2.7334","1.8424","n/a","n/a","n/a","n/a"
"30 Apr 14","2.7658","1.8501","n/a","n/a","n/a","n/a"
"29 Apr 14","2.7491","1.8492","n/a","n/a","n/a","n/a"
"28 Apr 14","2.723","1.8471","n/a","n/a","n/a","n/a"
"25 Apr 14","2.72","1.824","n/a","n/a","n/a","n/a"
"24 Apr 14","2.7428","1.8323","n/a","n/a","n/a","n/a"
"23 Apr 14","2.7444","1.8411","n/a","n/a","n/a","n/a"
"22 Apr 14","2.773","1.8672","n/a","n/a","n/a","n/a"
"17 Apr 14","2.7103","1.809","n/a","n/a","n/a","n/a"
"16 Apr 14","2.6848","1.7627","n/a","n/a","n/a","n/a"
"15 Apr 14","2.6837","1.7076","n/a","n/a","n/a","n/a"
"14 Apr 14","2.7298","1.7378","n/a","n/a","n/a","n/a"
"11 Apr 14","2.6815","1.7258","n/a","n/a","n/a","n/a"
"10 Apr 14","2.7017","1.6928","n/a","n/a","n/a","n/a"
"09 Apr 14","2.7873","1.7947","n/a","n/a","n/a","n/a"
"08 Apr 14","2.7337","1.7927","n/a","n/a","n/a","n/a"
"07 Apr 14","2.7261","1.7722","n/a","n/a","n/a","n/a"
"04 Apr 14","2.7703","1.7631","n/a","n/a","n/a","n/a"
"03 Apr 14","2.794","1.8505","n/a","n/a","n/a","n/a"
"02 Apr 14","2.8137","1.873","n/a","n/a","n/a","n/a"
"01 Apr 14","2.7993","1.8521","n/a","n/a","n/a","n/a"
"31 Mar 14","2.7899","1.8535","2.8376","1.8015","2.7899","1.8535"
"28 Mar 14","2.7682","1.8533","n/a","n/a","n/a","n/a"
"27 Mar 14","2.7398","1.7829","n/a","n/a","n/a","n/a"
"26 Mar 14","2.7474","1.8054","n/a","n/a","n/a","n/a"
"25 Mar 14","2.7565","1.8076","n/a","n/a","n/a","n/a"
"24 Mar 14","2.7415","1.7902","n/a","n/a","n/a","n/a"
"21 Mar 14","2.7852","1.8302","n/a","n/a","n/a","n/a"
"20 Mar 14","2.8358","1.8022","n/a","n/a","n/a","n/a"
"19 Mar 14","2.7659","1.7381","n/a","n/a","n/a","n/a"
"18 Mar 14","2.7453","1.7229","n/a","n/a","n/a","n/a"
"17 Mar 14","2.7692","1.7454","n/a","n/a","n/a","n/a"
"14 Mar 14","2.7236","1.7304","n/a","n/a","n/a","n/a"
"13 Mar 14","2.7743","1.7237","n/a","n/a","n/a","n/a"
"12 Mar 14","2.8209","1.7662","n/a","n/a","n/a","n/a"
"11 Mar 14","2.8464","1.7838","n/a","n/a","n/a","n/a"
"10 Mar 14","2.8556","1.7957","n/a","n/a","n/a","n/a"
"07 Mar 14","2.8476","1.7831","n/a","n/a","n/a","n/a"
"06 Mar 14","2.8331","1.777","n/a","n/a","n/a","n/a"
"05 Mar 14","2.7891","1.7446","n/a","n/a","n/a","n/a"
"04 Mar 14","2.7686","1.726","n/a","n/a","n/a","n/a"
"03 Mar 14","2.7527","1.7187","n/a","n/a","n/a","n/a"
"28 Feb 14","2.8093","1.7717","n/a","n/a","n/a","n/a"
"27 Feb 14","2.7553","1.715","n/a","n/a","n/a","n/a"
"26 Feb 14","2.8113","1.7814","n/a","n/a","n/a","n/a"
"25 Feb 14","2.8245","1.7744","n/a","n/a","n/a","n/a"
"24 Feb 14","2.8257","1.8086","n/a","n/a","n/a","n/a"
"21 Feb 14","2.8463","1.8097","n/a","n/a","n/a","n/a"
"20 Feb 14","2.8705","1.8217","n/a","n/a","n/a","n/a"
"19 Feb 14","2.8093","1.7562","n/a","n/a","n/a","n/a"
"18 Feb 14","2.8167","1.7824","n/a","n/a","n/a","n/a"
"17 Feb 14","2.8423","1.8262","n/a","n/a","n/a","n/a"
"14 Feb 14","2.8641","1.8468","n/a","n/a","n/a","n/a"
"13 Feb 14","2.8506","1.8216","n/a","n/a","n/a","n/a"
"12 Feb 14","2.8809","1.8455","n/a","n/a","n/a","n/a"
"11 Feb 14","2.8027","1.731","n/a","n/a","n/a","n/a"
"10 Feb 14","2.8001","1.7221","n/a","n/a","n/a","n/a"
"07 Feb 14","2.7842","1.7053","n/a","n/a","n/a","n/a"
"06 Feb 14","2.8155","1.738","n/a","n/a","n/a","n/a"
"05 Feb 14","2.7464","1.6856","n/a","n/a","n/a","n/a"
"04 Feb 14","2.7601","1.7332","n/a","n/a","n/a","n/a"
"03 Feb 14","2.778","1.738","n/a","n/a","n/a","n/a"
"31 Jan 14","2.7847","1.7349","n/a","n/a","n/a","n/a"
"30 Jan 14","2.8146","1.7844","n/a","n/a","n/a","n/a"
"29 Jan 14","2.8273","1.7809","n/a","n/a","n/a","n/a"
"28 Jan 14","2.8746","1.8461","n/a","n/a","n/a","n/a"
"27 Jan 14","2.8436","1.8099","n/a","n/a","n/a","n/a"
"24 Jan 14","2.829","1.7997","n/a","n/a","n/a","n/a"
"23 Jan 14","2.8647","1.8492","n/a","n/a","n/a","n/a"
"22 Jan 14","2.9206","1.9201","n/a","n/a","n/a","n/a"
"21 Jan 14","2.8867","1.8533","n/a","n/a","n/a","n/a"
"20 Jan 14","2.8781","1.8341","n/a","n/a","n/a","n/a"
"17 Jan 14","2.8869","1.833","n/a","n/a","n/a","n/a"
"16 Jan 14","2.8661","1.8002","n/a","n/a","n/a","n/a"
"15 Jan 14","2.913","1.8559","n/a","n/a","n/a","n/a"
"14 Jan 14","2.8808","1.8182","n/a","n/a","n/a","n/a"
"13 Jan 14","2.8824","1.8107","n/a","n/a","n/a","n/a"
"10 Jan 14","2.9304","1.8681","n/a","n/a","n/a","n/a"
"09 Jan 14","3.0149","1.9521","n/a","n/a","n/a","n/a"
"08 Jan 14","3.0196","1.9442","n/a","n/a","n/a","n/a"
"07 Jan 14","2.9873","1.8972","n/a","n/a","n/a","n/a"
"06 Jan 14","3.0049","1.9103","n/a","n/a","n/a","n/a"
"03 Jan 14","3.0541","1.9496","n/a","n/a","n/a","n/a"
"02 Jan 14","3.0557","1.9494","n/a","n/a","n/a","n/a"
"31 Dec 13","3.0466","1.9661","2.7887","1.6261","3.0466","1.9661"
"30 Dec 13","3.0476","1.9806","n/a","n/a","n/a","n/a"
"27 Dec 13","3.1049","2.0117","n/a","n/a","n/a","n/a"
"24 Dec 13","3.007","1.9217","n/a","n/a","n/a","n/a"
"23 Dec 13","2.9906","1.8989","n/a","n/a","n/a","n/a"
"20 Dec 13","2.9655","1.8505","n/a","n/a","n/a","n/a"
"19 Dec 13","2.9818","1.8427","n/a","n/a","n/a","n/a"
"18 Dec 13","2.9384","1.7783","n/a","n/a","n/a","n/a"
"17 Dec 13","2.9014","1.7251","n/a","n/a","n/a","n/a"
"16 Dec 13","2.9036","1.7323","n/a","n/a","n/a","n/a"
"13 Dec 13","2.9206","1.7442","n/a","n/a","n/a","n/a"
"12 Dec 13","2.9249","1.7498","n/a","n/a","n/a","n/a"
"11 Dec 13","2.8957","1.7179","n/a","n/a","n/a","n/a"
"10 Dec 13","2.9021","1.7262","n/a","n/a","n/a","n/a"
"09 Dec 13","2.9326","1.7495","n/a","n/a","n/a","n/a"
"06 Dec 13","2.9116","1.7248","n/a","n/a","n/a","n/a"
"05 Dec 13","2.9221","1.7194","n/a","n/a","n/a","n/a"
"04 Dec 13","2.9071","1.7105","n/a","n/a","n/a","n/a"
"03 Dec 13","2.8429","1.6514","n/a","n/a","n/a","n/a"
"02 Dec 13","2.8689","1.6711","n/a","n/a","n/a","n/a"
"29 Nov 13","2.7939","1.5969","n/a","n/a","n/a","n/a"
"28 Nov 13","2.7702","1.5661","n/a","n/a","n/a","n/a"
"27 Nov 13","2.7806","1.5792","n/a","n/a","n/a","n/a"
"26 Nov 13","2.7587","1.5569","n/a","n/a","n/a","n/a"
"25 Nov 13","2.7822","1.5825","n/a","n/a","n/a","n/a"
"22 Nov 13","2.8178","1.6049","n/a","n/a","n/a","n/a"
"21 Nov 13","2.8456","1.6313","n/a","n/a","n/a","n/a"
"20 Nov 13","2.7489","1.5532","n/a","n/a","n/a","n/a"
"19 Nov 13","2.7378","1.5462","n/a","n/a","n/a","n/a"
"18 Nov 13","2.7345","1.5321","n/a","n/a","n/a","n/a"
"15 Nov 13","2.7508","1.5501","n/a","n/a","n/a","n/a"
"14 Nov 13","2.774","1.5745","n/a","n/a","n/a","n/a"
"13 Nov 13","2.8057","1.6125","n/a","n/a","n/a","n/a"
"12 Nov 13","2.8055","1.6144","n/a","n/a","n/a","n/a"
"11 Nov 13","2.8095","1.6377","n/a","n/a","n/a","n/a"
"08 Nov 13","2.7775","1.604","n/a","n/a","n/a","n/a"
"07 Nov 13","2.6931","1.5153","n/a","n/a","n/a","n/a"
"06 Nov 13","2.7306","1.5722","n/a","n/a","n/a","n/a"
"05 Nov 13","2.7293","1.5775","n/a","n/a","n/a","n/a"
"04 Nov 13","2.6495","1.4825","n/a","n/a","n/a","n/a"
"01 Nov 13","2.6601","1.4993","n/a","n/a","n/a","n/a"
"31 Oct 13","2.6283","1.4805","n/a","n/a","n/a","n/a"
"30 Oct 13","2.5453","1.4158","n/a","n/a","n/a","n/a"
"29 Oct 13","2.6114","1.4656","n/a","n/a","n/a","n/a"
"28 Oct 13","2.6274","1.4877","n/a","n/a","n/a","n/a"
"25 Oct 13","2.6245","1.4719","n/a","n/a","n/a","n/a"
"24 Oct 13","2.6404","1.486","n/a","n/a","n/a","n/a"
"23 Oct 13","2.6073","1.4526","n/a","n/a","n/a","n/a"
"22 Oct 13","2.6385","1.4826","n/a","n/a","n/a","n/a"
"21 Oct 13","2.7327","1.5815","n/a","n/a","n/a","n/a"
"18 Oct 13","2.712","1.5551","n/a","n/a","n/a","n/a"
"17 Oct 13","2.7387","1.5798","n/a","n/a","n/a","n/a"
"16 Oct 13","2.8187","1.6548","n/a","n/a","n/a","n/a"
"15 Oct 13","2.7756","1.6293","n/a","n/a","n/a","n/a"
"14 Oct 13","2.734","1.5722","n/a","n/a","n/a","n/a"
"11 Oct 13","2.7118","1.5536","n/a","n/a","n/a","n/a"
"10 Oct 13","2.7202","1.563","n/a","n/a","n/a","n/a"
"09 Oct 13","2.6658","1.5262","n/a","n/a","n/a","n/a"
"08 Oct 13","2.6821","1.5594","n/a","n/a","n/a","n/a"
"07 Oct 13","2.6789","1.5591","n/a","n/a","n/a","n/a"
"04 Oct 13","2.7056","1.5825","n/a","n/a","n/a","n/a"
"03 Oct 13","2.6621","1.5202","n/a","n/a","n/a","n/a"
"02 Oct 13","2.6685","1.5079","n/a","n/a","n/a","n/a"
"01 Oct 13","2.6736","1.519","n/a","n/a","n/a","n/a"
"30 Sep 13","2.6788","1.5172","2.6684","1.4572","2.6788","1.5172"
"27 Sep 13","2.6794","1.5106","n/a","n/a","n/a","n/a"
"26 Sep 13","2.7161","1.5344","n/a","n/a","n/a","n/a"
"25 Sep 13","2.7228","1.5397","n/a","n/a","n/a","n/a"
"24 Sep 13","2.7798","1.5863","n/a","n/a","n/a","n/a"
"23 Sep 13","2.8606","1.6701","n/a","n/a","n/a","n/a"
"20 Sep 13","2.8889","1.6955","n/a","n/a","n/a","n/a"
"19 Sep 13","2.8599","1.6741","n/a","n/a","n/a","n/a"
"18 Sep 13","2.9576","1.7936","n/a","n/a","n/a","n/a"
"17 Sep 13","2.898","1.7163","n/a","n/a","n/a","n/a"
"16 Sep 13","2.8369","1.6475","n/a","n/a","n/a","n/a"
"13 Sep 13","2.872","1.6811","n/a","n/a","n/a","n/a"
"12 Sep 13","2.894","1.7022","n/a","n/a","n/a","n/a"
"11 Sep 13","2.9533","1.7662","n/a","n/a","n/a","n/a"
"10 Sep 13","2.9667","1.7905","n/a","n/a","n/a","n/a"
"09 Sep 13","2.8924","1.7154","n/a","n/a","n/a","n/a"
"06 Sep 13","2.8782","1.7076","n/a","n/a","n/a","n/a"
"05 Sep 13","2.9464","1.775","n/a","n/a","n/a","n/a"
"04 Sep 13","2.8202","1.6237","n/a","n/a","n/a","n/a"
"03 Sep 13","2.8325","1.6354","n/a","n/a","n/a","n/a"
"02 Sep 13","2.7966","1.5873","n/a","n/a","n/a","n/a"
"30 Aug 13","2.7429","1.5296","n/a","n/a","n/a","n/a"
"29 Aug 13","2.738","1.5231","n/a","n/a","n/a","n/a"
"28 Aug 13","2.762","1.5529","n/a","n/a","n/a","n/a"
"27 Aug 13","2.7328","1.5196","n/a","n/a","n/a","n/a"
"23 Aug 13","2.8253","1.602","n/a","n/a","n/a","n/a"
"22 Aug 13","2.8372","1.5872","n/a","n/a","n/a","n/a"
"21 Aug 13","2.839","1.5812","n/a","n/a","n/a","n/a"
"20 Aug 13","2.8045","1.5424","n/a","n/a","n/a","n/a"
"19 Aug 13","2.8617","1.6146","n/a","n/a","n/a","n/a"
"16 Aug 13","2.8197","1.5724","n/a","n/a","n/a","n/a"
"15 Aug 13","2.8016","1.5583","n/a","n/a","n/a","n/a"
"14 Aug 13","2.7496","1.4992","n/a","n/a","n/a","n/a"
"13 Aug 13","2.7272","1.4782","n/a","n/a","n/a","n/a"
"12 Aug 13","2.5959","1.3581","n/a","n/a","n/a","n/a"
"09 Aug 13","2.5984","1.3508","n/a","n/a","n/a","n/a"
"08 Aug 13","2.6078","1.3607","n/a","n/a","n/a","n/a"
"07 Aug 13","2.5925","1.3683","n/a","n/a","n/a","n/a"
"06 Aug 13","2.6016","1.3615","n/a","n/a","n/a","n/a"
"05 Aug 13","2.5853","1.3417","n/a","n/a","n/a","n/a"
"02 Aug 13","2.5449","1.2942","n/a","n/a","n/a","n/a"
"01 Aug 13","2.517","1.2572","n/a","n/a","n/a","n/a"
"31 Jul 13","2.4734","1.2193","n/a","n/a","n/a","n/a"
"30 Jul 13","2.4363","1.1997","n/a","n/a","n/a","n/a"
"29 Jul 13","2.4499","1.2109","n/a","n/a","n/a","n/a"
"26 Jul 13","2.4526","1.2073","n/a","n/a","n/a","n/a"
"25 Jul 13","2.506","1.2744","n/a","n/a","n/a","n/a"
"24 Jul 13","2.5091","1.2842","n/a","n/a","n/a","n/a"
"23 Jul 13","2.4295","1.2161","n/a","n/a","n/a","n/a"
"22 Jul 13","2.3924","1.1743","n/a","n/a","n/a","n/a"
"19 Jul 13","2.4145","1.1861","n/a","n/a","n/a","n/a"
"18 Jul 13","2.3837","1.1393","n/a","n/a","n/a","n/a"
"17 Jul 13","2.4134","1.1774","n/a","n/a","n/a","n/a"
"16 Jul 13","2.3914","1.181","n/a","n/a","n/a","n/a"
"15 Jul 13","2.4524","1.2556","n/a","n/a","n/a","n/a"
"12 Jul 13","2.4322","1.2363","n/a","n/a","n/a","n/a"
"11 Jul 13","2.4873","1.2845","n/a","n/a","n/a","n/a"
"10 Jul 13","2.5131","1.3075","n/a","n/a","n/a","n/a"
"09 Jul 13","2.5374","1.3102","n/a","n/a","n/a","n/a"
"08 Jul 13","2.5834","1.3756","n/a","n/a","n/a","n/a"
"05 Jul 13","2.5845","1.3959","n/a","n/a","n/a","n/a"
"04 Jul 13","2.4911","1.3212","n/a","n/a","n/a","n/a"
"03 Jul 13","2.4961","1.3535","n/a","n/a","n/a","n/a"
"02 Jul 13","2.4864","1.3287","n/a","n/a","n/a","n/a"
"01 Jul 13","2.5161","1.3566","n/a","n/a","n/a","n/a"
"30 Jun 13","n/a","n/a","2.0069","0.9316","2.5351","1.367"
"28 Jun 13","2.5351","1.367","n/a","n/a","n/a","n/a"
"27 Jun 13","2.5052","1.3779","n/a","n/a","n/a","n/a"
"26 Jun 13","2.5363","1.3929","n/a","n/a","n/a","n/a"
"25 Jun 13","2.6049","1.5014","n/a","n/a","n/a","n/a"
"24 Jun 13","2.6384","1.5728","n/a","n/a","n/a","n/a"
"21 Jun 13","2.4929","1.4039","n/a","n/a","n/a","n/a"
"20 Jun 13","2.396","1.3492","n/a","n/a","n/a","n/a"
"19 Jun 13","2.2256","1.1516","n/a","n/a","n/a","n/a"
"18 Jun 13","2.2364","1.157","n/a","n/a","n/a","n/a"
"17 Jun 13","2.1856","1.1031","n/a","n/a","n/a","n/a"
"14 Jun 13","2.1676","1.0918","n/a","n/a","n/a","n/a"
"13 Jun 13","2.2209","1.1445","n/a","n/a","n/a","n/a"
"12 Jun 13","2.2512","1.1751","n/a","n/a","n/a","n/a"
"11 Jun 13","2.2712","1.2125","n/a","n/a","n/a","n/a"
"10 Jun 13","2.2274","1.1293","n/a","n/a","n/a","n/a"
"07 Jun 13","2.1663","1.0735","n/a","n/a","n/a","n/a"
"06 Jun 13","2.1281","1.0297","n/a","n/a","n/a","n/a"
"05 Jun 13","2.1105","1.0083","n/a","n/a","n/a","n/a"
"04 Jun 13","2.1347","1.0328","n/a","n/a","n/a","n/a"
"03 Jun 13","2.0915","0.9927","n/a","n/a","n/a","n/a"
"31 May 13","2.0944","1.0024","n/a","n/a","n/a","n/a"
"30 May 13","2.0465","0.9652","n/a","n/a","n/a","n/a"
"29 May 13","2.083","0.9937","n/a","n/a","n/a","n/a"
"28 May 13","2.0382","0.9562","n/a","n/a","n/a","n/a"
"24 May 13","1.979","0.904","n/a","n/a","n/a","n/a"
"23 May 13","1.9972","0.9103","n/a","n/a","n/a","n/a"
"22 May 13","1.9802","0.8911","n/a","n/a","n/a","n/a"
"21 May 13","2.0146","0.9248","n/a","n/a","n/a","n/a"
"20 May 13","1.9953","0.9133","n/a","n/a","n/a","n/a"
"17 May 13","1.9696","0.8901","n/a","n/a","n/a","n/a"
"16 May 13","1.9535","0.8748","n/a","n/a","n/a","n/a"
"15 May 13","2.0067","0.9271","n/a","n/a","n/a","n/a"
"14 May 13","1.977","0.8988","n/a","n/a","n/a","n/a"
"13 May 13","1.9583","0.8853","n/a","n/a","n/a","n/a"
"10 May 13","1.9629","0.8969","n/a","n/a","n/a","n/a"
"09 May 13","1.8626","0.8138","n/a","n/a","n/a","n/a"
"08 May 13","1.8434","0.8006","n/a","n/a","n/a","n/a"
"07 May 13","1.8694","0.8239","n/a","n/a","n/a","n/a"
"03 May 13","1.8036","0.7704","n/a","n/a","n/a","n/a"
"02 May 13","1.6924","0.668","n/a","n/a","n/a","n/a"
"01 May 13","1.7432","0.7059","n/a","n/a","n/a","n/a"
"30 Apr 13","1.7478","0.7128","n/a","n/a","n/a","n/a"
"29 Apr 13","1.7343","0.7","n/a","n/a","n/a","n/a"
"26 Apr 13","1.7647","0.7234","n/a","n/a","n/a","n/a"
"25 Apr 13","1.8018","0.751","n/a","n/a","n/a","n/a"
"24 Apr 13","1.7698","0.7208","n/a","n/a","n/a","n/a"
"23 Apr 13","1.7729","0.7282","n/a","n/a","n/a","n/a"
"22 Apr 13","1.7306","0.6909","n/a","n/a","n/a","n/a"
"19 Apr 13","1.7464","0.7085","n/a","n/a","n/a","n/a"
"18 Apr 13","1.7487","0.6924","n/a","n/a","n/a","n/a"
"17 Apr 13","1.7663","0.6998","n/a","n/a","n/a","n/a"
"16 Apr 13","1.8088","0.7314","n/a","n/a","n/a","n/a"
"15 Apr 13","1.7928","0.7136","n/a","n/a","n/a","n/a"
"12 Apr 13","1.809","0.7222","n/a","n/a","n/a","n/a"
"11 Apr 13","1.8491","0.7592","n/a","n/a","n/a","n/a"
"10 Apr 13","1.8514","0.7689","n/a","n/a","n/a","n/a"
"09 Apr 13","1.8033","0.7336","n/a","n/a","n/a","n/a"
"08 Apr 13","1.7617","0.7069","n/a","n/a","n/a","n/a"
"05 Apr 13","1.7052","0.6545","n/a","n/a","n/a","n/a"
"04 Apr 13","1.7916","0.7098","n/a","n/a","n/a","n/a"
"03 Apr 13","1.8275","0.7184","n/a","n/a","n/a","n/a"
"02 Apr 13","1.8466","0.7326","n/a","n/a","n/a","n/a"
"31 Mar 13","n/a","n/a","2.0782","0.9567","1.8401","0.7267"
"28 Mar 13","1.8401","0.7267","n/a","n/a","n/a","n/a"
"27 Mar 13","1.8087","0.7002","n/a","n/a","n/a","n/a"
"26 Mar 13","1.8555","0.7341","n/a","n/a","n/a","n/a"
"25 Mar 13","1.8876","0.7561","n/a","n/a","n/a","n/a"
"22 Mar 13","1.9163","0.779","n/a","n/a","n/a","n/a"
"21 Mar 13","1.9317","0.7809","n/a","n/a","n/a","n/a"
"20 Mar 13","1.9325","0.7737","n/a","n/a","n/a","n/a"
"19 Mar 13","1.9062","0.7658","n/a","n/a","n/a","n/a"
"18 Mar 13","1.9682","0.8051","n/a","n/a","n/a","n/a"
"15 Mar 13","2.0147","0.8419","n/a","n/a","n/a","n/a"
"14 Mar 13","2.045","0.8634","n/a","n/a","n/a","n/a"
"13 Mar 13","2.0443","0.8625","n/a","n/a","n/a","n/a"
"12 Mar 13","2.0448","0.857","n/a","n/a","n/a","n/a"
"11 Mar 13","2.0848","0.8956","n/a","n/a","n/a","n/a"
"08 Mar 13","2.121","0.9367","n/a","n/a","n/a","n/a"
"07 Mar 13","2.0908","0.9124","n/a","n/a","n/a","n/a"
"06 Mar 13","2.0367","0.8659","n/a","n/a","n/a","n/a"
"05 Mar 13","2.0517","0.8886","n/a","n/a","n/a","n/a"
"04 Mar 13","1.991","0.8495","n/a","n/a","n/a","n/a"
"01 Mar 13","1.9638","0.828","n/a","n/a","n/a","n/a"
"28 Feb 13","2.0514","0.8921","n/a","n/a","n/a","n/a"
"27 Feb 13","2.0441","0.8769","n/a","n/a","n/a","n/a"
"26 Feb 13","2.0739","0.8815","n/a","n/a","n/a","n/a"
"25 Feb 13","2.1872","0.9695","n/a","n/a","n/a","n/a"
"22 Feb 13","2.1873","0.9845","n/a","n/a","n/a","n/a"
"21 Feb 13","2.1906","0.9731","n/a","n/a","n/a","n/a"
"20 Feb 13","2.2785","1.0471","n/a","n/a","n/a","n/a"
"19 Feb 13","2.2554","1.0519","n/a","n/a","n/a","n/a"
"18 Feb 13","2.2651","1.066","n/a","n/a","n/a","n/a"
"15 Feb 13","2.2668","1.074","n/a","n/a","n/a","n/a"
"14 Feb 13","2.2658","1.0631","n/a","n/a","n/a","n/a"
"13 Feb 13","2.2711","1.0999","n/a","n/a","n/a","n/a"
"12 Feb 13","2.1744","1.0254","n/a","n/a","n/a","n/a"
"11 Feb 13","2.1592","1.0191","n/a","n/a","n/a","n/a"
"08 Feb 13","2.1474","1.0211","n/a","n/a","n/a","n/a"
"07 Feb 13","2.1565","1.0301","n/a","n/a","n/a","n/a"
"06 Feb 13","2.1494","1.0274","n/a","n/a","n/a","n/a"
"05 Feb 13","2.1684","1.0482","n/a","n/a","n/a","n/a"
"04 Feb 13","2.1358","1.028","n/a","n/a","n/a","n/a"
"01 Feb 13","2.1331","1.0358","n/a","n/a","n/a","n/a"
"31 Jan 13","2.1341","1.0487","n/a","n/a","n/a","n/a"
"30 Jan 13","2.1561","1.0736","n/a","n/a","n/a","n/a"
"29 Jan 13","2.1137","1.0394","n/a","n/a","n/a","n/a"
"28 Jan 13","2.1371","1.0635","n/a","n/a","n/a","n/a"
"25 Jan 13","2.0985","1.0294","n/a","n/a","n/a","n/a"
"24 Jan 13","2.0573","0.9987","n/a","n/a","n/a","n/a"
"23 Jan 13","2.0275","0.9767","n/a","n/a","n/a","n/a"
"22 Jan 13","2.0546","1.0151","n/a","n/a","n/a","n/a"
"21 Jan 13","2.0824","1.035","n/a","n/a","n/a","n/a"
"18 Jan 13","2.0443","0.9955","n/a","n/a","n/a","n/a"
"17 Jan 13","2.0673","1.0121","n/a","n/a","n/a","n/a"
"16 Jan 13","2.0286","0.977","n/a","n/a","n/a","n/a"
"15 Jan 13","2.0431","0.9941","n/a","n/a","n/a","n/a"
"14 Jan 13","2.0553","1.0131","n/a","n/a","n/a","n/a"
"11 Jan 13","2.107","1.0571","n/a","n/a","n/a","n/a"
"10 Jan 13","2.1099","1.0594","n/a","n/a","n/a","n/a"
"09 Jan 13","2.0474","1.0143","n/a","n/a","n/a","n/a"
"08 Jan 13","2.0484","1.0196","n/a","n/a","n/a","n/a"
"07 Jan 13","2.1075","1.0816","n/a","n/a","n/a","n/a"
"04 Jan 13","2.1426","1.1178","n/a","n/a","n/a","n/a"
"03 Jan 13","2.085","1.0646","n/a","n/a","n/a","n/a"
"02 Jan 13","2.0017","0.9937","n/a","n/a","n/a","n/a"
"31 Dec 12","1.8378","0.8638","1.7949","0.7892","1.8378","0.8638"
"28 Dec 12","1.8322","0.8575","n/a","n/a","n/a","n/a"
"27 Dec 12","1.8356","0.842","n/a","n/a","n/a","n/a"
"24 Dec 12","1.9183","0.92","n/a","n/a","n/a","n/a"
"21 Dec 12","1.9164","0.9126","n/a","n/a","n/a","n/a"
"20 Dec 12","1.9574","0.9588","n/a","n/a","n/a","n/a"
"19 Dec 12","1.9789","0.9702","n/a","n/a","n/a","n/a"
"18 Dec 12","1.9599","0.9563","n/a","n/a","n/a","n/a"
"17 Dec 12","1.8898","0.8954","n/a","n/a","n/a","n/a"
"14 Dec 12","1.8717","0.8754","n/a","n/a","n/a","n/a"
"13 Dec 12","1.8619","0.854","n/a","n/a","n/a","n/a"
"12 Dec 12","1.8253","0.8202","n/a","n/a","n/a","n/a"
"11 Dec 12","1.8045","0.8033","n/a","n/a","n/a","n/a"
"10 Dec 12","1.7749","0.7765","n/a","n/a","n/a","n/a"
"07 Dec 12","1.7411","0.7493","n/a","n/a","n/a","n/a"
"06 Dec 12","1.7396","0.7447","n/a","n/a","n/a","n/a"
"05 Dec 12","1.7515","0.7863","n/a","n/a","n/a","n/a"
"04 Dec 12","1.7901","0.8276","n/a","n/a","n/a","n/a"
"03 Dec 12","1.8004","0.85","n/a","n/a","n/a","n/a"
"30 Nov 12","1.7501","0.8082","n/a","n/a","n/a","n/a"
"29 Nov 12","1.7529","0.7941","n/a","n/a","n/a","n/a"
"28 Nov 12","1.7482","0.7885","n/a","n/a","n/a","n/a"
"27 Nov 12","1.8293","0.8643","n/a","n/a","n/a","n/a"
"26 Nov 12","1.8201","0.8491","n/a","n/a","n/a","n/a"
"23 Nov 12","1.8244","0.8449","n/a","n/a","n/a","n/a"
"22 Nov 12","1.8219","0.8412","n/a","n/a","n/a","n/a"
"21 Nov 12","1.8363","0.8429","n/a","n/a","n/a","n/a"
"20 Nov 12","1.8312","0.8334","n/a","n/a","n/a","n/a"
"19 Nov 12","1.7632","0.7798","n/a","n/a","n/a","n/a"
"16 Nov 12","1.7162","0.7317","n/a","n/a","n/a","n/a"
"15 Nov 12","1.7272","0.728","n/a","n/a","n/a","n/a"
"14 Nov 12","1.7385","0.7326","n/a","n/a","n/a","n/a"
"13 Nov 12","1.6961","0.7017","n/a","n/a","n/a","n/a"
"12 Nov 12","1.7011","0.6941","n/a","n/a","n/a","n/a"
"09 Nov 12","1.7107","0.7003","n/a","n/a","n/a","n/a"
"08 Nov 12","1.7473","0.715","n/a","n/a","n/a","n/a"
"07 Nov 12","1.7367","0.7022","n/a","n/a","n/a","n/a"
"06 Nov 12","1.7926","0.753","n/a","n/a","n/a","n/a"
"05 Nov 12","1.7989","0.7623","n/a","n/a","n/a","n/a"
"02 Nov 12","1.8382","0.8099","n/a","n/a","n/a","n/a"
"01 Nov 12","1.8482","0.8256","n/a","n/a","n/a","n/a"
"31 Oct 12","1.8304","0.8094","n/a","n/a","n/a","n/a"
"30 Oct 12","1.8031","0.7852","n/a","n/a","n/a","n/a"
"29 Oct 12","1.7756","0.7528","n/a","n/a","n/a","n/a"
"26 Oct 12","1.8445","0.8094","n/a","n/a","n/a","n/a"
"25 Oct 12","1.8971","0.8515","n/a","n/a","n/a","n/a"
"24 Oct 12","1.829","0.8013","n/a","n/a","n/a","n/a"
"23 Oct 12","1.8078","0.7799","n/a","n/a","n/a","n/a"
"22 Oct 12","1.8823","0.8409","n/a","n/a","n/a","n/a"
"19 Oct 12","1.8648","0.8236","n/a","n/a","n/a","n/a"
"18 Oct 12","1.8829","0.8482","n/a","n/a","n/a","n/a"
"17 Oct 12","1.8839","0.8494","n/a","n/a","n/a","n/a"
"16 Oct 12","1.7853","0.7619","n/a","n/a","n/a","n/a"
"15 Oct 12","1.7164","0.6956","n/a","n/a","n/a","n/a"
"12 Oct 12","1.6929","0.6742","n/a","n/a","n/a","n/a"
"11 Oct 12","1.7436","0.7221","n/a","n/a","n/a","n/a"
"10 Oct 12","1.7315","0.7146","n/a","n/a","n/a","n/a"
"09 Oct 12","1.6868","0.6592","n/a","n/a","n/a","n/a"
"08 Oct 12","1.687","0.6549","n/a","n/a","n/a","n/a"
"05 Oct 12","1.7283","0.6953","n/a","n/a","n/a","n/a"
"04 Oct 12","1.6603","0.6387","n/a","n/a","n/a","n/a"
"03 Oct 12","1.6482","0.6307","n/a","n/a","n/a","n/a"
"02 Oct 12","1.6776","0.6608","n/a","n/a","n/a","n/a"
"01 Oct 12","1.6986","0.6853","n/a","n/a","n/a","n/a"
"30 Sep 12","n/a","n/a","1.6814","0.661","1.6637","0.6563"
"28 Sep 12","1.6637","0.6563","n/a","n/a","n/a","n/a"
"27 Sep 12","1.668","0.6729","n/a","n/a","n/a","n/a"
"26 Sep 12","1.6287","0.6518","n/a","n/a","n/a","n/a"
"25 Sep 12","1.7713","0.7555","n/a","n/a","n/a","n/a"
"24 Sep 12","1.764","0.753","n/a","n/a","n/a","n/a"
"21 Sep 12","1.7865","0.7744","n/a","n/a","n/a","n/a"
"20 Sep 12","1.7367","0.74","n/a","n/a","n/a","n/a"
"19 Sep 12","1.7797","0.768","n/a","n/a","n/a","n/a"
"18 Sep 12","1.8302","0.8075","n/a","n/a","n/a","n/a"
"17 Sep 12","1.8719","0.8386","n/a","n/a","n/a","n/a"
"14 Sep 12","1.9042","0.8614","n/a","n/a","n/a","n/a"
"13 Sep 12","1.7588","0.7333","n/a","n/a","n/a","n/a"
"12 Sep 12","1.7855","0.7508","n/a","n/a","n/a","n/a"
"11 Sep 12","1.6875","0.6524","n/a","n/a","n/a","n/a"
"10 Sep 12","1.689","0.6474","n/a","n/a","n/a","n/a"
"07 Sep 12","1.6443","0.5998","n/a","n/a","n/a","n/a"
"06 Sep 12","1.668","0.626","n/a","n/a","n/a","n/a"
"05 Sep 12","1.602","0.5728","n/a","n/a","n/a","n/a"
"04 Sep 12","1.5905","0.5594","n/a","n/a","n/a","n/a"
"03 Sep 12","1.6143","0.5803","n/a","n/a","n/a","n/a"
"31 Aug 12","1.6","0.5753","n/a","n/a","n/a","n/a"
"30 Aug 12","1.571","0.5683","n/a","n/a","n/a","n/a"
"29 Aug 12","1.6217","0.6187","n/a","n/a","n/a","n/a"
"28 Aug 12","1.6038","0.5959","n/a","n/a","n/a","n/a"
"24 Aug 12","1.6352","0.6331","n/a","n/a","n/a","n/a"
"23 Aug 12","1.676","0.6806","n/a","n/a","n/a","n/a"
"22 Aug 12","1.7296","0.7166","n/a","n/a","n/a","n/a"
"21 Aug 12","1.8051","0.7703","n/a","n/a","n/a","n/a"
"20 Aug 12","1.7548","0.7132","n/a","n/a","n/a","n/a"
"17 Aug 12","1.7649","0.7163","n/a","n/a","n/a","n/a"
"16 Aug 12","1.78","0.7349","n/a","n/a","n/a","n/a"
"15 Aug 12","1.7753","0.7236","n/a","n/a","n/a","n/a"
"14 Aug 12","1.6994","0.6579","n/a","n/a","n/a","n/a"
"13 Aug 12","1.6642","0.6259","n/a","n/a","n/a","n/a"
"10 Aug 12","1.6408","0.6109","n/a","n/a","n/a","n/a"
"09 Aug 12","1.7119","0.675","n/a","n/a","n/a","n/a"
"08 Aug 12","1.6732","0.6441","n/a","n/a","n/a","n/a"
"07 Aug 12","1.6846","0.6428","n/a","n/a","n/a","n/a"
"06 Aug 12","1.6039","0.5779","n/a","n/a","n/a","n/a"
"03 Aug 12","1.6513","0.6159","n/a","n/a","n/a","n/a"
"02 Aug 12","1.5511","0.522","n/a","n/a","n/a","n/a"
"01 Aug 12","1.6183","0.5802","n/a","n/a","n/a","n/a"
"31 Jul 12","1.575","0.5523","n/a","n/a","n/a","n/a"
"30 Jul 12","1.6481","0.6131","n/a","n/a","n/a","n/a"
"27 Jul 12","1.6421","0.6083","n/a","n/a","n/a","n/a"
"26 Jul 12","1.584","0.5544","n/a","n/a","n/a","n/a"
"25 Jul 12","1.5605","0.5186","n/a","n/a","n/a","n/a"
"24 Jul 12","1.5687","0.5324","n/a","n/a","n/a","n/a"
"23 Jul 12","1.5756","0.5393","n/a","n/a","n/a","n/a"
"20 Jul 12","1.5842","0.555","n/a","n/a","n/a","n/a"
"19 Jul 12","1.6219","0.595","n/a","n/a","n/a","n/a"
"18 Jul 12","1.5763","0.5671","n/a","n/a","n/a","n/a"
"17 Jul 12","1.6017","0.6093","n/a","n/a","n/a","n/a"
"16 Jul 12","1.6059","0.6273","n/a","n/a","n/a","n/a"
"13 Jul 12","1.6501","0.6611","n/a","n/a","n/a","n/a"
"12 Jul 12","1.63","0.6499","n/a","n/a","n/a","n/a"
"11 Jul 12","1.659","0.6658","n/a","n/a","n/a","n/a"
"10 Jul 12","1.6849","0.6879","n/a","n/a","n/a","n/a"
"09 Jul 12","1.6826","0.6804","n/a","n/a","n/a","n/a"
"06 Jul 12","1.7066","0.69","n/a","n/a","n/a","n/a"
"05 Jul 12","1.7586","0.7422","n/a","n/a","n/a","n/a"
"04 Jul 12","1.8142","0.8255","n/a","n/a","n/a","n/a"
"03 Jul 12","1.8376","0.8436","n/a","n/a","n/a","n/a"
"02 Jul 12","1.7826","0.7841","n/a","n/a","n/a","n/a"
"30 Jun 12","n/a","n/a","1.9727","0.9032","1.8224","0.8134"
"29 Jun 12","1.8224","0.8134","n/a","n/a","n/a","n/a"
"28 Jun 12","1.7273","0.7434","n/a","n/a","n/a","n/a"
"27 Jun 12","1.7701","0.7794","n/a","n/a","n/a","n/a"
"26 Jun 12","1.7727","0.7775","n/a","n/a","n/a","n/a"
"25 Jun 12","1.7613","0.7741","n/a","n/a","n/a","n/a"
"22 Jun 12","1.8054","0.8161","n/a","n/a","n/a","n/a"
"21 Jun 12","1.774","0.7692","n/a","n/a","n/a","n/a"
"20 Jun 12","1.8394","0.815","n/a","n/a","n/a","n/a"
"19 Jun 12","1.8207","0.7858","n/a","n/a","n/a","n/a"
"18 Jun 12","1.7626","0.7579","n/a","n/a","n/a","n/a"
"15 Jun 12","1.7764","0.7741","n/a","n/a","n/a","n/a"
"14 Jun 12","1.8215","0.8422","n/a","n/a","n/a","n/a"
"13 Jun 12","1.8464","0.8616","n/a","n/a","n/a","n/a"
"12 Jun 12","1.7797","0.8246","n/a","n/a","n/a","n/a"
"11 Jun 12","1.7191","0.7664","n/a","n/a","n/a","n/a"
"08 Jun 12","1.7082","0.76","n/a","n/a","n/a","n/a"
"07 Jun 12","1.7907","0.8215","n/a","n/a","n/a","n/a"
"06 Jun 12","1.7224","0.7545","n/a","n/a","n/a","n/a"
"01 Jun 12","1.6064","0.6589","n/a","n/a","n/a","n/a"
"31 May 12","1.6511","0.6595","n/a","n/a","n/a","n/a"
"30 May 12","1.7295","0.7079","n/a","n/a","n/a","n/a"
"29 May 12","1.8606","0.804","n/a","n/a","n/a","n/a"
"28 May 12","1.8395","0.7645","n/a","n/a","n/a","n/a"
"25 May 12","1.8408","0.7648","n/a","n/a","n/a","n/a"
"24 May 12","1.8579","0.7847","n/a","n/a","n/a","n/a"
"23 May 12","1.8554","0.7921","n/a","n/a","n/a","n/a"
"22 May 12","1.9491","0.87","n/a","n/a","n/a","n/a"
"21 May 12","1.9189","0.8456","n/a","n/a","n/a","n/a"
"18 May 12","1.9044","0.8405","n/a","n/a","n/a","n/a"
"17 May 12","1.9255","0.873","n/a","n/a","n/a","n/a"
"16 May 12","1.9461","0.8986","n/a","n/a","n/a","n/a"
"15 May 12","1.9615","0.9215","n/a","n/a","n/a","n/a"
"14 May 12","1.953","0.9225","n/a","n/a","n/a","n/a"
"11 May 12","2.0338","0.9815","n/a","n/a","n/a","n/a"
"10 May 12","2.0473","1.0133","n/a","n/a","n/a","n/a"
"09 May 12","1.9724","0.9495","n/a","n/a","n/a","n/a"
"08 May 12","1.9945","0.9547","n/a","n/a","n/a","n/a"
"04 May 12","2.0748","0.9957","n/a","n/a","n/a","n/a"
"03 May 12","2.1115","1.0221","n/a","n/a","n/a","n/a"
"02 May 12","2.1175","1.0217","n/a","n/a","n/a","n/a"
"01 May 12","2.17","1.0701","n/a","n/a","n/a","n/a"
"30 Apr 12","2.2154","1.0883","n/a","n/a","n/a","n/a"
"27 Apr 12","2.2248","1.0648","n/a","n/a","n/a","n/a"
"26 Apr 12","2.202","1.0348","n/a","n/a","n/a","n/a"
"25 Apr 12","2.2324","1.0757","n/a","n/a","n/a","n/a"
"24 Apr 12","2.2113","1.0735","n/a","n/a","n/a","n/a"
"23 Apr 12","2.217","1.0837","n/a","n/a","n/a","n/a"
"20 Apr 12","2.2661","1.1305","n/a","n/a","n/a","n/a"
"19 Apr 12","2.2505","1.0974","n/a","n/a","n/a","n/a"
"18 Apr 12","2.2224","1.0696","n/a","n/a","n/a","n/a"
"17 Apr 12","2.1883","1.0127","n/a","n/a","n/a","n/a"
"16 Apr 12","2.1269","0.9571","n/a","n/a","n/a","n/a"
"13 Apr 12","2.1236","0.9536","n/a","n/a","n/a","n/a"
"12 Apr 12","2.181","0.9958","n/a","n/a","n/a","n/a"
"11 Apr 12","2.1414","0.9807","n/a","n/a","n/a","n/a"
"10 Apr 12","2.0998","0.9449","n/a","n/a","n/a","n/a"
"05 Apr 12","2.2548","1.0602","n/a","n/a","n/a","n/a"
"04 Apr 12","2.3018","1.0935","n/a","n/a","n/a","n/a"
"03 Apr 12","2.2623","1.0495","n/a","n/a","n/a","n/a"
"02 Apr 12","2.3002","1.0707","n/a","n/a","n/a","n/a"
"31 Mar 12","n/a","n/a","2.2191","1.0583","2.2792","1.0572"
"30 Mar 12","2.2792","1.0572","n/a","n/a","n/a","n/a"
"29 Mar 12","2.2757","1.0706","n/a","n/a","n/a","n/a"
"28 Mar 12","2.2898","1.0962","n/a","n/a","n/a","n/a"
"27 Mar 12","2.3315","1.1195","n/a","n/a","n/a","n/a"
"26 Mar 12","2.402","1.1804","n/a","n/a","n/a","n/a"
"23 Mar 12","2.3619","1.1507","n/a","n/a","n/a","n/a"
"22 Mar 12","2.3999","1.1764","n/a","n/a","n/a","n/a"
"21 Mar 12","2.4469","1.2061","n/a","n/a","n/a","n/a"
"20 Mar 12","2.5029","1.238","n/a","n/a","n/a","n/a"
"19 Mar 12","2.4946","1.2334","n/a","n/a","n/a","n/a"
"16 Mar 12","2.5236","1.256","n/a","n/a","n/a","n/a"
"15 Mar 12","2.45","1.2007","n/a","n/a","n/a","n/a"
"14 Mar 12","2.3999","1.1952","n/a","n/a","n/a","n/a"
"13 Mar 12","2.2397","1.0727","n/a","n/a","n/a","n/a"
"12 Mar 12","2.1655","1.0152","n/a","n/a","n/a","n/a"
"09 Mar 12","2.2234","1.0483","n/a","n/a","n/a","n/a"
"08 Mar 12","2.2137","1.0443","n/a","n/a","n/a","n/a"
"07 Mar 12","2.2073","1.0466","n/a","n/a","n/a","n/a"
"06 Mar 12","2.192","1.033","n/a","n/a","n/a","n/a"
"05 Mar 12","2.2312","1.0469","n/a","n/a","n/a","n/a"
"02 Mar 12","2.199","1.0037","n/a","n/a","n/a","n/a"
"01 Mar 12","2.276","1.0846","n/a","n/a","n/a","n/a"
"29 Feb 12","2.1951","1.0081","n/a","n/a","n/a","n/a"
"28 Feb 12","2.1351","0.9683","n/a","n/a","n/a","n/a"
"27 Feb 12","2.1416","0.9629","n/a","n/a","n/a","n/a"
"24 Feb 12","2.166","0.9716","n/a","n/a","n/a","n/a"
"23 Feb 12","2.1913","0.9921","n/a","n/a","n/a","n/a"
"22 Feb 12","2.2267","1.0238","n/a","n/a","n/a","n/a"
"21 Feb 12","2.2989","1.0828","n/a","n/a","n/a","n/a"
"20 Feb 12","2.322","1.0971","n/a","n/a","n/a","n/a"
"17 Feb 12","2.2745","1.0582","n/a","n/a","n/a","n/a"
"16 Feb 12","2.2107","1.0025","n/a","n/a","n/a","n/a"
"15 Feb 12","2.1648","0.9672","n/a","n/a","n/a","n/a"
"14 Feb 12","2.1807","0.9735","n/a","n/a","n/a","n/a"
"13 Feb 12","2.2148","0.9962","n/a","n/a","n/a","n/a"
"10 Feb 12","2.2194","1.0011","n/a","n/a","n/a","n/a"
"09 Feb 12","2.3183","1.1034","n/a","n/a","n/a","n/a"
"08 Feb 12","2.274","1.1104","n/a","n/a","n/a","n/a"
"07 Feb 12","2.2936","1.1451","n/a","n/a","n/a","n/a"
"06 Feb 12","2.24","1.1023","n/a","n/a","n/a","n/a"
"03 Feb 12","2.2517","1.1001","n/a","n/a","n/a","n/a"
"02 Feb 12","2.17","1.0374","n/a","n/a","n/a","n/a"
"01 Feb 12","2.1119","1.0033","n/a","n/a","n/a","n/a"
"31 Jan 12","2.043","0.9463","n/a","n/a","n/a","n/a"
"30 Jan 12","2.0677","0.9636","n/a","n/a","n/a","n/a"
"27 Jan 12","2.136","1.01","n/a","n/a","n/a","n/a"
"26 Jan 12","2.163","1.0369","n/a","n/a","n/a","n/a"
"25 Jan 12","2.2234","1.1026","n/a","n/a","n/a","n/a"
"24 Jan 12","2.2441","1.1287","n/a","n/a","n/a","n/a"
"23 Jan 12","2.2357","1.1139","n/a","n/a","n/a","n/a"
"20 Jan 12","2.1711","1.0472","n/a","n/a","n/a","n/a"
"19 Jan 12","2.1209","1.014","n/a","n/a","n/a","n/a"
"18 Jan 12","2.0241","0.9865","n/a","n/a","n/a","n/a"
"17 Jan 12","2.0315","0.9751","n/a","n/a","n/a","n/a"
"16 Jan 12","2.0389","0.9613","n/a","n/a","n/a","n/a"
"13 Jan 12","2.0385","0.9581","n/a","n/a","n/a","n/a"
"12 Jan 12","2.0848","0.9955","n/a","n/a","n/a","n/a"
"11 Jan 12","2.069","0.9995","n/a","n/a","n/a","n/a"
"10 Jan 12","2.1249","1.0491","n/a","n/a","n/a","n/a"
"09 Jan 12","2.0632","0.9924","n/a","n/a","n/a","n/a"
"06 Jan 12","2.0935","1.0275","n/a","n/a","n/a","n/a"
"05 Jan 12","2.1211","1.0587","n/a","n/a","n/a","n/a"
"04 Jan 12","2.1176","1.0542","n/a","n/a","n/a","n/a"
"03 Jan 12","2.1054","1.0301","n/a","n/a","n/a","n/a"
"31 Dec 11","n/a","n/a","2.3362","1.2468","2.0604","0.9846"
"30 Dec 11","2.0604","0.9846","n/a","n/a","n/a","n/a"
"29 Dec 11","2.0446","0.9646","n/a","n/a","n/a","n/a"
"28 Dec 11","2.1011","1.0215","n/a","n/a","n/a","n/a"
"23 Dec 11","2.1245","1.0363","n/a","n/a","n/a","n/a"
"22 Dec 11","2.1229","1.0329","n/a","n/a","n/a","n/a"
"21 Dec 11","2.117","1.0383","n/a","n/a","n/a","n/a"
"20 Dec 11","2.1673","1.0754","n/a","n/a","n/a","n/a"
"19 Dec 11","2.1454","1.0315","n/a","n/a","n/a","n/a"
"16 Dec 11","2.1188","0.9958","n/a","n/a","n/a","n/a"
"15 Dec 11","2.1825","1.0588","n/a","n/a","n/a","n/a"
"14 Dec 11","2.1559","1.0158","n/a","n/a","n/a","n/a"
"13 Dec 11","2.1792","1.0241","n/a","n/a","n/a","n/a"
"12 Dec 11","2.1553","1.0025","n/a","n/a","n/a","n/a"
"09 Dec 11","2.2146","1.0481","n/a","n/a","n/a","n/a"
"08 Dec 11","2.1739","0.9888","n/a","n/a","n/a","n/a"
"07 Dec 11","2.2707","1.0724","n/a","n/a","n/a","n/a"
"06 Dec 11","2.2671","1.0823","n/a","n/a","n/a","n/a"
"05 Dec 11","2.3867","1.1842","n/a","n/a","n/a","n/a"
"02 Dec 11","2.3483","1.1776","n/a","n/a","n/a","n/a"
"01 Dec 11","2.32","1.1758","n/a","n/a","n/a","n/a"
"30 Nov 11","2.3467","1.2675","n/a","n/a","n/a","n/a"
"29 Nov 11","2.2789","1.1958","n/a","n/a","n/a","n/a"
"28 Nov 11","2.3075","1.2","n/a","n/a","n/a","n/a"
"25 Nov 11","2.3571","1.274","n/a","n/a","n/a","n/a"
"24 Nov 11","2.2336","1.1979","n/a","n/a","n/a","n/a"
"23 Nov 11","2.2181","1.1815","n/a","n/a","n/a","n/a"
"22 Nov 11","2.2441","1.1861","n/a","n/a","n/a","n/a"
"21 Nov 11","2.2714","1.2076","n/a","n/a","n/a","n/a"
"18 Nov 11","2.3183","1.2528","n/a","n/a","n/a","n/a"
"17 Nov 11","2.2823","1.2481","n/a","n/a","n/a","n/a"
"16 Nov 11","2.2181","1.1738","n/a","n/a","n/a","n/a"
"15 Nov 11","2.1944","1.1493","n/a","n/a","n/a","n/a"
"14 Nov 11","2.2571","1.1869","n/a","n/a","n/a","n/a"
"11 Nov 11","2.3493","1.2761","n/a","n/a","n/a","n/a"
"10 Nov 11","2.2528","1.2039","n/a","n/a","n/a","n/a"
"09 Nov 11","2.2348","1.1912","n/a","n/a","n/a","n/a"
"08 Nov 11","2.3157","1.2339","n/a","n/a","n/a","n/a"
"07 Nov 11","2.3416","1.2532","n/a","n/a","n/a","n/a"
"04 Nov 11","2.375","1.2882","n/a","n/a","n/a","n/a"
"03 Nov 11","2.418","1.3166","n/a","n/a","n/a","n/a"
"02 Nov 11","2.3354","1.2754","n/a","n/a","n/a","n/a"
"01 Nov 11","2.2672","1.2164","n/a","n/a","n/a","n/a"
"31 Oct 11","2.4896","1.3508","n/a","n/a","n/a","n/a"
"28 Oct 11","2.6721","1.5132","n/a","n/a","n/a","n/a"
"27 Oct 11","2.6486","1.5117","n/a","n/a","n/a","n/a"
"26 Oct 11","2.4845","1.4115","n/a","n/a","n/a","n/a"
"25 Oct 11","2.5451","1.4661","n/a","n/a","n/a","n/a"
"24 Oct 11","2.5921","1.5097","n/a","n/a","n/a","n/a"
"21 Oct 11","2.5774","1.5021","n/a","n/a","n/a","n/a"
"20 Oct 11","2.5139","1.4603","n/a","n/a","n/a","n/a"
"19 Oct 11","2.5163","1.4658","n/a","n/a","n/a","n/a"
"18 Oct 11","2.4842","1.4361","n/a","n/a","n/a","n/a"
"17 Oct 11","2.5669","1.4925","n/a","n/a","n/a","n/a"
"14 Oct 11","2.6384","1.5395","n/a","n/a","n/a","n/a"
"13 Oct 11","2.579","1.4877","n/a","n/a","n/a","n/a"
"12 Oct 11","2.6654","1.5788","n/a","n/a","n/a","n/a"
"11 Oct 11","2.5856","1.5173","n/a","n/a","n/a","n/a"
"10 Oct 11","2.5707","1.501","n/a","n/a","n/a","n/a"
"07 Oct 11","2.491","1.441","n/a","n/a","n/a","n/a"
"06 Oct 11","2.4286","1.3954","n/a","n/a","n/a","n/a"
"05 Oct 11","2.3893","1.3628","n/a","n/a","n/a","n/a"
"04 Oct 11","2.2913","1.2903","n/a","n/a","n/a","n/a"
"03 Oct 11","2.3789","1.3284","n/a","n/a","n/a","n/a"
"30 Sep 11","2.4559","1.3845","2.8602","1.5986","2.4559","1.3845"
"29 Sep 11","2.5616","1.4601","n/a","n/a","n/a","n/a"
"28 Sep 11","2.5446","1.447","n/a","n/a","n/a","n/a"
"27 Sep 11","2.579","1.4719","n/a","n/a","n/a","n/a"
"26 Sep 11","2.461","1.3853","n/a","n/a","n/a","n/a"
"23 Sep 11","2.4088","1.3263","n/a","n/a","n/a","n/a"
"22 Sep 11","2.3785","1.2926","n/a","n/a","n/a","n/a"
"21 Sep 11","2.4566","1.3082","n/a","n/a","n/a","n/a"
"20 Sep 11","2.435","1.2943","n/a","n/a","n/a","n/a"
"19 Sep 11","2.4276","1.2857","n/a","n/a","n/a","n/a"
"16 Sep 11","2.5166","1.3381","n/a","n/a","n/a","n/a"
"15 Sep 11","2.5484","1.3621","n/a","n/a","n/a","n/a"
"14 Sep 11","2.4432","1.2957","n/a","n/a","n/a","n/a"
"13 Sep 11","2.4148","1.2588","n/a","n/a","n/a","n/a"
"12 Sep 11","2.4078","1.2377","n/a","n/a","n/a","n/a"
"09 Sep 11","2.4852","1.3012","n/a","n/a","n/a","n/a"
"08 Sep 11","2.5865","1.384","n/a","n/a","n/a","n/a"
"07 Sep 11","2.5602","1.3677","n/a","n/a","n/a","n/a"
"06 Sep 11","2.5036","1.3362","n/a","n/a","n/a","n/a"
"05 Sep 11","2.5109","1.3153","n/a","n/a","n/a","n/a"
"02 Sep 11","2.6568","1.4369","n/a","n/a","n/a","n/a"
"01 Sep 11","2.7462","1.5035","n/a","n/a","n/a","n/a"
"31 Aug 11","2.8216","1.5792","n/a","n/a","n/a","n/a"
"30 Aug 11","2.7131","1.4922","n/a","n/a","n/a","n/a"
"26 Aug 11","2.7081","1.5077","n/a","n/a","n/a","n/a"
"25 Aug 11","2.7013","1.473","n/a","n/a","n/a","n/a"
"24 Aug 11","2.7127","1.4837","n/a","n/a","n/a","n/a"
"23 Aug 11","2.6184","1.3961","n/a","n/a","n/a","n/a"
"22 Aug 11","2.6212","1.3931","n/a","n/a","n/a","n/a"
"19 Aug 11","2.6172","1.3843","n/a","n/a","n/a","n/a"
"18 Aug 11","2.54","1.3105","n/a","n/a","n/a","n/a"
"17 Aug 11","2.6891","1.4107","n/a","n/a","n/a","n/a"
"16 Aug 11","2.7969","1.5013","n/a","n/a","n/a","n/a"
"15 Aug 11","2.7787","1.473","n/a","n/a","n/a","n/a"
"12 Aug 11","2.777","1.4546","n/a","n/a","n/a","n/a"
"11 Aug 11","2.7408","1.4062","n/a","n/a","n/a","n/a"
"10 Aug 11","2.7378","1.3843","n/a","n/a","n/a","n/a"
"09 Aug 11","2.9426","1.5907","n/a","n/a","n/a","n/a"
"08 Aug 11","2.8846","1.5368","n/a","n/a","n/a","n/a"
"05 Aug 11","2.9301","1.5941","n/a","n/a","n/a","n/a"
"04 Aug 11","2.9065","1.5857","n/a","n/a","n/a","n/a"
"03 Aug 11","2.9646","1.6298","n/a","n/a","n/a","n/a"
"02 Aug 11","2.9965","1.6451","n/a","n/a","n/a","n/a"
"01 Aug 11","3.0348","1.6841","n/a","n/a","n/a","n/a"
"29 Jul 11","3.0773","1.7281","n/a","n/a","n/a","n/a"
"28 Jul 11","3.1709","1.8218","n/a","n/a","n/a","n/a"
"27 Jul 11","3.1834","1.8497","n/a","n/a","n/a","n/a"
"26 Jul 11","3.2582","1.9221","n/a","n/a","n/a","n/a"
"25 Jul 11","3.225","1.8931","n/a","n/a","n/a","n/a"
"22 Jul 11","3.2946","1.9585","n/a","n/a","n/a","n/a"
"21 Jul 11","3.3663","2.0264","n/a","n/a","n/a","n/a"
"20 Jul 11","3.2742","1.9368","n/a","n/a","n/a","n/a"
"19 Jul 11","3.2513","1.9145","n/a","n/a","n/a","n/a"
"18 Jul 11","3.2291","1.8867","n/a","n/a","n/a","n/a"
"15 Jul 11","3.2727","1.9204","n/a","n/a","n/a","n/a"
"14 Jul 11","3.298","1.9427","n/a","n/a","n/a","n/a"
"13 Jul 11","3.3101","1.9527","n/a","n/a","n/a","n/a"
"12 Jul 11","3.2736","1.8975","n/a","n/a","n/a","n/a"
"11 Jul 11","3.2691","1.8975","n/a","n/a","n/a","n/a"
"08 Jul 11","3.3706","2","n/a","n/a","n/a","n/a"
"07 Jul 11","3.4728","2.0964","n/a","n/a","n/a","n/a"
"06 Jul 11","3.416","2.0459","n/a","n/a","n/a","n/a"
"05 Jul 11","3.4935","2.1356","n/a","n/a","n/a","n/a"
"04 Jul 11","3.5279","2.1748","n/a","n/a","n/a","n/a"
"01 Jul 11","3.5536","2.1999","n/a","n/a","n/a","n/a"
"30 Jun 11","3.5433","2.1775","3.5489","2.307","3.5433","2.1775"
"29 Jun 11","3.4986","2.1305","n/a","n/a","n/a","n/a"
"28 Jun 11","3.4297","2.0639","n/a","n/a","n/a","n/a"
"27 Jun 11","3.3391","1.9791","n/a","n/a","n/a","n/a"
"24 Jun 11","3.3178","1.9502","n/a","n/a","n/a","n/a"
"23 Jun 11","3.3279","1.9592","n/a","n/a","n/a","n/a"
"22 Jun 11","3.3745","2.0178","n/a","n/a","n/a","n/a"
"21 Jun 11","3.4055","2.0706","n/a","n/a","n/a","n/a"
"20 Jun 11","3.3851","2.0502","n/a","n/a","n/a","n/a"
"17 Jun 11","3.376","2.0424","n/a","n/a","n/a","n/a"
"16 Jun 11","3.3573","2.0168","n/a","n/a","n/a","n/a"
"15 Jun 11","3.4239","2.089","n/a","n/a","n/a","n/a"
"14 Jun 11","3.4568","2.139","n/a","n/a","n/a","n/a"
"13 Jun 11","3.4165","2.1084","n/a","n/a","n/a","n/a"
"10 Jun 11","3.3892","2.0719","n/a","n/a","n/a","n/a"
"09 Jun 11","3.4371","2.1283","n/a","n/a","n/a","n/a"
"08 Jun 11","3.4516","2.1516","n/a","n/a","n/a","n/a"
"07 Jun 11","3.4907","2.1994","n/a","n/a","n/a","n/a"
"06 Jun 11","3.432","2.1621","n/a","n/a","n/a","n/a"
"03 Jun 11","3.4367","2.1709","n/a","n/a","n/a","n/a"
"02 Jun 11","3.4144","2.1464","n/a","n/a","n/a","n/a"
"01 Jun 11","3.4141","2.1713","n/a","n/a","n/a","n/a"
"31 May 11","3.4583","2.2315","n/a","n/a","n/a","n/a"
"27 May 11","3.4515","2.2185","n/a","n/a","n/a","n/a"
"26 May 11","3.4626","2.2261","n/a","n/a","n/a","n/a"
"25 May 11","3.4778","2.2351","n/a","n/a","n/a","n/a"
"24 May 11","3.4998","2.2604","n/a","n/a","n/a","n/a"
"23 May 11","3.4629","2.2304","n/a","n/a","n/a","n/a"
"20 May 11","3.4985","2.2843","n/a","n/a","n/a","n/a"
"19 May 11","3.5364","2.3224","n/a","n/a","n/a","n/a"
"18 May 11","3.5175","2.3042","n/a","n/a","n/a","n/a"
"17 May 11","3.5098","2.2868","n/a","n/a","n/a","n/a"
"16 May 11","3.528","2.2991","n/a","n/a","n/a","n/a"
"13 May 11","3.5155","2.2941","n/a","n/a","n/a","n/a"
"12 May 11","3.5123","2.3019","n/a","n/a","n/a","n/a"
"11 May 11","3.5733","2.3756","n/a","n/a","n/a","n/a"
"10 May 11","3.5136","2.2981","n/a","n/a","n/a","n/a"
"09 May 11","3.497","2.2686","n/a","n/a","n/a","n/a"
"06 May 11","3.5238","2.3002","n/a","n/a","n/a","n/a"
"05 May 11","3.5178","2.3025","n/a","n/a","n/a","n/a"
"04 May 11","3.5097","2.2979","n/a","n/a","n/a","n/a"
"03 May 11","3.5399","2.3402","n/a","n/a","n/a","n/a"
"28 Apr 11","3.603","2.4362","n/a","n/a","n/a","n/a"
"27 Apr 11","3.6814","2.5171","n/a","n/a","n/a","n/a"
"26 Apr 11","3.609","2.4235","n/a","n/a","n/a","n/a"
"21 Apr 11","3.6553","2.4668","n/a","n/a","n/a","n/a"
"20 Apr 11","3.6912","2.496","n/a","n/a","n/a","n/a"
"19 Apr 11","3.6753","2.4786","n/a","n/a","n/a","n/a"
"18 Apr 11","3.6628","2.4682","n/a","n/a","n/a","n/a"
"15 Apr 11","3.7064","2.5389","n/a","n/a","n/a","n/a"
"14 Apr 11","3.7921","2.6107","n/a","n/a","n/a","n/a"
"13 Apr 11","3.8109","2.6329","n/a","n/a","n/a","n/a"
"12 Apr 11","3.8007","2.6196","n/a","n/a","n/a","n/a"
"11 Apr 11","3.9202","2.7631","n/a","n/a","n/a","n/a"
"08 Apr 11","3.9086","2.7608","n/a","n/a","n/a","n/a"
"07 Apr 11","3.8483","2.7053","n/a","n/a","n/a","n/a"
"06 Apr 11","3.8538","2.7195","n/a","n/a","n/a","n/a"
"05 Apr 11","3.8561","2.742","n/a","n/a","n/a","n/a"
"04 Apr 11","3.8136","2.6767","n/a","n/a","n/a","n/a"
"01 Apr 11","3.8249","2.6893","n/a","n/a","n/a","n/a"
"31 Mar 11","3.7882","2.639","3.7799","2.6037","3.7882","2.639"
"30 Mar 11","3.7751","2.6241","n/a","n/a","n/a","n/a"
"29 Mar 11","3.7355","2.5782","n/a","n/a","n/a","n/a"
"28 Mar 11","3.728","2.5662","n/a","n/a","n/a","n/a"
"25 Mar 11","3.7099","2.5454","n/a","n/a","n/a","n/a"
"24 Mar 11","3.6968","2.5242","n/a","n/a","n/a","n/a"
"23 Mar 11","3.6578","2.5116","n/a","n/a","n/a","n/a"
"22 Mar 11","3.7094","2.5418","n/a","n/a","n/a","n/a"
"21 Mar 11","3.6506","2.4651","n/a","n/a","n/a","n/a"
"18 Mar 11","3.6267","2.4293","n/a","n/a","n/a","n/a"
"17 Mar 11","3.6693","2.4852","n/a","n/a","n/a","n/a"
"16 Mar 11","3.5885","2.391","n/a","n/a","n/a","n/a"
"15 Mar 11","3.6495","2.4387","n/a","n/a","n/a","n/a"
"14 Mar 11","3.6789","2.475","n/a","n/a","n/a","n/a"
"11 Mar 11","3.7307","2.5377","n/a","n/a","n/a","n/a"
"10 Mar 11","3.7632","2.59","n/a","n/a","n/a","n/a"
"09 Mar 11","3.8427","2.6692","n/a","n/a","n/a","n/a"
"08 Mar 11","3.8554","2.6746","n/a","n/a","n/a","n/a"
"07 Mar 11","3.8165","2.645","n/a","n/a","n/a","n/a"
"04 Mar 11","3.8078","2.6525","n/a","n/a","n/a","n/a"
"03 Mar 11","3.8826","2.7193","n/a","n/a","n/a","n/a"
"02 Mar 11","3.8208","2.6449","n/a","n/a","n/a","n/a"
"01 Mar 11","3.8033","2.6466","n/a","n/a","n/a","n/a"
"28 Feb 11","3.7765","2.6304","n/a","n/a","n/a","n/a"
"25 Feb 11","3.7919","2.6389","n/a","n/a","n/a","n/a"
"24 Feb 11","3.804","2.6815","n/a","n/a","n/a","n/a"
"23 Feb 11","3.7824","2.7062","n/a","n/a","n/a","n/a"
"22 Feb 11","3.7907","2.6939","n/a","n/a","n/a","n/a"
"21 Feb 11","3.8397","2.7257","n/a","n/a","n/a","n/a"
"18 Feb 11","3.9125","2.7902","n/a","n/a","n/a","n/a"
"17 Feb 11","3.8705","2.7266","n/a","n/a","n/a","n/a"
"16 Feb 11","3.9246","2.7831","n/a","n/a","n/a","n/a"
"15 Feb 11","3.9507","2.8237","n/a","n/a","n/a","n/a"
"14 Feb 11","3.9321","2.7945","n/a","n/a","n/a","n/a"
"11 Feb 11","3.9444","2.8123","n/a","n/a","n/a","n/a"
"10 Feb 11","3.9782","2.8367","n/a","n/a","n/a","n/a"
"09 Feb 11","3.9828","2.8401","n/a","n/a","n/a","n/a"
"08 Feb 11","3.9347","2.7932","n/a","n/a","n/a","n/a"
"07 Feb 11","3.923","2.8037","n/a","n/a","n/a","n/a"
"04 Feb 11","3.9149","2.7698","n/a","n/a","n/a","n/a"
"03 Feb 11","3.8632","2.6974","n/a","n/a","n/a","n/a"
"02 Feb 11","3.8538","2.7103","n/a","n/a","n/a","n/a"
"01 Feb 11","3.828","2.6466","n/a","n/a","n/a","n/a"
"31 Jan 11","3.7599","2.5507","n/a","n/a","n/a","n/a"
"28 Jan 11","3.7824","2.55","n/a","n/a","n/a","n/a"
"27 Jan 11","3.8072","2.5599","n/a","n/a","n/a","n/a"
"26 Jan 11","3.8005","2.5332","n/a","n/a","n/a","n/a"
"25 Jan 11","3.7473","2.4557","n/a","n/a","n/a","n/a"
"24 Jan 11","3.7817","2.5406","n/a","n/a","n/a","n/a"
"21 Jan 11","3.8006","2.5679","n/a","n/a","n/a","n/a"
"20 Jan 11","3.8008","2.5679","n/a","n/a","n/a","n/a"
"19 Jan 11","3.7494","2.5125","n/a","n/a","n/a","n/a"
"18 Jan 11","3.7657","2.5754","n/a","n/a","n/a","n/a"
"17 Jan 11","3.7254","2.5355","n/a","n/a","n/a","n/a"
"14 Jan 11","3.7176","2.5345","n/a","n/a","n/a","n/a"
"13 Jan 11","3.7231","2.5198","n/a","n/a","n/a","n/a"
"12 Jan 11","3.7496","2.5735","n/a","n/a","n/a","n/a"
"11 Jan 11","3.6844","2.5047","n/a","n/a","n/a","n/a"
"10 Jan 11","3.6242","2.4365","n/a","n/a","n/a","n/a"
"07 Jan 11","3.6371","2.417","n/a","n/a","n/a","n/a"
"06 Jan 11","3.6517","2.4219","n/a","n/a","n/a","n/a"
"05 Jan 11","3.6685","2.4243","n/a","n/a","n/a","n/a"
"04 Jan 11","3.5679","2.3548","n/a","n/a","n/a","n/a"
"31 Dec 10","3.5154","2.2894","3.3295","2.0285","3.5154","2.2894"
"30 Dec 10","3.5854","2.3608","n/a","n/a","n/a","n/a"
"29 Dec 10","3.6728","2.4527","n/a","n/a","n/a","n/a"
"24 Dec 10","3.6091","2.4093","n/a","n/a","n/a","n/a"
"23 Dec 10","3.5973","2.3907","n/a","n/a","n/a","n/a"
"22 Dec 10","3.6142","2.3969","n/a","n/a","n/a","n/a"
"21 Dec 10","3.6098","2.3762","n/a","n/a","n/a","n/a"
"20 Dec 10","3.5842","2.3417","n/a","n/a","n/a","n/a"
"17 Dec 10","3.6671","2.4029","n/a","n/a","n/a","n/a"
"16 Dec 10","3.7352","2.4613","n/a","n/a","n/a","n/a"
"15 Dec 10","3.7193","2.434","n/a","n/a","n/a","n/a"
"14 Dec 10","3.7136","2.4199","n/a","n/a","n/a","n/a"
"13 Dec 10","3.6651","2.358","n/a","n/a","n/a","n/a"
"10 Dec 10","3.6222","2.2979","n/a","n/a","n/a","n/a"
"09 Dec 10","3.6104","2.2704","n/a","n/a","n/a","n/a"
"08 Dec 10","3.6547","2.301","n/a","n/a","n/a","n/a"
"07 Dec 10","3.5799","2.1997","n/a","n/a","n/a","n/a"
"06 Dec 10","3.5166","2.1475","n/a","n/a","n/a","n/a"
"03 Dec 10","3.5334","2.168","n/a","n/a","n/a","n/a"
"02 Dec 10","3.5245","2.1604","n/a","n/a","n/a","n/a"
"01 Dec 10","3.4766","2.1174","n/a","n/a","n/a","n/a"
"30 Nov 10","3.3511","2.0015","n/a","n/a","n/a","n/a"
"29 Nov 10","3.4571","2.1097","n/a","n/a","n/a","n/a"
"26 Nov 10","3.4603","2.128","n/a","n/a","n/a","n/a"
"25 Nov 10","3.4782","2.1385","n/a","n/a","n/a","n/a"
"24 Nov 10","3.4515","2.1082","n/a","n/a","n/a","n/a"
"23 Nov 10","3.3798","2.0499","n/a","n/a","n/a","n/a"
"22 Nov 10","3.4429","2.1254","n/a","n/a","n/a","n/a"
"19 Nov 10","3.4966","2.181","n/a","n/a","n/a","n/a"
"18 Nov 10","3.4935","2.1863","n/a","n/a","n/a","n/a"
"17 Nov 10","3.379","2.0839","n/a","n/a","n/a","n/a"
"16 Nov 10","3.4079","2.1106","n/a","n/a","n/a","n/a"
"15 Nov 10","3.3741","2.0906","n/a","n/a","n/a","n/a"
"12 Nov 10","3.3029","2.0268","n/a","n/a","n/a","n/a"
"11 Nov 10","3.2579","1.9682","n/a","n/a","n/a","n/a"
"10 Nov 10","3.2636","1.9597","n/a","n/a","n/a","n/a"
"09 Nov 10","3.1474","1.8336","n/a","n/a","n/a","n/a"
"08 Nov 10","3.1156","1.8036","n/a","n/a","n/a","n/a"
"05 Nov 10","3.093","1.7731","n/a","n/a","n/a","n/a"
"04 Nov 10","3.071","1.756","n/a","n/a","n/a","n/a"
"03 Nov 10","3.1142","1.803","n/a","n/a","n/a","n/a"
"02 Nov 10","3.1461","1.8287","n/a","n/a","n/a","n/a"
"01 Nov 10","3.1578","1.8353","n/a","n/a","n/a","n/a"
"29 Oct 10","3.1897","1.8537","n/a","n/a","n/a","n/a"
"28 Oct 10","3.2531","1.9178","n/a","n/a","n/a","n/a"
"27 Oct 10","3.2565","1.9157","n/a","n/a","n/a","n/a"
"26 Oct 10","3.16","1.8452","n/a","n/a","n/a","n/a"
"25 Oct 10","3.0318","1.7004","n/a","n/a","n/a","n/a"
"22 Oct 10","3.0568","1.7079","n/a","n/a","n/a","n/a"
"21 Oct 10","3.0416","1.6776","n/a","n/a","n/a","n/a"
"20 Oct 10","3.0932","1.7304","n/a","n/a","n/a","n/a"
"19 Oct 10","3.1113","1.7803","n/a","n/a","n/a","n/a"
"18 Oct 10","3.074","1.7718","n/a","n/a","n/a","n/a"
"15 Oct 10","3.0538","1.7697","n/a","n/a","n/a","n/a"
"14 Oct 10","2.9919","1.7229","n/a","n/a","n/a","n/a"
"13 Oct 10","2.9906","1.7251","n/a","n/a","n/a","n/a"
"12 Oct 10","2.9608","1.6993","n/a","n/a","n/a","n/a"
"11 Oct 10","2.9946","1.7337","n/a","n/a","n/a","n/a"
"08 Oct 10","2.9752","1.7195","n/a","n/a","n/a","n/a"
"07 Oct 10","3.0349","1.7734","n/a","n/a","n/a","n/a"
"06 Oct 10","3.0048","1.7454","n/a","n/a","n/a","n/a"
"05 Oct 10","3.0654","1.803","n/a","n/a","n/a","n/a"
"04 Oct 10","3.0305","1.7661","n/a","n/a","n/a","n/a"
"01 Oct 10","3.0683","1.8092","n/a","n/a","n/a","n/a"
"30 Sep 10","3.0457","1.7946","3.2904","2.0181","3.0457","1.7946"
"29 Sep 10","3.0069","1.761","n/a","n/a","n/a","n/a"
"28 Sep 10","3.0343","1.7838","n/a","n/a","n/a","n/a"
"27 Sep 10","3.0789","1.8113","n/a","n/a","n/a","n/a"
"24 Sep 10","3.1421","1.8688","n/a","n/a","n/a","n/a"
"23 Sep 10","3.0568","1.7872","n/a","n/a","n/a","n/a"
"22 Sep 10","3.079","1.8135","n/a","n/a","n/a","n/a"
"21 Sep 10","3.225","1.9412","n/a","n/a","n/a","n/a"
"20 Sep 10","3.2612","1.9749","n/a","n/a","n/a","n/a"
"17 Sep 10","3.2347","1.9482","n/a","n/a","n/a","n/a"
"16 Sep 10","3.247","1.9591","n/a","n/a","n/a","n/a"
"15 Sep 10","3.1863","1.9067","n/a","n/a","n/a","n/a"
"14 Sep 10","3.1645","1.8891","n/a","n/a","n/a","n/a"
"13 Sep 10","3.2239","1.962","n/a","n/a","n/a","n/a"
"10 Sep 10","3.2289","1.965","n/a","n/a","n/a","n/a"
"09 Sep 10","3.1588","1.888","n/a","n/a","n/a","n/a"
"08 Sep 10","3.0991","1.8428","n/a","n/a","n/a","n/a"
"07 Sep 10","3.0221","1.7855","n/a","n/a","n/a","n/a"
"06 Sep 10","3.0906","1.8544","n/a","n/a","n/a","n/a"
"03 Sep 10","3.1127","1.8788","n/a","n/a","n/a","n/a"
"02 Sep 10","3.0623","1.8495","n/a","n/a","n/a","n/a"
"01 Sep 10","3.035","1.8183","n/a","n/a","n/a","n/a"
"31 Aug 10","2.94","1.726","n/a","n/a","n/a","n/a"
"27 Aug 10","3.0007","1.7729","n/a","n/a","n/a","n/a"
"26 Aug 10","2.9921","1.7512","n/a","n/a","n/a","n/a"
"25 Aug 10","3.0049","1.7468","n/a","n/a","n/a","n/a"
"24 Aug 10","3.0439","1.7623","n/a","n/a","n/a","n/a"
"23 Aug 10","3.1381","1.8501","n/a","n/a","n/a","n/a"
"20 Aug 10","3.1435","1.8521","n/a","n/a","n/a","n/a"
"19 Aug 10","3.1732","1.8953","n/a","n/a","n/a","n/a"
"18 Aug 10","3.1914","1.9184","n/a","n/a","n/a","n/a"
"17 Aug 10","3.2236","1.9481","n/a","n/a","n/a","n/a"
"16 Aug 10","3.2089","1.9305","n/a","n/a","n/a","n/a"
"13 Aug 10","3.2791","1.9917","n/a","n/a","n/a","n/a"
"12 Aug 10","3.2716","1.9745","n/a","n/a","n/a","n/a"
"11 Aug 10","3.3023","2.0065","n/a","n/a","n/a","n/a"
"10 Aug 10","3.411","2.1329","n/a","n/a","n/a","n/a"
"09 Aug 10","3.4025","2.1447","n/a","n/a","n/a","n/a"
"06 Aug 10","3.384","2.1284","n/a","n/a","n/a","n/a"
"05 Aug 10","3.3892","2.1418","n/a","n/a","n/a","n/a"
"04 Aug 10","3.4496","2.1934","n/a","n/a","n/a","n/a"
"03 Aug 10","3.4393","2.176","n/a","n/a","n/a","n/a"
"02 Aug 10","3.5034","2.2302","n/a","n/a","n/a","n/a"
"30 Jul 10","3.48","2.2009","n/a","n/a","n/a","n/a"
"29 Jul 10","3.5591","2.2762","n/a","n/a","n/a","n/a"
"28 Jul 10","3.6146","2.3463","n/a","n/a","n/a","n/a"
"27 Jul 10","3.6406","2.3797","n/a","n/a","n/a","n/a"
"26 Jul 10","3.59","2.3233","n/a","n/a","n/a","n/a"
"23 Jul 10","3.5708","2.2947","n/a","n/a","n/a","n/a"
"22 Jul 10","3.5016","2.21","n/a","n/a","n/a","n/a"
"21 Jul 10","3.4925","2.2008","n/a","n/a","n/a","n/a"
"20 Jul 10","3.4922","2.2035","n/a","n/a","n/a","n/a"
"19 Jul 10","3.4885","2.1928","n/a","n/a","n/a","n/a"
"16 Jul 10","3.4724","2.1745","n/a","n/a","n/a","n/a"
"15 Jul 10","3.5085","2.2071","n/a","n/a","n/a","n/a"
"14 Jul 10","3.5265","2.2281","n/a","n/a","n/a","n/a"
"13 Jul 10","3.5003","2.2028","n/a","n/a","n/a","n/a"
"12 Jul 10","3.4635","2.1603","n/a","n/a","n/a","n/a"
"09 Jul 10","3.4554","2.1533","n/a","n/a","n/a","n/a"
"08 Jul 10","3.4944","2.1905","n/a","n/a","n/a","n/a"
"07 Jul 10","3.485","2.1831","n/a","n/a","n/a","n/a"
"06 Jul 10","3.4756","2.1715","n/a","n/a","n/a","n/a"
"05 Jul 10","3.4489","2.1557","n/a","n/a","n/a","n/a"
"02 Jul 10","3.4867","2.1989","n/a","n/a","n/a","n/a"
"01 Jul 10","3.4432","2.1649","n/a","n/a","n/a","n/a"
"30 Jun 10","3.4867","2.1847","3.8196","2.5396","3.4867","2.1847"
"29 Jun 10","3.5301","2.2351","n/a","n/a","n/a","n/a"
"28 Jun 10","3.5169","2.2188","n/a","n/a","n/a","n/a"
"25 Jun 10","3.5198","2.215","n/a","n/a","n/a","n/a"
"24 Jun 10","3.521","2.2274","n/a","n/a","n/a","n/a"
"23 Jun 10","3.5668","2.2832","n/a","n/a","n/a","n/a"
"22 Jun 10","3.5844","2.2967","n/a","n/a","n/a","n/a"
"21 Jun 10","3.6288","2.3627","n/a","n/a","n/a","n/a"
"18 Jun 10","3.6585","2.3922","n/a","n/a","n/a","n/a"
"17 Jun 10","3.608","2.3419","n/a","n/a","n/a","n/a"
"16 Jun 10","3.6509","2.3734","n/a","n/a","n/a","n/a"
"15 Jun 10","3.661","2.3894","n/a","n/a","n/a","n/a"
"14 Jun 10","3.654","2.3993","n/a","n/a","n/a","n/a"
"11 Jun 10","3.5704","2.2926","n/a","n/a","n/a","n/a"
"10 Jun 10","3.6524","2.361","n/a","n/a","n/a","n/a"
"09 Jun 10","3.6211","2.3029","n/a","n/a","n/a","n/a"
"08 Jun 10","3.5692","2.2533","n/a","n/a","n/a","n/a"
"07 Jun 10","3.5938","2.2828","n/a","n/a","n/a","n/a"
"04 Jun 10","3.616","2.3119","n/a","n/a","n/a","n/a"
"03 Jun 10","3.6862","2.3878","n/a","n/a","n/a","n/a"
"02 Jun 10","3.6451","2.356","n/a","n/a","n/a","n/a"
"01 Jun 10","3.6732","2.3931","n/a","n/a","n/a","n/a"
"28 May 10","3.6744","2.3791","n/a","n/a","n/a","n/a"
"27 May 10","3.6903","2.3825","n/a","n/a","n/a","n/a"
"26 May 10","3.6321","2.3139","n/a","n/a","n/a","n/a"
"25 May 10","3.5378","2.2335","n/a","n/a","n/a","n/a"
"24 May 10","3.6132","2.316","n/a","n/a","n/a","n/a"
"21 May 10","3.6125","2.3202","n/a","n/a","n/a","n/a"
"20 May 10","3.6301","2.3185","n/a","n/a","n/a","n/a"
"19 May 10","3.7299","2.4029","n/a","n/a","n/a","n/a"
"18 May 10","3.8174","2.4882","n/a","n/a","n/a","n/a"
"17 May 10","3.8117","2.4793","n/a","n/a","n/a","n/a"
"14 May 10","3.8231","2.5077","n/a","n/a","n/a","n/a"
"13 May 10","3.8998","2.6041","n/a","n/a","n/a","n/a"
"12 May 10","3.902","2.6618","n/a","n/a","n/a","n/a"
"11 May 10","3.9354","2.7279","n/a","n/a","n/a","n/a"
"10 May 10","3.9705","2.7504","n/a","n/a","n/a","n/a"
"07 May 10","3.8855","2.6755","n/a","n/a","n/a","n/a"
"06 May 10","3.8503","2.6524","n/a","n/a","n/a","n/a"
"05 May 10","3.8612","2.6617","n/a","n/a","n/a","n/a"
"04 May 10","3.8896","2.6794","n/a","n/a","n/a","n/a"
"30 Apr 10","3.9632","2.7311","n/a","n/a","n/a","n/a"
"29 Apr 10","4.0531","2.8232","n/a","n/a","n/a","n/a"
"28 Apr 10","4.0448","2.8131","n/a","n/a","n/a","n/a"
"27 Apr 10","4.0652","2.8377","n/a","n/a","n/a","n/a"
"26 Apr 10","4.1051","2.89","n/a","n/a","n/a","n/a"
"23 Apr 10","4.1456","2.9091","n/a","n/a","n/a","n/a"
"22 Apr 10","4.0878","2.8345","n/a","n/a","n/a","n/a"
"21 Apr 10","4.1262","2.8319","n/a","n/a","n/a","n/a"
"20 Apr 10","4.1288","2.8135","n/a","n/a","n/a","n/a"
"19 Apr 10","4.1037","2.7871","n/a","n/a","n/a","n/a"
"16 Apr 10","4.0954","2.7737","n/a","n/a","n/a","n/a"
"15 Apr 10","4.1422","2.8277","n/a","n/a","n/a","n/a"
"14 Apr 10","4.1307","2.8199","n/a","n/a","n/a","n/a"
"13 Apr 10","4.1266","2.8188","n/a","n/a","n/a","n/a"
"12 Apr 10","4.1549","2.8544","n/a","n/a","n/a","n/a"
"09 Apr 10","4.1528","2.8442","n/a","n/a","n/a","n/a"
"08 Apr 10","4.1093","2.8087","n/a","n/a","n/a","n/a"
"07 Apr 10","4.1511","2.8732","n/a","n/a","n/a","n/a"
"06 Apr 10","4.1053","2.8458","n/a","n/a","n/a","n/a"
"01 Apr 10","4.0229","2.7626","n/a","n/a","n/a","n/a"
"31 Mar 10","4.0276","2.76","4.054","2.8938","4.0276","2.76"
"30 Mar 10","4.0748","2.8075","n/a","n/a","n/a","n/a"
"29 Mar 10","4.0582","2.7855","n/a","n/a","n/a","n/a"
"26 Mar 10","4.123","2.829","n/a","n/a","n/a","n/a"
"25 Mar 10","4.1129","2.826","n/a","n/a","n/a","n/a"
"24 Mar 10","4.0458","2.816","n/a","n/a","n/a","n/a"
"23 Mar 10","3.9984","2.773","n/a","n/a","n/a","n/a"
"22 Mar 10","4.0053","2.7897","n/a","n/a","n/a","n/a"
"19 Mar 10","4.035","2.8313","n/a","n/a","n/a","n/a"
"18 Mar 10","4.0637","2.8179","n/a","n/a","n/a","n/a"
"17 Mar 10","4.0808","2.7958","n/a","n/a","n/a","n/a"
"16 Mar 10","4.0987","2.7939","n/a","n/a","n/a","n/a"
"15 Mar 10","4.1336","2.8159","n/a","n/a","n/a","n/a"
"12 Mar 10","4.1653","2.844","n/a","n/a","n/a","n/a"
"11 Mar 10","4.2075","2.8875","n/a","n/a","n/a","n/a"
"10 Mar 10","4.1414","2.8427","n/a","n/a","n/a","n/a"
"09 Mar 10","4.1112","2.8296","n/a","n/a","n/a","n/a"
"08 Mar 10","4.1597","2.9039","n/a","n/a","n/a","n/a"
"05 Mar 10","4.1074","2.8991","n/a","n/a","n/a","n/a"
"04 Mar 10","4.0579","2.8281","n/a","n/a","n/a","n/a"
"03 Mar 10","4.0874","2.8371","n/a","n/a","n/a","n/a"
"02 Mar 10","4.0762","2.7899","n/a","n/a","n/a","n/a"
"01 Mar 10","4.1321","2.8261","n/a","n/a","n/a","n/a"
"26 Feb 10","4.0815","2.764","n/a","n/a","n/a","n/a"
"25 Feb 10","4.0852","2.7914","n/a","n/a","n/a","n/a"
"24 Feb 10","4.0702","2.8181","n/a","n/a","n/a","n/a"
"23 Feb 10","4.1544","2.9058","n/a","n/a","n/a","n/a"
"22 Feb 10","4.1932","2.9481","n/a","n/a","n/a","n/a"
"19 Feb 10","4.231","2.9562","n/a","n/a","n/a","n/a"
"18 Feb 10","4.1561","2.911","n/a","n/a","n/a","n/a"
"17 Feb 10","4.0946","2.9111","n/a","n/a","n/a","n/a"
"16 Feb 10","4.1003","2.9196","n/a","n/a","n/a","n/a"
"15 Feb 10","4.1272","2.956","n/a","n/a","n/a","n/a"
"12 Feb 10","4.1036","2.9338","n/a","n/a","n/a","n/a"
"11 Feb 10","4.0828","2.9382","n/a","n/a","n/a","n/a"
"10 Feb 10","3.9807","2.8637","n/a","n/a","n/a","n/a"
"09 Feb 10","4.0138","2.926","n/a","n/a","n/a","n/a"
"08 Feb 10","4.0036","2.9171","n/a","n/a","n/a","n/a"
"05 Feb 10","3.9395","2.8576","n/a","n/a","n/a","n/a"
"04 Feb 10","3.9543","2.8888","n/a","n/a","n/a","n/a"
"03 Feb 10","3.9667","2.8923","n/a","n/a","n/a","n/a"
"02 Feb 10","3.9664","2.9069","n/a","n/a","n/a","n/a"
"01 Feb 10","3.9427","2.9263","n/a","n/a","n/a","n/a"
"29 Jan 10","3.9523","2.9308","n/a","n/a","n/a","n/a"
"28 Jan 10","3.9874","2.9765","n/a","n/a","n/a","n/a"
"27 Jan 10","3.9171","2.9018","n/a","n/a","n/a","n/a"
"26 Jan 10","3.926","2.9092","n/a","n/a","n/a","n/a"
"25 Jan 10","3.964","2.9301","n/a","n/a","n/a","n/a"
"22 Jan 10","3.9691","2.9498","n/a","n/a","n/a","n/a"
"21 Jan 10","3.9728","2.9489","n/a","n/a","n/a","n/a"
"20 Jan 10","4.053","3.0362","n/a","n/a","n/a","n/a"
"19 Jan 10","4.0643","3.0399","n/a","n/a","n/a","n/a"
"18 Jan 10","3.9705","2.9544","n/a","n/a","n/a","n/a"
"15 Jan 10","3.9686","2.9492","n/a","n/a","n/a","n/a"
"14 Jan 10","4.0138","2.9739","n/a","n/a","n/a","n/a"
"13 Jan 10","3.9882","2.9577","n/a","n/a","n/a","n/a"
"12 Jan 10","3.9658","2.9395","n/a","n/a","n/a","n/a"
"11 Jan 10","4.016","2.9694","n/a","n/a","n/a","n/a"
"08 Jan 10","4.0954","3.043","n/a","n/a","n/a","n/a"
"07 Jan 10","4.0845","3.0296","n/a","n/a","n/a","n/a"
"06 Jan 10","4.0886","3.0289","n/a","n/a","n/a","n/a"
"05 Jan 10","4.054","3.0205","n/a","n/a","n/a","n/a"
"04 Jan 10","3.9979","2.9613","n/a","n/a","n/a","n/a"
"31 Dec 09","4.0669","2.944","3.7361","2.7161","4.0669","2.944"
"30 Dec 09","4.1173","2.9929","n/a","n/a","n/a","n/a"
"29 Dec 09","4.1229","3.0012","n/a","n/a","n/a","n/a"
"24 Dec 09","4.0499","2.9311","n/a","n/a","n/a","n/a"
"23 Dec 09","4.0388","2.9157","n/a","n/a","n/a","n/a"
"22 Dec 09","3.9646","2.8316","n/a","n/a","n/a","n/a"
"21 Dec 09","3.9245","2.7891","n/a","n/a","n/a","n/a"
"18 Dec 09","3.8269","2.69","n/a","n/a","n/a","n/a"
"17 Dec 09","3.905","2.7659","n/a","n/a","n/a","n/a"
"16 Dec 09","3.9449","2.808","n/a","n/a","n/a","n/a"
"15 Dec 09","3.9505","2.8176","n/a","n/a","n/a","n/a"
"14 Dec 09","3.8969","2.767","n/a","n/a","n/a","n/a"
"11 Dec 09","3.922","2.7922","n/a","n/a","n/a","n/a"
"10 Dec 09","3.8683","2.7328","n/a","n/a","n/a","n/a"
"09 Dec 09","3.739","2.6288","n/a","n/a","n/a","n/a"
"08 Dec 09","3.7622","2.6653","n/a","n/a","n/a","n/a"
"07 Dec 09","3.7629","2.6841","n/a","n/a","n/a","n/a"
"04 Dec 09","3.7753","2.7049","n/a","n/a","n/a","n/a"
"03 Dec 09","3.6999","2.6321","n/a","n/a","n/a","n/a"
"02 Dec 09","3.6646","2.6219","n/a","n/a","n/a","n/a"
"01 Dec 09","3.6262","2.6129","n/a","n/a","n/a","n/a"
"30 Nov 09","3.5954","2.6301","n/a","n/a","n/a","n/a"
"27 Nov 09","3.6174","2.6506","n/a","n/a","n/a","n/a"
"26 Nov 09","3.601","2.6259","n/a","n/a","n/a","n/a"
"25 Nov 09","3.6947","2.6867","n/a","n/a","n/a","n/a"
"24 Nov 09","3.7146","2.7064","n/a","n/a","n/a","n/a"
"23 Nov 09","3.7289","2.6995","n/a","n/a","n/a","n/a"
"20 Nov 09","3.6974","2.6691","n/a","n/a","n/a","n/a"
"19 Nov 09","3.7106","2.6767","n/a","n/a","n/a","n/a"
"18 Nov 09","3.743","2.6996","n/a","n/a","n/a","n/a"
"17 Nov 09","3.7286","2.6966","n/a","n/a","n/a","n/a"
"16 Nov 09","3.8071","2.7723","n/a","n/a","n/a","n/a"
"13 Nov 09","3.8524","2.7932","n/a","n/a","n/a","n/a"
"12 Nov 09","3.827","2.7592","n/a","n/a","n/a","n/a"
"11 Nov 09","3.8011","2.7798","n/a","n/a","n/a","n/a"
"10 Nov 09","3.8287","2.8324","n/a","n/a","n/a","n/a"
"09 Nov 09","3.8769","2.8631","n/a","n/a","n/a","n/a"
"06 Nov 09","3.92","2.9239","n/a","n/a","n/a","n/a"
"05 Nov 09","3.8935","2.9305","n/a","n/a","n/a","n/a"
"04 Nov 09","3.8294","2.8875","n/a","n/a","n/a","n/a"
"03 Nov 09","3.7674","2.8365","n/a","n/a","n/a","n/a"
"02 Nov 09","3.7091","2.7894","n/a","n/a","n/a","n/a"
"30 Oct 09","3.6679","2.7372","n/a","n/a","n/a","n/a"
"29 Oct 09","3.7049","2.7733","n/a","n/a","n/a","n/a"
"28 Oct 09","3.651","2.7141","n/a","n/a","n/a","n/a"
"27 Oct 09","3.6559","2.7117","n/a","n/a","n/a","n/a"
"26 Oct 09","3.7324","2.7822","n/a","n/a","n/a","n/a"
"23 Oct 09","3.7058","2.7613","n/a","n/a","n/a","n/a"
"22 Oct 09","3.7484","2.8126","n/a","n/a","n/a","n/a"
"21 Oct 09","3.7292","2.7896","n/a","n/a","n/a","n/a"
"20 Oct 09","3.5803","2.6193","n/a","n/a","n/a","n/a"
"19 Oct 09","3.6352","2.6806","n/a","n/a","n/a","n/a"
"16 Oct 09","3.6222","2.6727","n/a","n/a","n/a","n/a"
"15 Oct 09","3.5863","2.6252","n/a","n/a","n/a","n/a"
"14 Oct 09","3.5257","2.56","n/a","n/a","n/a","n/a"
"13 Oct 09","3.4347","2.47","n/a","n/a","n/a","n/a"
"12 Oct 09","3.4142","2.4556","n/a","n/a","n/a","n/a"
"09 Oct 09","3.4798","2.5278","n/a","n/a","n/a","n/a"
"08 Oct 09","3.3913","2.4253","n/a","n/a","n/a","n/a"
"07 Oct 09","3.416","2.4476","n/a","n/a","n/a","n/a"
"06 Oct 09","3.4325","2.4797","n/a","n/a","n/a","n/a"
"05 Oct 09","3.4257","2.4863","n/a","n/a","n/a","n/a"
"02 Oct 09","3.4723","2.5137","n/a","n/a","n/a","n/a"
"01 Oct 09","3.5257","2.5494","n/a","n/a","n/a","n/a"
"30 Sep 09","3.6109","2.6532","3.7335","2.8839","3.6109","2.6532"
"29 Sep 09","3.6345","2.6787","n/a","n/a","n/a","n/a"
"28 Sep 09","3.6466","2.6473","n/a","n/a","n/a","n/a"
"25 Sep 09","3.6334","2.6358","n/a","n/a","n/a","n/a"
"24 Sep 09","3.7005","2.697","n/a","n/a","n/a","n/a"
"23 Sep 09","3.7551","2.7773","n/a","n/a","n/a","n/a"
"22 Sep 09","3.7741","2.7853","n/a","n/a","n/a","n/a"
"21 Sep 09","3.7238","2.7696","n/a","n/a","n/a","n/a"
"18 Sep 09","3.7403","2.7682","n/a","n/a","n/a","n/a"
"17 Sep 09","3.7323","2.7586","n/a","n/a","n/a","n/a"
"16 Sep 09","3.6897","2.7316","n/a","n/a","n/a","n/a"
"15 Sep 09","3.6228","2.657","n/a","n/a","n/a","n/a"
"14 Sep 09","3.6098","2.7015","n/a","n/a","n/a","n/a"
"11 Sep 09","3.6103","2.6919","n/a","n/a","n/a","n/a"
"10 Sep 09","3.6722","2.7425","n/a","n/a","n/a","n/a"
"09 Sep 09","3.7395","2.8074","n/a","n/a","n/a","n/a"
"08 Sep 09","3.6651","2.7418","n/a","n/a","n/a","n/a"
"07 Sep 09","3.6248","2.708","n/a","n/a","n/a","n/a"
"04 Sep 09","3.6037","2.7007","n/a","n/a","n/a","n/a"
"03 Sep 09","3.5817","2.7117","n/a","n/a","n/a","n/a"
"02 Sep 09","3.5293","2.6455","n/a","n/a","n/a","n/a"
"01 Sep 09","3.5447","2.6724","n/a","n/a","n/a","n/a"
"28 Aug 09","3.5396","2.661","n/a","n/a","n/a","n/a"
"27 Aug 09","3.5376","2.6433","n/a","n/a","n/a","n/a"
"26 Aug 09","3.5218","2.6266","n/a","n/a","n/a","n/a"
"25 Aug 09","3.5714","2.6308","n/a","n/a","n/a","n/a"
"24 Aug 09","3.6518","2.7467","n/a","n/a","n/a","n/a"
"21 Aug 09","3.6634","2.7711","n/a","n/a","n/a","n/a"
"20 Aug 09","3.6377","2.7657","n/a","n/a","n/a","n/a"
"19 Aug 09","3.6112","2.7628","n/a","n/a","n/a","n/a"
"18 Aug 09","3.6859","2.8796","n/a","n/a","n/a","n/a"
"17 Aug 09","3.6398","2.8252","n/a","n/a","n/a","n/a"
"14 Aug 09","3.7192","2.8937","n/a","n/a","n/a","n/a"
"13 Aug 09","3.8159","2.9814","n/a","n/a","n/a","n/a"
"12 Aug 09","3.8188","3","n/a","n/a","n/a","n/a"
"11 Aug 09","3.8446","3.0492","n/a","n/a","n/a","n/a"
"10 Aug 09","3.8171","3.0312","n/a","n/a","n/a","n/a"
"07 Aug 09","3.8193","3.0724","n/a","n/a","n/a","n/a"
"06 Aug 09","3.7742","3.0008","n/a","n/a","n/a","n/a"
"05 Aug 09","3.8486","3.1095","n/a","n/a","n/a","n/a"
"04 Aug 09","3.8688","3.1145","n/a","n/a","n/a","n/a"
"03 Aug 09","3.898","3.123","n/a","n/a","n/a","n/a"
"31 Jul 09","3.8245","3.053","n/a","n/a","n/a","n/a"
"30 Jul 09","3.9802","3.1961","n/a","n/a","n/a","n/a"
"29 Jul 09","4.0097","3.2236","n/a","n/a","n/a","n/a"
"28 Jul 09","3.9661","3.1992","n/a","n/a","n/a","n/a"
"27 Jul 09","3.9993","3.2244","n/a","n/a","n/a","n/a"
"24 Jul 09","3.996","3.2093","n/a","n/a","n/a","n/a"
"23 Jul 09","4.0028","3.2241","n/a","n/a","n/a","n/a"
"22 Jul 09","3.8813","3.1049","n/a","n/a","n/a","n/a"
"21 Jul 09","3.8157","3.047","n/a","n/a","n/a","n/a"
"20 Jul 09","3.8465","3.0654","n/a","n/a","n/a","n/a"
"17 Jul 09","3.8237","3.0305","n/a","n/a","n/a","n/a"
"16 Jul 09","3.8004","3.0024","n/a","n/a","n/a","n/a"
"15 Jul 09","3.8118","3.0138","n/a","n/a","n/a","n/a"
"14 Jul 09","3.7592","2.9582","n/a","n/a","n/a","n/a"
"13 Jul 09","3.6998","2.8951","n/a","n/a","n/a","n/a"
"10 Jul 09","3.7654","2.9471","n/a","n/a","n/a","n/a"
"09 Jul 09","3.8052","2.9938","n/a","n/a","n/a","n/a"
"08 Jul 09","3.6404","2.851","n/a","n/a","n/a","n/a"
"07 Jul 09","3.6861","2.921","n/a","n/a","n/a","n/a"
"06 Jul 09","3.6582","2.9193","n/a","n/a","n/a","n/a"
"03 Jul 09","3.714","2.9706","n/a","n/a","n/a","n/a"
"02 Jul 09","3.7279","2.9912","n/a","n/a","n/a","n/a"
"01 Jul 09","3.7341","3.0382","n/a","n/a","n/a","n/a"
"30 Jun 09","3.6291","2.9478","3.5872","2.7139","3.6291","2.9478"
"29 Jun 09","3.5502","2.8556","n/a","n/a","n/a","n/a"
"26 Jun 09","3.6189","2.8313","n/a","n/a","n/a","n/a"
"25 Jun 09","3.5804","2.7556","n/a","n/a","n/a","n/a"
"24 Jun 09","3.5832","2.7481","n/a","n/a","n/a","n/a"
"23 Jun 09","3.6047","2.7832","n/a","n/a","n/a","n/a"
"22 Jun 09","3.6193","2.8137","n/a","n/a","n/a","n/a"
"19 Jun 09","3.6805","2.8727","n/a","n/a","n/a","n/a"
"18 Jun 09","3.7268","2.9202","n/a","n/a","n/a","n/a"
"17 Jun 09","3.677","2.8923","n/a","n/a","n/a","n/a"
"16 Jun 09","3.7838","2.9845","n/a","n/a","n/a","n/a"
"15 Jun 09","3.7603","2.9453","n/a","n/a","n/a","n/a"
"12 Jun 09","3.867","3.0522","n/a","n/a","n/a","n/a"
"11 Jun 09","3.9262","3.1296","n/a","n/a","n/a","n/a"
"10 Jun 09","3.8194","3.0115","n/a","n/a","n/a","n/a"
"09 Jun 09","3.7551","2.9505","n/a","n/a","n/a","n/a"
"08 Jun 09","3.7808","3.0033","n/a","n/a","n/a","n/a"
"05 Jun 09","3.8389","2.9204","n/a","n/a","n/a","n/a"
"04 Jun 09","3.7785","2.8124","n/a","n/a","n/a","n/a"
"03 Jun 09","3.7188","2.7292","n/a","n/a","n/a","n/a"
"02 Jun 09","3.8158","2.7909","n/a","n/a","n/a","n/a"
"01 Jun 09","3.7721","2.7877","n/a","n/a","n/a","n/a"
"29 May 09","3.6987","2.6875","n/a","n/a","n/a","n/a"
"28 May 09","3.738","2.7121","n/a","n/a","n/a","n/a"
"27 May 09","3.6975","2.6775","n/a","n/a","n/a","n/a"
"26 May 09","3.6488","2.615","n/a","n/a","n/a","n/a"
"22 May 09","3.7291","2.7098","n/a","n/a","n/a","n/a"
"21 May 09","3.6515","2.6586","n/a","n/a","n/a","n/a"
"20 May 09","3.5852","2.6833","n/a","n/a","n/a","n/a"
"19 May 09","3.5003","2.6066","n/a","n/a","n/a","n/a"
"18 May 09","3.4805","2.5828","n/a","n/a","n/a","n/a"
"15 May 09","3.5432","2.6392","n/a","n/a","n/a","n/a"
"14 May 09","3.4803","2.5689","n/a","n/a","n/a","n/a"
"13 May 09","3.5165","2.5902","n/a","n/a","n/a","n/a"
"12 May 09","3.6576","2.7194","n/a","n/a","n/a","n/a"
"11 May 09","3.662","2.6962","n/a","n/a","n/a","n/a"
"08 May 09","3.7327","2.765","n/a","n/a","n/a","n/a"
"07 May 09","3.692","2.7243","n/a","n/a","n/a","n/a"
"06 May 09","3.6371","2.6795","n/a","n/a","n/a","n/a"
"05 May 09","3.5751","2.6148","n/a","n/a","n/a","n/a"
"01 May 09","3.5645","2.5964","n/a","n/a","n/a","n/a"
"30 Apr 09","3.5321","2.5686","n/a","n/a","n/a","n/a"
"29 Apr 09","3.487","2.5059","n/a","n/a","n/a","n/a"
"28 Apr 09","3.4915","2.5281","n/a","n/a","n/a","n/a"
"27 Apr 09","3.5238","2.5908","n/a","n/a","n/a","n/a"
"24 Apr 09","3.5315","2.6146","n/a","n/a","n/a","n/a"
"23 Apr 09","3.5508","2.6477","n/a","n/a","n/a","n/a"
"22 Apr 09","3.4814","2.6804","n/a","n/a","n/a","n/a"
"21 Apr 09","3.3306","2.5903","n/a","n/a","n/a","n/a"
"20 Apr 09","3.2557","2.5031","n/a","n/a","n/a","n/a"
"17 Apr 09","3.3973","2.6379","n/a","n/a","n/a","n/a"
"16 Apr 09","3.2815","2.5111","n/a","n/a","n/a","n/a"
"15 Apr 09","3.3002","2.5461","n/a","n/a","n/a","n/a"
"14 Apr 09","3.2622","2.4904","n/a","n/a","n/a","n/a"
"09 Apr 09","3.337","2.5555","n/a","n/a","n/a","n/a"
"08 Apr 09","3.3903","2.5964","n/a","n/a","n/a","n/a"
"07 Apr 09","3.4789","2.6829","n/a","n/a","n/a","n/a"
"06 Apr 09","3.4676","2.6817","n/a","n/a","n/a","n/a"
"03 Apr 09","3.4516","2.6148","n/a","n/a","n/a","n/a"
"02 Apr 09","3.4113","2.5814","n/a","n/a","n/a","n/a"
"01 Apr 09","3.1823","2.354","n/a","n/a","n/a","n/a"
"31 Mar 09","3.233","2.4257","3.5295","2.5921","3.233","2.4257"
"30 Mar 09","3.2541","2.4421","n/a","n/a","n/a","n/a"
"27 Mar 09","3.359","2.5473","n/a","n/a","n/a","n/a"
"26 Mar 09","3.3804","2.5606","n/a","n/a","n/a","n/a"
"25 Mar 09","3.3421","2.502","n/a","n/a","n/a","n/a"
"24 Mar 09","3.3805","2.52","n/a","n/a","n/a","n/a"
"23 Mar 09","3.1966","2.4158","n/a","n/a","n/a","n/a"
"20 Mar 09","3.0766","2.3423","n/a","n/a","n/a","n/a"
"19 Mar 09","3.0792","2.3537","n/a","n/a","n/a","n/a"
"18 Mar 09","3.1616","2.4218","n/a","n/a","n/a","n/a"
"17 Mar 09","3.1207","2.3827","n/a","n/a","n/a","n/a"
"16 Mar 09","3.0877","2.3463","n/a","n/a","n/a","n/a"
"13 Mar 09","2.99","2.2581","n/a","n/a","n/a","n/a"
"12 Mar 09","2.9801","2.2226","n/a","n/a","n/a","n/a"
"11 Mar 09","3.098","2.26","n/a","n/a","n/a","n/a"
"10 Mar 09","3.1295","2.2572","n/a","n/a","n/a","n/a"
"09 Mar 09","3.1542","2.2883","n/a","n/a","n/a","n/a"
"06 Mar 09","3.084","2.1833","n/a","n/a","n/a","n/a"
"05 Mar 09","3.4168","2.3466","n/a","n/a","n/a","n/a"
"04 Mar 09","3.706","2.5193","n/a","n/a","n/a","n/a"
"03 Mar 09","3.6307","2.4794","n/a","n/a","n/a","n/a"
"02 Mar 09","3.6322","2.5338","n/a","n/a","n/a","n/a"
"27 Feb 09","3.6949","2.595","n/a","n/a","n/a","n/a"
"26 Feb 09","3.71","2.6239","n/a","n/a","n/a","n/a"
"25 Feb 09","3.4779","2.457","n/a","n/a","n/a","n/a"
"24 Feb 09","3.4402","2.4472","n/a","n/a","n/a","n/a"
"23 Feb 09","3.4825","2.5155","n/a","n/a","n/a","n/a"
"20 Feb 09","3.452","2.4877","n/a","n/a","n/a","n/a"
"19 Feb 09","3.5458","2.5484","n/a","n/a","n/a","n/a"
"18 Feb 09","3.4174","2.4771","n/a","n/a","n/a","n/a"
"17 Feb 09","3.4469","2.436","n/a","n/a","n/a","n/a"
"16 Feb 09","3.5292","2.4773","n/a","n/a","n/a","n/a"
"13 Feb 09","3.6184","2.5192","n/a","n/a","n/a","n/a"
"12 Feb 09","3.5501","2.4186","n/a","n/a","n/a","n/a"
"11 Feb 09","3.6869","2.5681","n/a","n/a","n/a","n/a"
"10 Feb 09","3.894","2.8178","n/a","n/a","n/a","n/a"
"09 Feb 09","3.9877","2.8697","n/a","n/a","n/a","n/a"
"06 Feb 09","3.9701","2.8679","n/a","n/a","n/a","n/a"
"05 Feb 09","3.9532","2.8491","n/a","n/a","n/a","n/a"
"04 Feb 09","4.0068","2.9141","n/a","n/a","n/a","n/a"
"03 Feb 09","3.9896","2.8968","n/a","n/a","n/a","n/a"
"02 Feb 09","3.945","2.8451","n/a","n/a","n/a","n/a"
"30 Jan 09","3.9577","2.8489","n/a","n/a","n/a","n/a"
"29 Jan 09","3.9405","2.8312","n/a","n/a","n/a","n/a"
"28 Jan 09","3.9058","2.8354","n/a","n/a","n/a","n/a"
"27 Jan 09","3.9275","2.8622","n/a","n/a","n/a","n/a"
"26 Jan 09","3.9557","2.8641","n/a","n/a","n/a","n/a"
"23 Jan 09","3.952","2.8681","n/a","n/a","n/a","n/a"
"22 Jan 09","3.7878","2.7879","n/a","n/a","n/a","n/a"
"21 Jan 09","3.7231","2.7527","n/a","n/a","n/a","n/a"
"20 Jan 09","3.7904","2.8388","n/a","n/a","n/a","n/a"
"19 Jan 09","3.7159","2.8343","n/a","n/a","n/a","n/a"
"16 Jan 09","3.5959","2.7613","n/a","n/a","n/a","n/a"
"15 Jan 09","3.4465","2.646","n/a","n/a","n/a","n/a"
"14 Jan 09","3.4293","2.6565","n/a","n/a","n/a","n/a"
"13 Jan 09","3.5187","2.7009","n/a","n/a","n/a","n/a"
"12 Jan 09","3.446","2.6301","n/a","n/a","n/a","n/a"
"09 Jan 09","3.4419","2.631","n/a","n/a","n/a","n/a"
"08 Jan 09","3.5276","2.7069","n/a","n/a","n/a","n/a"
"07 Jan 09","3.596","2.7963","n/a","n/a","n/a","n/a"
"06 Jan 09","3.571","2.7904","n/a","n/a","n/a","n/a"
"05 Jan 09","3.4739","2.7515","n/a","n/a","n/a","n/a"
"02 Jan 09","3.3649","2.6681","n/a","n/a","n/a","n/a"
"31 Dec 08","3.35","2.6836","4.165","3.5671","3.35","2.6836"
"30 Dec 08","3.4071","2.7648","n/a","n/a","n/a","n/a"
"29 Dec 08","3.416","2.7986","n/a","n/a","n/a","n/a"
"24 Dec 08","3.3683","2.7497","n/a","n/a","n/a","n/a"
"23 Dec 08","3.4362","2.8169","n/a","n/a","n/a","n/a"
"22 Dec 08","3.4377","2.8208","n/a","n/a","n/a","n/a"
"19 Dec 08","3.4761","2.859","n/a","n/a","n/a","n/a"
"18 Dec 08","3.4769","2.8647","n/a","n/a","n/a","n/a"
"17 Dec 08","3.5106","2.9404","n/a","n/a","n/a","n/a"
"16 Dec 08","3.6752","3.111","n/a","n/a","n/a","n/a"
"15 Dec 08","3.7455","3.1787","n/a","n/a","n/a","n/a"
"12 Dec 08","3.8608","3.2538","n/a","n/a","n/a","n/a"
"11 Dec 08","3.8469","3.2734","n/a","n/a","n/a","n/a"
"10 Dec 08","3.8131","3.2426","n/a","n/a","n/a","n/a"
"09 Dec 08","3.8201","3.2139","n/a","n/a","n/a","n/a"
"08 Dec 08","3.8206","3.2152","n/a","n/a","n/a","n/a"
"05 Dec 08","3.6675","3.0319","n/a","n/a","n/a","n/a"
"04 Dec 08","3.7007","3.0264","n/a","n/a","n/a","n/a"
"03 Dec 08","3.6741","2.9498","n/a","n/a","n/a","n/a"
"02 Dec 08","3.7261","3.0172","n/a","n/a","n/a","n/a"
"01 Dec 08","3.87","3.2076","n/a","n/a","n/a","n/a"
"28 Nov 08","3.972","3.3517","n/a","n/a","n/a","n/a"
"27 Nov 08","3.9668","3.4012","n/a","n/a","n/a","n/a"
"26 Nov 08","3.9801","3.3175","n/a","n/a","n/a","n/a"
"25 Nov 08","4.0544","3.345","n/a","n/a","n/a","n/a"
"24 Nov 08","4.1195","3.3257","n/a","n/a","n/a","n/a"
"21 Nov 08","4.0589","3.2514","n/a","n/a","n/a","n/a"
"20 Nov 08","4.0891","3.2767","n/a","n/a","n/a","n/a"
"19 Nov 08","4.2252","3.4205","n/a","n/a","n/a","n/a"
"18 Nov 08","4.2684","3.4237","n/a","n/a","n/a","n/a"
"17 Nov 08","4.2869","3.4455","n/a","n/a","n/a","n/a"
"14 Nov 08","4.2472","3.4474","n/a","n/a","n/a","n/a"
"13 Nov 08","4.2629","3.4943","n/a","n/a","n/a","n/a"
"12 Nov 08","4.2793","3.5225","n/a","n/a","n/a","n/a"
"11 Nov 08","4.3697","3.6669","n/a","n/a","n/a","n/a"
"10 Nov 08","4.3448","3.6395","n/a","n/a","n/a","n/a"
"07 Nov 08","4.348","3.6078","n/a","n/a","n/a","n/a"
"06 Nov 08","4.4739","3.6951","n/a","n/a","n/a","n/a"
"05 Nov 08","4.5635","3.8217","n/a","n/a","n/a","n/a"
"04 Nov 08","4.6095","3.8918","n/a","n/a","n/a","n/a"
"03 Nov 08","4.6226","3.9234","n/a","n/a","n/a","n/a"
"31 Oct 08","4.6467","3.9623","n/a","n/a","n/a","n/a"
"30 Oct 08","4.5582","3.9122","n/a","n/a","n/a","n/a"
"29 Oct 08","4.5268","3.9279","n/a","n/a","n/a","n/a"
"28 Oct 08","4.5156","3.9693","n/a","n/a","n/a","n/a"
"27 Oct 08","4.4951","3.9555","n/a","n/a","n/a","n/a"
"24 Oct 08","4.4736","3.9324","n/a","n/a","n/a","n/a"
"23 Oct 08","4.575","4.0709","n/a","n/a","n/a","n/a"
"22 Oct 08","4.5817","4.0417","n/a","n/a","n/a","n/a"
"21 Oct 08","4.7132","4.2389","n/a","n/a","n/a","n/a"
"20 Oct 08","4.704","4.263","n/a","n/a","n/a","n/a"
"17 Oct 08","4.7589","4.3489","n/a","n/a","n/a","n/a"
"16 Oct 08","4.8091","4.447","n/a","n/a","n/a","n/a"
"15 Oct 08","4.8088","4.4595","n/a","n/a","n/a","n/a"
"14 Oct 08","4.8406","4.4989","n/a","n/a","n/a","n/a"
"13 Oct 08","4.7582","4.3682","n/a","n/a","n/a","n/a"
"10 Oct 08","4.5673","4.1413","n/a","n/a","n/a","n/a"
"09 Oct 08","4.4681","4.1053","n/a","n/a","n/a","n/a"
"08 Oct 08","4.3999","3.9797","n/a","n/a","n/a","n/a"
"07 Oct 08","4.3478","3.9282","n/a","n/a","n/a","n/a"
"06 Oct 08","4.3283","3.9207","n/a","n/a","n/a","n/a"
"03 Oct 08","4.4927","4.1723","n/a","n/a","n/a","n/a"
"02 Oct 08","4.4473","4.1563","n/a","n/a","n/a","n/a"
"01 Oct 08","4.4986","4.2058","n/a","n/a","n/a","n/a"
"30 Sep 08","4.5192","4.2414","4.7878","4.6827","4.5192","4.2414"
"29 Sep 08","4.462","4.2043","n/a","n/a","n/a","n/a"
"26 Sep 08","4.6184","4.4153","n/a","n/a","n/a","n/a"
"25 Sep 08","4.6809","4.4994","n/a","n/a","n/a","n/a"
"24 Sep 08","4.6303","4.4463","n/a","n/a","n/a","n/a"
"23 Sep 08","4.7264","4.5583","n/a","n/a","n/a","n/a"
"22 Sep 08","4.7439","4.6148","n/a","n/a","n/a","n/a"
"19 Sep 08","4.6565","4.5136","n/a","n/a","n/a","n/a"
"18 Sep 08","4.4839","4.3039","n/a","n/a","n/a","n/a"
"17 Sep 08","4.4881","4.3342","n/a","n/a","n/a","n/a"
"16 Sep 08","4.5028","4.3299","n/a","n/a","n/a","n/a"
"15 Sep 08","4.5432","4.38","n/a","n/a","n/a","n/a"
"12 Sep 08","4.6662","4.5521","n/a","n/a","n/a","n/a"
"11 Sep 08","4.527","4.4111","n/a","n/a","n/a","n/a"
"10 Sep 08","4.5277","4.4199","n/a","n/a","n/a","n/a"
"09 Sep 08","4.5135","4.4135","n/a","n/a","n/a","n/a"
"08 Sep 08","4.5597","4.4629","n/a","n/a","n/a","n/a"
"05 Sep 08","4.4634","4.3328","n/a","n/a","n/a","n/a"
"04 Sep 08","4.5332","4.4025","n/a","n/a","n/a","n/a"
"03 Sep 08","4.5754","4.4342","n/a","n/a","n/a","n/a"
"02 Sep 08","4.578","4.4546","n/a","n/a","n/a","n/a"
"01 Sep 08","4.5417","4.4179","n/a","n/a","n/a","n/a"
"29 Aug 08","4.5611","4.4655","n/a","n/a","n/a","n/a"
"28 Aug 08","4.5646","4.4741","n/a","n/a","n/a","n/a"
"27 Aug 08","4.6258","4.5101","n/a","n/a","n/a","n/a"
"26 Aug 08","4.6015","4.4834","n/a","n/a","n/a","n/a"
"22 Aug 08","4.711","4.6031","n/a","n/a","n/a","n/a"
"21 Aug 08","4.672","4.5662","n/a","n/a","n/a","n/a"
"20 Aug 08","4.6682","4.5452","n/a","n/a","n/a","n/a"
"19 Aug 08","4.6936","4.5659","n/a","n/a","n/a","n/a"
"18 Aug 08","4.6986","4.5657","n/a","n/a","n/a","n/a"
"15 Aug 08","4.6855","4.5469","n/a","n/a","n/a","n/a"
"14 Aug 08","4.7463","4.5889","n/a","n/a","n/a","n/a"
"13 Aug 08","4.7006","4.5346","n/a","n/a","n/a","n/a"
"12 Aug 08","4.7292","4.6428","n/a","n/a","n/a","n/a"
"11 Aug 08","4.8013","4.7265","n/a","n/a","n/a","n/a"
"08 Aug 08","4.7753","4.6759","n/a","n/a","n/a","n/a"
"07 Aug 08","4.7812","4.6707","n/a","n/a","n/a","n/a"
"06 Aug 08","4.8344","4.7365","n/a","n/a","n/a","n/a"
"05 Aug 08","4.8566","4.7706","n/a","n/a","n/a","n/a"
"04 Aug 08","4.8943","4.8195","n/a","n/a","n/a","n/a"
"01 Aug 08","4.9324","4.8683","n/a","n/a","n/a","n/a"
"31 Jul 08","4.8939","4.8279","n/a","n/a","n/a","n/a"
"30 Jul 08","4.9331","4.8636","n/a","n/a","n/a","n/a"
"29 Jul 08","4.987","4.9139","n/a","n/a","n/a","n/a"
"28 Jul 08","5.0373","4.9652","n/a","n/a","n/a","n/a"
"25 Jul 08","5.0745","5.0042","n/a","n/a","n/a","n/a"
"24 Jul 08","5.0644","4.9964","n/a","n/a","n/a","n/a"
"23 Jul 08","5.1336","5.1035","n/a","n/a","n/a","n/a"
"22 Jul 08","5.0879","5.0469","n/a","n/a","n/a","n/a"
"21 Jul 08","5.1456","5.1113","n/a","n/a","n/a","n/a"
"18 Jul 08","5.1316","5.103","n/a","n/a","n/a","n/a"
"17 Jul 08","4.9905","4.9502","n/a","n/a","n/a","n/a"
"16 Jul 08","4.9701","4.9115","n/a","n/a","n/a","n/a"
"15 Jul 08","4.96","4.8793","n/a","n/a","n/a","n/a"
"14 Jul 08","4.9966","4.9302","n/a","n/a","n/a","n/a"
"11 Jul 08","4.998","4.921","n/a","n/a","n/a","n/a"
"10 Jul 08","4.968","4.8968","n/a","n/a","n/a","n/a"
"09 Jul 08","4.9892","4.9226","n/a","n/a","n/a","n/a"
"08 Jul 08","5.0267","4.9758","n/a","n/a","n/a","n/a"
"07 Jul 08","5.0267","4.9758","n/a","n/a","n/a","n/a"
"04 Jul 08","5.0765","5.0314","n/a","n/a","n/a","n/a"
"03 Jul 08","5.1454","5.1028","n/a","n/a","n/a","n/a"
"02 Jul 08","5.2398","5.1999","n/a","n/a","n/a","n/a"
"01 Jul 08","5.2591","5.2401","n/a","n/a","n/a","n/a"
"30 Jun 08","5.2341","5.2329","4.9037","4.7415","5.2341","5.2329"
"27 Jun 08","5.14","5.1438","n/a","n/a","n/a","n/a"
"26 Jun 08","5.115","5.1229","n/a","n/a","n/a","n/a"
"25 Jun 08","5.2282","5.2497","n/a","n/a","n/a","n/a"
"24 Jun 08","5.2618","5.3086","n/a","n/a","n/a","n/a"
"23 Jun 08","5.2383","5.3103","n/a","n/a","n/a","n/a"
"20 Jun 08","5.2591","5.3493","n/a","n/a","n/a","n/a"
"19 Jun 08","5.3542","5.4657","n/a","n/a","n/a","n/a"
"18 Jun 08","5.2702","5.3424","n/a","n/a","n/a","n/a"
"17 Jun 08","5.2718","5.3338","n/a","n/a","n/a","n/a"
"16 Jun 08","5.3179","5.4551","n/a","n/a","n/a","n/a"
"13 Jun 08","5.3673","5.4814","n/a","n/a","n/a","n/a"
"12 Jun 08","5.2544","5.3322","n/a","n/a","n/a","n/a"
"11 Jun 08","5.2321","5.2551","n/a","n/a","n/a","n/a"
"10 Jun 08","5.2227","5.2782","n/a","n/a","n/a","n/a"
"09 Jun 08","5.2334","5.2991","n/a","n/a","n/a","n/a"
"06 Jun 08","5.0891","5.048","n/a","n/a","n/a","n/a"
"05 Jun 08","5.1339","5.0597","n/a","n/a","n/a","n/a"
"04 Jun 08","5.0309","4.9242","n/a","n/a","n/a","n/a"
"03 Jun 08","5.1229","5.0191","n/a","n/a","n/a","n/a"
"02 Jun 08","5.0394","4.9553","n/a","n/a","n/a","n/a"
"30 May 08","5.0536","5.0051","n/a","n/a","n/a","n/a"
"29 May 08","5.1035","5.0412","n/a","n/a","n/a","n/a"
"28 May 08","5.0379","4.9616","n/a","n/a","n/a","n/a"
"27 May 08","5.001","4.9233","n/a","n/a","n/a","n/a"
"23 May 08","4.9973","4.9177","n/a","n/a","n/a","n/a"
"22 May 08","5.0212","4.9338","n/a","n/a","n/a","n/a"
"21 May 08","4.9416","4.8054","n/a","n/a","n/a","n/a"
"20 May 08","4.8605","4.723","n/a","n/a","n/a","n/a"
"19 May 08","4.891","4.7518","n/a","n/a","n/a","n/a"
"16 May 08","4.8326","4.6738","n/a","n/a","n/a","n/a"
"15 May 08","4.9014","4.7208","n/a","n/a","n/a","n/a"
"14 May 08","4.8728","4.6664","n/a","n/a","n/a","n/a"
"13 May 08","4.7689","4.5306","n/a","n/a","n/a","n/a"
"12 May 08","4.6712","4.4087","n/a","n/a","n/a","n/a"
"09 May 08","4.6568","4.3767","n/a","n/a","n/a","n/a"
"08 May 08","4.6912","4.4035","n/a","n/a","n/a","n/a"
"07 May 08","4.7883","4.5239","n/a","n/a","n/a","n/a"
"06 May 08","4.7495","4.4901","n/a","n/a","n/a","n/a"
"02 May 08","4.8233","4.5739","n/a","n/a","n/a","n/a"
"01 May 08","4.702","4.4524","n/a","n/a","n/a","n/a"
"30 Apr 08","4.7475","4.4875","n/a","n/a","n/a","n/a"
"29 Apr 08","4.7572","4.5134","n/a","n/a","n/a","n/a"
"28 Apr 08","4.8107","4.5766","n/a","n/a","n/a","n/a"
"25 Apr 08","4.8472","4.6315","n/a","n/a","n/a","n/a"
"24 Apr 08","4.84","4.617","n/a","n/a","n/a","n/a"
"23 Apr 08","4.7305","4.519","n/a","n/a","n/a","n/a"
"22 Apr 08","4.7548","4.5306","n/a","n/a","n/a","n/a"
"21 Apr 08","4.7324","4.4563","n/a","n/a","n/a","n/a"
"18 Apr 08","4.7931","4.5072","n/a","n/a","n/a","n/a"
"17 Apr 08","4.7131","4.3372","n/a","n/a","n/a","n/a"
"16 Apr 08","4.6059","4.205","n/a","n/a","n/a","n/a"
"15 Apr 08","4.5073","4.1099","n/a","n/a","n/a","n/a"
"14 Apr 08","4.5072","4.1158","n/a","n/a","n/a","n/a"
"11 Apr 08","4.4839","4.0863","n/a","n/a","n/a","n/a"
"10 Apr 08","4.551","4.1447","n/a","n/a","n/a","n/a"
"09 Apr 08","4.5921","4.1884","n/a","n/a","n/a","n/a"
"08 Apr 08","4.5724","4.1771","n/a","n/a","n/a","n/a"
"07 Apr 08","4.5735","4.1853","n/a","n/a","n/a","n/a"
"04 Apr 08","4.5178","4.125","n/a","n/a","n/a","n/a"
"03 Apr 08","4.5133","4.1266","n/a","n/a","n/a","n/a"
"02 Apr 08","4.4935","4.1145","n/a","n/a","n/a","n/a"
"01 Apr 08","4.5053","4.1115","n/a","n/a","n/a","n/a"
"31 Mar 08","4.4114","3.9892","4.5223","4.275","4.4114","3.9892"
"28 Mar 08","4.4694","4.0912","n/a","n/a","n/a","n/a"
"27 Mar 08","4.5475","4.1935","n/a","n/a","n/a","n/a"
"26 Mar 08","4.491","4.1465","n/a","n/a","n/a","n/a"
"25 Mar 08","4.4881","4.1471","n/a","n/a","n/a","n/a"
"20 Mar 08","4.3499","3.9509","n/a","n/a","n/a","n/a"
"19 Mar 08","4.3724","3.9326","n/a","n/a","n/a","n/a"
"18 Mar 08","4.4222","3.9971","n/a","n/a","n/a","n/a"
"17 Mar 08","4.3762","3.9574","n/a","n/a","n/a","n/a"
"14 Mar 08","4.4109","4.0495","n/a","n/a","n/a","n/a"
"13 Mar 08","4.4307","4.0832","n/a","n/a","n/a","n/a"
"12 Mar 08","4.4937","4.1741","n/a","n/a","n/a","n/a"
"11 Mar 08","4.4296","4.0514","n/a","n/a","n/a","n/a"
"10 Mar 08","4.363","3.9613","n/a","n/a","n/a","n/a"
"07 Mar 08","4.3985","4.0197","n/a","n/a","n/a","n/a"
"06 Mar 08","4.4597","4.1098","n/a","n/a","n/a","n/a"
"05 Mar 08","4.5487","4.2339","n/a","n/a","n/a","n/a"
"04 Mar 08","4.479","4.1804","n/a","n/a","n/a","n/a"
"03 Mar 08","4.5123","4.2206","n/a","n/a","n/a","n/a"
"29 Feb 08","4.5353","4.2353","n/a","n/a","n/a","n/a"
"28 Feb 08","4.6668","4.3772","n/a","n/a","n/a","n/a"
"27 Feb 08","4.7635","4.4837","n/a","n/a","n/a","n/a"
"26 Feb 08","4.7421","4.4793","n/a","n/a","n/a","n/a"
"25 Feb 08","4.7548","4.4883","n/a","n/a","n/a","n/a"
"22 Feb 08","4.7156","4.4497","n/a","n/a","n/a","n/a"
"21 Feb 08","4.7126","4.4451","n/a","n/a","n/a","n/a"
"20 Feb 08","4.7105","4.4213","n/a","n/a","n/a","n/a"
"19 Feb 08","4.6704","4.3981","n/a","n/a","n/a","n/a"
"18 Feb 08","4.6835","4.41","n/a","n/a","n/a","n/a"
"15 Feb 08","4.6371","4.3616","n/a","n/a","n/a","n/a"
"14 Feb 08","4.6645","4.4114","n/a","n/a","n/a","n/a"
"13 Feb 08","4.6546","4.4153","n/a","n/a","n/a","n/a"
"12 Feb 08","4.6648","4.4169","n/a","n/a","n/a","n/a"
"11 Feb 08","4.5371","4.282","n/a","n/a","n/a","n/a"
"08 Feb 08","4.4811","4.219","n/a","n/a","n/a","n/a"
"07 Feb 08","4.4718","4.2169","n/a","n/a","n/a","n/a"
"06 Feb 08","4.5081","4.269","n/a","n/a","n/a","n/a"
"05 Feb 08","4.4554","4.2583","n/a","n/a","n/a","n/a"
"04 Feb 08","4.5497","4.3618","n/a","n/a","n/a","n/a"
"01 Feb 08","4.5126","4.327","n/a","n/a","n/a","n/a"
"31 Jan 08","4.5145","4.3405","n/a","n/a","n/a","n/a"
"30 Jan 08","4.6005","4.4521","n/a","n/a","n/a","n/a"
"29 Jan 08","4.6177","4.4737","n/a","n/a","n/a","n/a"
"28 Jan 08","4.5216","4.3771","n/a","n/a","n/a","n/a"
"25 Jan 08","4.5621","4.4378","n/a","n/a","n/a","n/a"
"24 Jan 08","4.5711","4.4176","n/a","n/a","n/a","n/a"
"23 Jan 08","4.4654","4.2919","n/a","n/a","n/a","n/a"
"22 Jan 08","4.5405","4.369","n/a","n/a","n/a","n/a"
"21 Jan 08","4.4049","4.2573","n/a","n/a","n/a","n/a"
"18 Jan 08","4.4753","4.3362","n/a","n/a","n/a","n/a"
"17 Jan 08","4.4534","4.3238","n/a","n/a","n/a","n/a"
"16 Jan 08","4.4209","4.2867","n/a","n/a","n/a","n/a"
"15 Jan 08","4.4394","4.2888","n/a","n/a","n/a","n/a"
"14 Jan 08","4.4606","4.293","n/a","n/a","n/a","n/a"
"11 Jan 08","4.4727","4.3344","n/a","n/a","n/a","n/a"
"10 Jan 08","4.4471","4.3269","n/a","n/a","n/a","n/a"
"09 Jan 08","4.4471","4.3306","n/a","n/a","n/a","n/a"
"08 Jan 08","4.5015","4.3895","n/a","n/a","n/a","n/a"
"07 Jan 08","4.4608","4.3493","n/a","n/a","n/a","n/a"
"04 Jan 08","4.4581","4.3533","n/a","n/a","n/a","n/a"
"03 Jan 08","4.5025","4.3989","n/a","n/a","n/a","n/a"
"02 Jan 08","4.4966","4.4022","n/a","n/a","n/a","n/a"
"31 Dec 07","4.5551","4.4607","4.7998","4.792","4.5551","4.4607"
"28 Dec 07","4.5996","4.5112","n/a","n/a","n/a","n/a"
"27 Dec 07","4.6759","4.5891","n/a","n/a","n/a","n/a"
"24 Dec 07","4.6355","4.5624","n/a","n/a","n/a","n/a"
"21 Dec 07","4.6835","4.6115","n/a","n/a","n/a","n/a"
"20 Dec 07","4.6306","4.5598","n/a","n/a","n/a","n/a"
"19 Dec 07","4.7328","4.664","n/a","n/a","n/a","n/a"
"18 Dec 07","4.8001","4.7393","n/a","n/a","n/a","n/a"
"17 Dec 07","4.8038","4.7433","n/a","n/a","n/a","n/a"
"14 Dec 07","4.8434","4.7836","n/a","n/a","n/a","n/a"
"13 Dec 07","4.8183","4.75","n/a","n/a","n/a","n/a"
"12 Dec 07","4.8598","4.7795","n/a","n/a","n/a","n/a"
"11 Dec 07","4.7229","4.6269","n/a","n/a","n/a","n/a"
"10 Dec 07","4.7559","4.6668","n/a","n/a","n/a","n/a"
"07 Dec 07","4.6979","4.6194","n/a","n/a","n/a","n/a"
"06 Dec 07","4.6057","4.5255","n/a","n/a","n/a","n/a"
"05 Dec 07","4.5439","4.467","n/a","n/a","n/a","n/a"
"04 Dec 07","4.5804","4.519","n/a","n/a","n/a","n/a"
"03 Dec 07","4.6347","4.5789","n/a","n/a","n/a","n/a"
"30 Nov 07","4.6842","4.625","n/a","n/a","n/a","n/a"
"29 Nov 07","4.6203","4.552","n/a","n/a","n/a","n/a"
"28 Nov 07","4.7182","4.679","n/a","n/a","n/a","n/a"
"27 Nov 07","4.6314","4.57","n/a","n/a","n/a","n/a"
"26 Nov 07","4.6031","4.5205","n/a","n/a","n/a","n/a"
"23 Nov 07","4.6169","4.5175","n/a","n/a","n/a","n/a"
"22 Nov 07","4.5669","4.4802","n/a","n/a","n/a","n/a"
"21 Nov 07","4.6024","4.5254","n/a","n/a","n/a","n/a"
"20 Nov 07","4.6572","4.5928","n/a","n/a","n/a","n/a"
"19 Nov 07","4.6397","4.5813","n/a","n/a","n/a","n/a"
"16 Nov 07","4.6609","4.6074","n/a","n/a","n/a","n/a"
"15 Nov 07","4.7035","4.6654","n/a","n/a","n/a","n/a"
"14 Nov 07","4.7605","4.7392","n/a","n/a","n/a","n/a"
"13 Nov 07","4.7695","4.7609","n/a","n/a","n/a","n/a"
"12 Nov 07","4.7751","4.7691","n/a","n/a","n/a","n/a"
"09 Nov 07","4.7551","4.7514","n/a","n/a","n/a","n/a"
"08 Nov 07","4.802","4.8164","n/a","n/a","n/a","n/a"
"07 Nov 07","4.8457","4.8844","n/a","n/a","n/a","n/a"
"06 Nov 07","4.8844","4.9259","n/a","n/a","n/a","n/a"
"05 Nov 07","4.8742","4.9245","n/a","n/a","n/a","n/a"
"02 Nov 07","4.8755","4.9351","n/a","n/a","n/a","n/a"
"01 Nov 07","4.9325","5","n/a","n/a","n/a","n/a"
"31 Oct 07","4.9424","5.0103","n/a","n/a","n/a","n/a"
"30 Oct 07","4.8868","4.9504","n/a","n/a","n/a","n/a"
"29 Oct 07","4.8653","4.9169","n/a","n/a","n/a","n/a"
"26 Oct 07","4.8716","4.9198","n/a","n/a","n/a","n/a"
"25 Oct 07","4.8672","4.9283","n/a","n/a","n/a","n/a"
"24 Oct 07","4.8541","4.9233","n/a","n/a","n/a","n/a"
"23 Oct 07","4.9042","4.9779","n/a","n/a","n/a","n/a"
"22 Oct 07","4.8881","4.9561","n/a","n/a","n/a","n/a"
"19 Oct 07","4.9043","4.9767","n/a","n/a","n/a","n/a"
"18 Oct 07","4.9823","5.0517","n/a","n/a","n/a","n/a"
"17 Oct 07","5.0398","5.1159","n/a","n/a","n/a","n/a"
"16 Oct 07","5.0829","5.1632","n/a","n/a","n/a","n/a"
"15 Oct 07","5.0948","5.1943","n/a","n/a","n/a","n/a"
"12 Oct 07","5.0853","5.1754","n/a","n/a","n/a","n/a"
"11 Oct 07","5.026","5.1193","n/a","n/a","n/a","n/a"
"10 Oct 07","4.9883","5.1044","n/a","n/a","n/a","n/a"
"09 Oct 07","4.9027","4.9759","n/a","n/a","n/a","n/a"
"08 Oct 07","4.9622","5.0129","n/a","n/a","n/a","n/a"
"05 Oct 07","4.9636","5.0079","n/a","n/a","n/a","n/a"
"04 Oct 07","4.9548","4.9937","n/a","n/a","n/a","n/a"
"03 Oct 07","4.9806","5.0039","n/a","n/a","n/a","n/a"
"02 Oct 07","4.976","5.0076","n/a","n/a","n/a","n/a"
"01 Oct 07","5.0023","5.0221","n/a","n/a","n/a","n/a"
"30 Sep 07","n/a","n/a","5.1897","5.3637","5.0194","5.0449"
"28 Sep 07","5.0194","5.0449","n/a","n/a","n/a","n/a"
"27 Sep 07","5.0726","5.1101","n/a","n/a","n/a","n/a"
"26 Sep 07","5.0663","5.1044","n/a","n/a","n/a","n/a"
"25 Sep 07","5.0335","5.0826","n/a","n/a","n/a","n/a"
"24 Sep 07","5.0779","5.1516","n/a","n/a","n/a","n/a"
"21 Sep 07","5.0883","5.169","n/a","n/a","n/a","n/a"
"20 Sep 07","5.0353","5.1184","n/a","n/a","n/a","n/a"
"19 Sep 07","4.9941","5.0757","n/a","n/a","n/a","n/a"
"18 Sep 07","4.9499","5.0623","n/a","n/a","n/a","n/a"
"17 Sep 07","4.8577","4.9509","n/a","n/a","n/a","n/a"
"14 Sep 07","4.8731","4.9719","n/a","n/a","n/a","n/a"
"13 Sep 07","4.9287","5.0408","n/a","n/a","n/a","n/a"
"12 Sep 07","4.9049","4.9761","n/a","n/a","n/a","n/a"
"11 Sep 07","4.9062","4.974","n/a","n/a","n/a","n/a"
"10 Sep 07","4.8989","5.0096","n/a","n/a","n/a","n/a"
"07 Sep 07","4.9468","5.0749","n/a","n/a","n/a","n/a"
"06 Sep 07","5.0155","5.1636","n/a","n/a","n/a","n/a"
"05 Sep 07","5.0345","5.1965","n/a","n/a","n/a","n/a"
"04 Sep 07","5.0794","5.2522","n/a","n/a","n/a","n/a"
"03 Sep 07","5.0722","5.2427","n/a","n/a","n/a","n/a"
"31 Aug 07","5.0302","5.1996","n/a","n/a","n/a","n/a"
"30 Aug 07","5.0233","5.1861","n/a","n/a","n/a","n/a"
"29 Aug 07","5.0303","5.1977","n/a","n/a","n/a","n/a"
"28 Aug 07","5.0791","5.2371","n/a","n/a","n/a","n/a"
"24 Aug 07","5.1055","5.2644","n/a","n/a","n/a","n/a"
"23 Aug 07","5.0935","5.2554","n/a","n/a","n/a","n/a"
"22 Aug 07","5.1245","5.28","n/a","n/a","n/a","n/a"
"21 Aug 07","5.033","5.1732","n/a","n/a","n/a","n/a"
"20 Aug 07","5.0955","5.2525","n/a","n/a","n/a","n/a"
"17 Aug 07","5.1017","5.2455","n/a","n/a","n/a","n/a"
"16 Aug 07","5.1083","5.2646","n/a","n/a","n/a","n/a"
"15 Aug 07","5.1424","5.3255","n/a","n/a","n/a","n/a"
"14 Aug 07","5.1883","5.3828","n/a","n/a","n/a","n/a"
"13 Aug 07","5.2449","5.4507","n/a","n/a","n/a","n/a"
"10 Aug 07","5.2371","5.4363","n/a","n/a","n/a","n/a"
"09 Aug 07","5.2674","5.4845","n/a","n/a","n/a","n/a"
"08 Aug 07","5.3068","5.5374","n/a","n/a","n/a","n/a"
"07 Aug 07","5.2152","5.445","n/a","n/a","n/a","n/a"
"06 Aug 07","5.2066","5.4347","n/a","n/a","n/a","n/a"
"03 Aug 07","5.1983","5.4384","n/a","n/a","n/a","n/a"
"02 Aug 07","5.2499","5.4698","n/a","n/a","n/a","n/a"
"01 Aug 07","5.2169","5.4286","n/a","n/a","n/a","n/a"
"31 Jul 07","5.2268","5.4394","n/a","n/a","n/a","n/a"
"30 Jul 07","5.1792","5.3726","n/a","n/a","n/a","n/a"
"27 Jul 07","5.2132","5.4013","n/a","n/a","n/a","n/a"
"26 Jul 07","5.2331","5.4524","n/a","n/a","n/a","n/a"
"25 Jul 07","5.2987","5.5423","n/a","n/a","n/a","n/a"
"24 Jul 07","5.3286","5.5813","n/a","n/a","n/a","n/a"
"23 Jul 07","5.3348","5.5895","n/a","n/a","n/a","n/a"
"20 Jul 07","5.3267","5.5787","n/a","n/a","n/a","n/a"
"19 Jul 07","5.4285","5.6729","n/a","n/a","n/a","n/a"
"18 Jul 07","5.4319","5.6839","n/a","n/a","n/a","n/a"
"17 Jul 07","5.5049","5.7466","n/a","n/a","n/a","n/a"
"16 Jul 07","5.4807","5.7086","n/a","n/a","n/a","n/a"
"13 Jul 07","5.5141","5.7393","n/a","n/a","n/a","n/a"
"12 Jul 07","5.4804","5.716","n/a","n/a","n/a","n/a"
"11 Jul 07","5.4594","5.6996","n/a","n/a","n/a","n/a"
"10 Jul 07","5.4616","5.6944","n/a","n/a","n/a","n/a"
"09 Jul 07","5.5654","5.7921","n/a","n/a","n/a","n/a"
"06 Jul 07","5.562","5.7954","n/a","n/a","n/a","n/a"
"05 Jul 07","5.5323","5.7676","n/a","n/a","n/a","n/a"
"04 Jul 07","5.509","5.7482","n/a","n/a","n/a","n/a"
"03 Jul 07","5.4783","5.7167","n/a","n/a","n/a","n/a"
"02 Jul 07","5.434","5.6736","n/a","n/a","n/a","n/a"
"30 Jun 07","n/a","n/a","5.2126","5.4635","5.4814","5.7241"
"29 Jun 07","5.4814","5.7241","n/a","n/a","n/a","n/a"
"28 Jun 07","5.4474","5.6897","n/a","n/a","n/a","n/a"
"27 Jun 07","5.4389","5.6733","n/a","n/a","n/a","n/a"
"26 Jun 07","5.4826","5.7183","n/a","n/a","n/a","n/a"
"25 Jun 07","5.5005","5.7424","n/a","n/a","n/a","n/a"
"22 Jun 07","5.5367","5.7758","n/a","n/a","n/a","n/a"
"21 Jun 07","5.517","5.7607","n/a","n/a","n/a","n/a"
"20 Jun 07","5.5091","5.7455","n/a","n/a","n/a","n/a"
"19 Jun 07","5.4744","5.7041","n/a","n/a","n/a","n/a"
"18 Jun 07","5.4968","5.7268","n/a","n/a","n/a","n/a"
"15 Jun 07","5.4854","5.7133","n/a","n/a","n/a","n/a"
"14 Jun 07","5.4755","5.7057","n/a","n/a","n/a","n/a"
"13 Jun 07","5.4788","5.7381","n/a","n/a","n/a","n/a"
"12 Jun 07","5.4462","5.7098","n/a","n/a","n/a","n/a"
"11 Jun 07","5.3875","5.6413","n/a","n/a","n/a","n/a"
"08 Jun 07","5.3953","5.6458","n/a","n/a","n/a","n/a"
"07 Jun 07","5.3515","5.6098","n/a","n/a","n/a","n/a"
"06 Jun 07","5.2766","5.5488","n/a","n/a","n/a","n/a"
"05 Jun 07","5.3154","5.6006","n/a","n/a","n/a","n/a"
"04 Jun 07","5.2896","5.5893","n/a","n/a","n/a","n/a"
"01 Jun 07","5.2873","5.5814","n/a","n/a","n/a","n/a"
"31 May 07","5.2501","5.5393","n/a","n/a","n/a","n/a"
"30 May 07","5.2391","5.5216","n/a","n/a","n/a","n/a"
"29 May 07","5.2274","5.5187","n/a","n/a","n/a","n/a"
"25 May 07","5.2242","5.5159","n/a","n/a","n/a","n/a"
"24 May 07","5.1983","5.4963","n/a","n/a","n/a","n/a"
"23 May 07","5.2149","5.5039","n/a","n/a","n/a","n/a"
"22 May 07","5.1602","5.4423","n/a","n/a","n/a","n/a"
"21 May 07","5.1666","5.4358","n/a","n/a","n/a","n/a"
"18 May 07","5.1576","5.4212","n/a","n/a","n/a","n/a"
"17 May 07","5.1463","5.4168","n/a","n/a","n/a","n/a"
"16 May 07","5.0843","5.3391","n/a","n/a","n/a","n/a"
"15 May 07","5.1312","5.3758","n/a","n/a","n/a","n/a"
"14 May 07","5.1276","5.3772","n/a","n/a","n/a","n/a"
"11 May 07","5.0773","5.3321","n/a","n/a","n/a","n/a"
"10 May 07","5.1002","5.3484","n/a","n/a","n/a","n/a"
"09 May 07","5.0801","5.3339","n/a","n/a","n/a","n/a"
"08 May 07","5.0843","5.3391","n/a","n/a","n/a","n/a"
"04 May 07","5.1059","5.3511","n/a","n/a","n/a","n/a"
"03 May 07","5.1297","5.3704","n/a","n/a","n/a","n/a"
"02 May 07","5.0957","5.3415","n/a","n/a","n/a","n/a"
"01 May 07","5.0612","5.3145","n/a","n/a","n/a","n/a"
"30 Apr 07","5.036","5.2789","n/a","n/a","n/a","n/a"
"27 Apr 07","5.1082","5.3352","n/a","n/a","n/a","n/a"
"26 Apr 07","5.085","5.3196","n/a","n/a","n/a","n/a"
"25 Apr 07","5.0521","5.2965","n/a","n/a","n/a","n/a"
"24 Apr 07","5.0503","5.2882","n/a","n/a","n/a","n/a"
"23 Apr 07","5.0476","5.2845","n/a","n/a","n/a","n/a"
"20 Apr 07","5.0606","5.2979","n/a","n/a","n/a","n/a"
"19 Apr 07","5.0606","5.2934","n/a","n/a","n/a","n/a"
"18 Apr 07","5.0375","5.2765","n/a","n/a","n/a","n/a"
"17 Apr 07","5.0829","5.3199","n/a","n/a","n/a","n/a"
"16 Apr 07","5.0726","5.2981","n/a","n/a","n/a","n/a"
"13 Apr 07","5.0985","5.3068","n/a","n/a","n/a","n/a"
"12 Apr 07","5.0511","5.2724","n/a","n/a","n/a","n/a"
"11 Apr 07","5.0156","5.2409","n/a","n/a","n/a","n/a"
"10 Apr 07","5.0123","5.2371","n/a","n/a","n/a","n/a"
"05 Apr 07","4.9913","5.2197","n/a","n/a","n/a","n/a"
"04 Apr 07","4.985","5.2311","n/a","n/a","n/a","n/a"
"03 Apr 07","5.0162","5.2665","n/a","n/a","n/a","n/a"
"02 Apr 07","4.9703","5.2321","n/a","n/a","n/a","n/a"
"31 Mar 07","n/a","n/a","4.8606","5.1255","4.9613","5.2155"
"30 Mar 07","4.9613","5.2155","n/a","n/a","n/a","n/a"
"29 Mar 07","4.9481","5.2023","n/a","n/a","n/a","n/a"
"28 Mar 07","4.9203","5.1706","n/a","n/a","n/a","n/a"
"27 Mar 07","4.9316","5.1848","n/a","n/a","n/a","n/a"
"26 Mar 07","4.898","5.1591","n/a","n/a","n/a","n/a"
"23 Mar 07","4.8913","5.1525","n/a","n/a","n/a","n/a"
"22 Mar 07","4.8539","5.1147","n/a","n/a","n/a","n/a"
"21 Mar 07","4.8218","5.095","n/a","n/a","n/a","n/a"
"20 Mar 07","4.8232","5.097","n/a","n/a","n/a","n/a"
"19 Mar 07","4.8052","5.0599","n/a","n/a","n/a","n/a"
"16 Mar 07","4.7744","5.0218","n/a","n/a","n/a","n/a"
"15 Mar 07","4.7702","5.0137","n/a","n/a","n/a","n/a"
"14 Mar 07","4.7243","4.9688","n/a","n/a","n/a","n/a"
"13 Mar 07","4.7561","5.0003","n/a","n/a","n/a","n/a"
"12 Mar 07","4.7963","5.0394","n/a","n/a","n/a","n/a"
"09 Mar 07","4.8041","5.046","n/a","n/a","n/a","n/a"
"08 Mar 07","4.7607","5.0105","n/a","n/a","n/a","n/a"
"07 Mar 07","4.7555","5.0163","n/a","n/a","n/a","n/a"
"06 Mar 07","4.7533","5.0154","n/a","n/a","n/a","n/a"
"05 Mar 07","4.7401","5.0024","n/a","n/a","n/a","n/a"
"02 Mar 07","4.7637","5.0319","n/a","n/a","n/a","n/a"
"01 Mar 07","4.7744","5.0495","n/a","n/a","n/a","n/a"
"28 Feb 07","4.7825","5.0537","n/a","n/a","n/a","n/a"
"27 Feb 07","4.7889","5.0623","n/a","n/a","n/a","n/a"
"26 Feb 07","4.8259","5.0869","n/a","n/a","n/a","n/a"
"23 Feb 07","4.8539","5.121","n/a","n/a","n/a","n/a"
"22 Feb 07","4.899","5.1546","n/a","n/a","n/a","n/a"
"21 Feb 07","4.849","5.1126","n/a","n/a","n/a","n/a"
"20 Feb 07","4.8734","5.1328","n/a","n/a","n/a","n/a"
"19 Feb 07","4.8563","5.1202","n/a","n/a","n/a","n/a"
"16 Feb 07","4.8401","5.1043","n/a","n/a","n/a","n/a"
"15 Feb 07","4.8318","5.0906","n/a","n/a","n/a","n/a"
"14 Feb 07","4.9378","5.1794","n/a","n/a","n/a","n/a"
"13 Feb 07","4.9427","5.179","n/a","n/a","n/a","n/a"
"12 Feb 07","4.9697","5.2207","n/a","n/a","n/a","n/a"
"09 Feb 07","4.8915","5.1628","n/a","n/a","n/a","n/a"
"08 Feb 07","4.9054","5.1707","n/a","n/a","n/a","n/a"
"07 Feb 07","4.9472","5.2323","n/a","n/a","n/a","n/a"
"06 Feb 07","4.9718","5.2639","n/a","n/a","n/a","n/a"
"05 Feb 07","4.9735","5.2648","n/a","n/a","n/a","n/a"
"02 Feb 07","4.9875","5.2667","n/a","n/a","n/a","n/a"
"01 Feb 07","4.9919","5.2627","n/a","n/a","n/a","n/a"
"31 Jan 07","4.9633","5.2306","n/a","n/a","n/a","n/a"
"30 Jan 07","4.9747","5.2346","n/a","n/a","n/a","n/a"
"29 Jan 07","4.9978","5.2635","n/a","n/a","n/a","n/a"
"26 Jan 07","4.9708","5.2439","n/a","n/a","n/a","n/a"
"25 Jan 07","4.9517","5.2486","n/a","n/a","n/a","n/a"
"24 Jan 07","4.9007","5.2033","n/a","n/a","n/a","n/a"
"23 Jan 07","4.8874","5.2107","n/a","n/a","n/a","n/a"
"22 Jan 07","4.8774","5.1998","n/a","n/a","n/a","n/a"
"19 Jan 07","4.894","5.2009","n/a","n/a","n/a","n/a"
"18 Jan 07","4.8959","5.1933","n/a","n/a","n/a","n/a"
"17 Jan 07","4.8833","5.1773","n/a","n/a","n/a","n/a"
"16 Jan 07","4.8742","5.1489","n/a","n/a","n/a","n/a"
"15 Jan 07","4.8869","5.155","n/a","n/a","n/a","n/a"
"12 Jan 07","4.8915","5.1628","n/a","n/a","n/a","n/a"
"11 Jan 07","4.8417","5.1196","n/a","n/a","n/a","n/a"
"10 Jan 07","4.796","5.0366","n/a","n/a","n/a","n/a"
"09 Jan 07","4.7884","5.0322","n/a","n/a","n/a","n/a"
"08 Jan 07","4.7769","5.0173","n/a","n/a","n/a","n/a"
"05 Jan 07","4.7901","5.0242","n/a","n/a","n/a","n/a"
"04 Jan 07","4.7612","5.0012","n/a","n/a","n/a","n/a"
"03 Jan 07","4.7771","5.0145","n/a","n/a","n/a","n/a"
"02 Jan 07","4.7469","5.0022","n/a","n/a","n/a","n/a"
"31 Dec 06","n/a","n/a","4.5922","4.8288","4.7293","4.9866"
"29 Dec 06","4.7293","4.9866","n/a","n/a","n/a","n/a"
"28 Dec 06","4.7765","5.0255","n/a","n/a","n/a","n/a"
"27 Dec 06","4.7727","5.0289","n/a","n/a","n/a","n/a"
"22 Dec 06","4.7188","4.9787","n/a","n/a","n/a","n/a"
"21 Dec 06","4.7148","4.9753","n/a","n/a","n/a","n/a"
"20 Dec 06","4.7007","4.9582","n/a","n/a","n/a","n/a"
"19 Dec 06","4.7231","4.9673","n/a","n/a","n/a","n/a"
"18 Dec 06","4.519","4.7861","n/a","n/a","n/a","n/a"
"15 Dec 06","4.6706","4.9188","n/a","n/a","n/a","n/a"
"14 Dec 06","4.6746","4.9195","n/a","n/a","n/a","n/a"
"13 Dec 06","4.6233","4.8685","n/a","n/a","n/a","n/a"
"12 Dec 06","4.6049","4.8493","n/a","n/a","n/a","n/a"
"11 Dec 06","4.5833","4.8169","n/a","n/a","n/a","n/a"
"08 Dec 06","4.5417","4.7751","n/a","n/a","n/a","n/a"
"07 Dec 06","4.5156","4.7465","n/a","n/a","n/a","n/a"
"06 Dec 06","4.4916","4.7192","n/a","n/a","n/a","n/a"
"05 Dec 06","4.4906","4.7185","n/a","n/a","n/a","n/a"
"04 Dec 06","4.4604","4.703","n/a","n/a","n/a","n/a"
"01 Dec 06","4.4588","4.7158","n/a","n/a","n/a","n/a"
"30 Nov 06","4.5024","4.7625","n/a","n/a","n/a","n/a"
"29 Nov 06","4.5343","4.7913","n/a","n/a","n/a","n/a"
"28 Nov 06","4.5287","4.7782","n/a","n/a","n/a","n/a"
"27 Nov 06","4.5649","4.81","n/a","n/a","n/a","n/a"
"24 Nov 06","4.5257","4.7751","n/a","n/a","n/a","n/a"
"23 Nov 06","4.5736","4.817","n/a","n/a","n/a","n/a"
"22 Nov 06","4.5515","4.7962","n/a","n/a","n/a","n/a"
"21 Nov 06","4.5466","4.7925","n/a","n/a","n/a","n/a"
"20 Nov 06","4.535","4.7775","n/a","n/a","n/a","n/a"
"17 Nov 06","4.5601","4.7944","n/a","n/a","n/a","n/a"
"16 Nov 06","4.5698","4.8049","n/a","n/a","n/a","n/a"
"15 Nov 06","4.5568","4.7942","n/a","n/a","n/a","n/a"
"14 Nov 06","4.5334","4.7874","n/a","n/a","n/a","n/a"
"13 Nov 06","4.5593","4.8219","n/a","n/a","n/a","n/a"
"10 Nov 06","4.519","4.7861","n/a","n/a","n/a","n/a"
"09 Nov 06","4.5409","4.8106","n/a","n/a","n/a","n/a"
"08 Nov 06","4.5683","4.8387","n/a","n/a","n/a","n/a"
"07 Nov 06","4.5454","4.8146","n/a","n/a","n/a","n/a"
"06 Nov 06","4.6048","4.8575","n/a","n/a","n/a","n/a"
"03 Nov 06","4.5111","4.7681","n/a","n/a","n/a","n/a"
"02 Nov 06","4.5526","4.7923","n/a","n/a","n/a","n/a"
"01 Nov 06","4.5111","4.7681","n/a","n/a","n/a","n/a"
"31 Oct 06","4.5111","4.7681","n/a","n/a","n/a","n/a"
"30 Oct 06","4.5609","4.8204","n/a","n/a","n/a","n/a"
"27 Oct 06","4.5956","4.84","n/a","n/a","n/a","n/a"
"26 Oct 06","4.6624","4.8917","n/a","n/a","n/a","n/a"
"25 Oct 06","4.7035","4.9266","n/a","n/a","n/a","n/a"
"24 Oct 06","4.7062","4.9223","n/a","n/a","n/a","n/a"
"23 Oct 06","4.7044","4.9171","n/a","n/a","n/a","n/a"
"20 Oct 06","4.694","4.8994","n/a","n/a","n/a","n/a"
"19 Oct 06","4.6697","4.8655","n/a","n/a","n/a","n/a"
"18 Oct 06","4.6523","4.8573","n/a","n/a","n/a","n/a"
"17 Oct 06","4.6362","4.8455","n/a","n/a","n/a","n/a"
"16 Oct 06","4.6502","4.8545","n/a","n/a","n/a","n/a"
"13 Oct 06","4.6519","4.8608","n/a","n/a","n/a","n/a"
"12 Oct 06","4.6238","4.8295","n/a","n/a","n/a","n/a"
"11 Oct 06","4.6188","4.8224","n/a","n/a","n/a","n/a"
"10 Oct 06","4.6156","4.8184","n/a","n/a","n/a","n/a"
"09 Oct 06","4.5631","4.7633","n/a","n/a","n/a","n/a"
"06 Oct 06","4.5684","4.7673","n/a","n/a","n/a","n/a"
"05 Oct 06","4.5251","4.7243","n/a","n/a","n/a","n/a"
"04 Oct 06","4.5332","4.7387","n/a","n/a","n/a","n/a"
"03 Oct 06","4.5591","4.76","n/a","n/a","n/a","n/a"
"02 Oct 06","4.5351","4.7257","n/a","n/a","n/a","n/a"
"30 Sep 06","n/a","n/a","4.6211","4.7633","4.5267","4.7062"
"29 Sep 06","4.5267","4.7062","n/a","n/a","n/a","n/a"
"28 Sep 06","4.4964","4.6768","n/a","n/a","n/a","n/a"
"27 Sep 06","4.4781","4.6716","n/a","n/a","n/a","n/a"
"26 Sep 06","4.4662","4.6746","n/a","n/a","n/a","n/a"
"25 Sep 06","4.4607","4.6735","n/a","n/a","n/a","n/a"
"22 Sep 06","4.5001","4.7093","n/a","n/a","n/a","n/a"
"21 Sep 06","4.5811","4.7949","n/a","n/a","n/a","n/a"
"20 Sep 06","4.6072","4.807","n/a","n/a","n/a","n/a"
"19 Sep 06","4.624","4.819","n/a","n/a","n/a","n/a"
"18 Sep 06","4.6536","4.8468","n/a","n/a","n/a","n/a"
"15 Sep 06","4.5813","4.7792","n/a","n/a","n/a","n/a"
"14 Sep 06","4.5782","4.7701","n/a","n/a","n/a","n/a"
"13 Sep 06","4.5757","4.7575","n/a","n/a","n/a","n/a"
"12 Sep 06","4.6157","4.7876","n/a","n/a","n/a","n/a"
"11 Sep 06","4.5739","4.7394","n/a","n/a","n/a","n/a"
"08 Sep 06","4.5428","4.7046","n/a","n/a","n/a","n/a"
"07 Sep 06","4.5686","4.7255","n/a","n/a","n/a","n/a"
"06 Sep 06","4.5751","4.7295","n/a","n/a","n/a","n/a"
"05 Sep 06","4.5539","4.7088","n/a","n/a","n/a","n/a"
"04 Sep 06","4.5319","4.6931","n/a","n/a","n/a","n/a"
"01 Sep 06","4.5058","4.6767","n/a","n/a","n/a","n/a"
"31 Aug 06","4.5182","4.698","n/a","n/a","n/a","n/a"
"30 Aug 06","4.5552","4.7229","n/a","n/a","n/a","n/a"
"29 Aug 06","4.5757","4.7368","n/a","n/a","n/a","n/a"
"25 Aug 06","4.5755","4.7283","n/a","n/a","n/a","n/a"
"24 Aug 06","4.5837","4.7301","n/a","n/a","n/a","n/a"
"23 Aug 06","4.5838","4.7256","n/a","n/a","n/a","n/a"
"22 Aug 06","4.5654","4.7067","n/a","n/a","n/a","n/a"
"21 Aug 06","4.5983","4.7443","n/a","n/a","n/a","n/a"
"18 Aug 06","4.64","4.7845","n/a","n/a","n/a","n/a"
"17 Aug 06","4.6892","4.8252","n/a","n/a","n/a","n/a"
"16 Aug 06","4.7171","4.8579","n/a","n/a","n/a","n/a"
"15 Aug 06","4.7453","4.9073","n/a","n/a","n/a","n/a"
"14 Aug 06","4.7745","4.937","n/a","n/a","n/a","n/a"
"11 Aug 06","4.7575","4.9093","n/a","n/a","n/a","n/a"
"10 Aug 06","4.7089","4.8653","n/a","n/a","n/a","n/a"
"09 Aug 06","4.6886","4.8493","n/a","n/a","n/a","n/a"
"08 Aug 06","4.6752","4.8471","n/a","n/a","n/a","n/a"
"07 Aug 06","4.6812","4.8408","n/a","n/a","n/a","n/a"
"04 Aug 06","4.7096","4.8539","n/a","n/a","n/a","n/a"
"03 Aug 06","4.7432","4.8612","n/a","n/a","n/a","n/a"
"02 Aug 06","4.6598","4.7587","n/a","n/a","n/a","n/a"
"01 Aug 06","4.6302","4.7356","n/a","n/a","n/a","n/a"
"31 Jul 06","4.6173","4.7202","n/a","n/a","n/a","n/a"
"28 Jul 06","4.6061","4.7045","n/a","n/a","n/a","n/a"
"27 Jul 06","4.628","4.7274","n/a","n/a","n/a","n/a"
"26 Jul 06","4.6658","4.7569","n/a","n/a","n/a","n/a"
"25 Jul 06","4.641","4.7418","n/a","n/a","n/a","n/a"
"24 Jul 06","4.6107","4.7148","n/a","n/a","n/a","n/a"
"21 Jul 06","4.6196","4.7259","n/a","n/a","n/a","n/a"
"20 Jul 06","4.6373","4.7525","n/a","n/a","n/a","n/a"
"19 Jul 06","4.6417","4.7577","n/a","n/a","n/a","n/a"
"18 Jul 06","4.6694","4.779","n/a","n/a","n/a","n/a"
"17 Jul 06","4.6305","4.7186","n/a","n/a","n/a","n/a"
"14 Jul 06","4.5941","4.6883","n/a","n/a","n/a","n/a"
"13 Jul 06","4.6514","4.7406","n/a","n/a","n/a","n/a"
"12 Jul 06","4.6852","4.7722","n/a","n/a","n/a","n/a"
"11 Jul 06","4.648","4.7375","n/a","n/a","n/a","n/a"
"10 Jul 06","4.6774","4.7608","n/a","n/a","n/a","n/a"
"07 Jul 06","4.6606","4.7417","n/a","n/a","n/a","n/a"
"06 Jul 06","4.6996","4.7867","n/a","n/a","n/a","n/a"
"05 Jul 06","4.7371","4.8217","n/a","n/a","n/a","n/a"
"04 Jul 06","4.7031","4.7915","n/a","n/a","n/a","n/a"
"03 Jul 06","4.7516","4.8326","n/a","n/a","n/a","n/a"
"30 Jun 06","4.7197","4.7921","4.6158","4.6779","4.7197","4.7921"
"29 Jun 06","4.729","4.816","n/a","n/a","n/a","n/a"
"28 Jun 06","4.7553","4.8494","n/a","n/a","n/a","n/a"
"27 Jun 06","4.7468","4.8425","n/a","n/a","n/a","n/a"
"26 Jun 06","4.7459","4.8464","n/a","n/a","n/a","n/a"
"23 Jun 06","4.7587","4.8482","n/a","n/a","n/a","n/a"
"22 Jun 06","4.745","4.829","n/a","n/a","n/a","n/a"
"21 Jun 06","4.7323","4.8241","n/a","n/a","n/a","n/a"
"20 Jun 06","4.7306","4.8284","n/a","n/a","n/a","n/a"
"19 Jun 06","4.675","4.7753","n/a","n/a","n/a","n/a"
"16 Jun 06","4.621","4.7231","n/a","n/a","n/a","n/a"
"15 Jun 06","4.634","4.7301","n/a","n/a","n/a","n/a"
"14 Jun 06","4.5463","4.6399","n/a","n/a","n/a","n/a"
"13 Jun 06","4.5316","4.6225","n/a","n/a","n/a","n/a"
"12 Jun 06","4.5601","4.6412","n/a","n/a","n/a","n/a"
"09 Jun 06","4.5836","4.6576","n/a","n/a","n/a","n/a"
"08 Jun 06","4.6246","4.6905","n/a","n/a","n/a","n/a"
"07 Jun 06","4.6449","4.7205","n/a","n/a","n/a","n/a"
"06 Jun 06","4.672","4.7364","n/a","n/a","n/a","n/a"
"05 Jun 06","4.6148","4.6877","n/a","n/a","n/a","n/a"
"02 Jun 06","4.5992","4.676","n/a","n/a","n/a","n/a"
"01 Jun 06","4.6494","4.7219","n/a","n/a","n/a","n/a"
"31 May 06","4.6045","4.6857","n/a","n/a","n/a","n/a"
"30 May 06","4.5855","4.6695","n/a","n/a","n/a","n/a"
"26 May 06","4.5604","4.6461","n/a","n/a","n/a","n/a"
"25 May 06","4.5508","4.6373","n/a","n/a","n/a","n/a"
"24 May 06","4.5875","4.6777","n/a","n/a","n/a","n/a"
"23 May 06","4.6278","4.7154","n/a","n/a","n/a","n/a"
"22 May 06","4.5711","4.6743","n/a","n/a","n/a","n/a"
"19 May 06","4.6099","4.7175","n/a","n/a","n/a","n/a"
"18 May 06","4.5822","4.7027","n/a","n/a","n/a","n/a"
"17 May 06","4.7088","4.8026","n/a","n/a","n/a","n/a"
"16 May 06","4.624","4.7249","n/a","n/a","n/a","n/a"
"15 May 06","4.6859","4.7632","n/a","n/a","n/a","n/a"
"12 May 06","4.7491","4.82","n/a","n/a","n/a","n/a"
"11 May 06","4.7368","4.7946","n/a","n/a","n/a","n/a"
"10 May 06","4.6977","4.7482","n/a","n/a","n/a","n/a"
"09 May 06","4.7208","4.785","n/a","n/a","n/a","n/a"
"08 May 06","4.711","4.7725","n/a","n/a","n/a","n/a"
"05 May 06","4.6914","4.7494","n/a","n/a","n/a","n/a"
"04 May 06","4.7038","4.7608","n/a","n/a","n/a","n/a"
"03 May 06","4.6706","4.7205","n/a","n/a","n/a","n/a"
"02 May 06","4.6461","4.6845","n/a","n/a","n/a","n/a"
"28 Apr 06","4.6417","4.6607","n/a","n/a","n/a","n/a"
"27 Apr 06","4.6626","4.6764","n/a","n/a","n/a","n/a"
"26 Apr 06","4.6862","4.6914","n/a","n/a","n/a","n/a"
"25 Apr 06","4.6423","4.645","n/a","n/a","n/a","n/a"
"24 Apr 06","4.5805","4.5811","n/a","n/a","n/a","n/a"
"21 Apr 06","4.5485","4.5503","n/a","n/a","n/a","n/a"
"20 Apr 06","4.5162","4.5264","n/a","n/a","n/a","n/a"
"19 Apr 06","4.5223","4.5424","n/a","n/a","n/a","n/a"
"18 Apr 06","4.5272","4.5417","n/a","n/a","n/a","n/a"
"13 Apr 06","4.5354","4.5488","n/a","n/a","n/a","n/a"
"12 Apr 06","4.4646","4.478","n/a","n/a","n/a","n/a"
"11 Apr 06","4.4566","4.4736","n/a","n/a","n/a","n/a"
"10 Apr 06","4.4478","4.466","n/a","n/a","n/a","n/a"
"07 Apr 06","4.4169","4.4386","n/a","n/a","n/a","n/a"
"06 Apr 06","4.4294","4.4467","n/a","n/a","n/a","n/a"
"05 Apr 06","4.3939","4.4182","n/a","n/a","n/a","n/a"
"04 Apr 06","4.4259","4.4604","n/a","n/a","n/a","n/a"
"03 Apr 06","4.4198","4.454","n/a","n/a","n/a","n/a"
"31 Mar 06","4.3993","4.444","4.187","4.2546","4.3993","4.444"
"30 Mar 06","4.3917","4.4422","n/a","n/a","n/a","n/a"
"29 Mar 06","4.3907","4.4407","n/a","n/a","n/a","n/a"
"28 Mar 06","4.396","4.4373","n/a","n/a","n/a","n/a"
"27 Mar 06","4.3427","4.3945","n/a","n/a","n/a","n/a"
"24 Mar 06","4.3312","4.3935","n/a","n/a","n/a","n/a"
"23 Mar 06","4.3368","4.3997","n/a","n/a","n/a","n/a"
"22 Mar 06","4.3243","4.3846","n/a","n/a","n/a","n/a"
"21 Mar 06","4.3612","4.403","n/a","n/a","n/a","n/a"
"20 Mar 06","4.3449","4.3816","n/a","n/a","n/a","n/a"
"17 Mar 06","4.3652","4.3981","n/a","n/a","n/a","n/a"
"16 Mar 06","4.3123","4.3601","n/a","n/a","n/a","n/a"
"15 Mar 06","4.3202","4.3706","n/a","n/a","n/a","n/a"
"14 Mar 06","4.3074","4.3613","n/a","n/a","n/a","n/a"
"13 Mar 06","4.3456","4.4015","n/a","n/a","n/a","n/a"
"10 Mar 06","4.342","4.3873","n/a","n/a","n/a","n/a"
"09 Mar 06","4.3065","4.3597","n/a","n/a","n/a","n/a"
"08 Mar 06","4.2754","4.3419","n/a","n/a","n/a","n/a"
"07 Mar 06","4.2489","4.3372","n/a","n/a","n/a","n/a"
"06 Mar 06","4.2448","4.3306","n/a","n/a","n/a","n/a"
"03 Mar 06","4.2454","4.336","n/a","n/a","n/a","n/a"
"02 Mar 06","4.2158","4.3016","n/a","n/a","n/a","n/a"
"01 Mar 06","4.159","4.2524","n/a","n/a","n/a","n/a"
"28 Feb 06","4.1768","4.262","n/a","n/a","n/a","n/a"
"27 Feb 06","4.2104","4.2898","n/a","n/a","n/a","n/a"
"24 Feb 06","4.1589","4.2372","n/a","n/a","n/a","n/a"
"23 Feb 06","4.1032","4.184","n/a","n/a","n/a","n/a"
"22 Feb 06","4.0807","4.1626","n/a","n/a","n/a","n/a"
"21 Feb 06","4.0983","4.1573","n/a","n/a","n/a","n/a"
"20 Feb 06","4.0874","4.1488","n/a","n/a","n/a","n/a"
"17 Feb 06","4.1015","4.1525","n/a","n/a","n/a","n/a"
"16 Feb 06","4.1412","4.1805","n/a","n/a","n/a","n/a"
"15 Feb 06","4.1805","4.2112","n/a","n/a","n/a","n/a"
"14 Feb 06","4.1475","4.1711","n/a","n/a","n/a","n/a"
"13 Feb 06","4.1791","4.2235","n/a","n/a","n/a","n/a"
"10 Feb 06","4.1345","4.198","n/a","n/a","n/a","n/a"
"09 Feb 06","4.1493","4.2043","n/a","n/a","n/a","n/a"
"08 Feb 06","4.2026","4.2458","n/a","n/a","n/a","n/a"
"07 Feb 06","4.2061","4.257","n/a","n/a","n/a","n/a"
"06 Feb 06","4.1797","4.257","n/a","n/a","n/a","n/a"
"03 Feb 06","4.1722","4.2516","n/a","n/a","n/a","n/a"
"02 Feb 06","4.2","4.2863","n/a","n/a","n/a","n/a"
"01 Feb 06","4.1755","4.2653","n/a","n/a","n/a","n/a"
"31 Jan 06","4.1362","4.2198","n/a","n/a","n/a","n/a"
"30 Jan 06","4.1613","4.2305","n/a","n/a","n/a","n/a"
"27 Jan 06","4.1842","4.2534","n/a","n/a","n/a","n/a"
"26 Jan 06","4.1633","4.2507","n/a","n/a","n/a","n/a"
"25 Jan 06","4.0974","4.2131","n/a","n/a","n/a","n/a"
"24 Jan 06","4.0237","4.1517","n/a","n/a","n/a","n/a"
"23 Jan 06","4.0055","4.1289","n/a","n/a","n/a","n/a"
"20 Jan 06","4.0281","4.1428","n/a","n/a","n/a","n/a"
"19 Jan 06","4.0276","4.1308","n/a","n/a","n/a","n/a"
"18 Jan 06","3.9611","4.0721","n/a","n/a","n/a","n/a"
"17 Jan 06","3.977","4.0685","n/a","n/a","n/a","n/a"
"16 Jan 06","4.0397","4.1144","n/a","n/a","n/a","n/a"
"13 Jan 06","4.0477","4.1239","n/a","n/a","n/a","n/a"
"12 Jan 06","4.0731","4.1507","n/a","n/a","n/a","n/a"
"11 Jan 06","4.1087","4.179","n/a","n/a","n/a","n/a"
"10 Jan 06","4.1313","4.1991","n/a","n/a","n/a","n/a"
"09 Jan 06","4.097","4.1652","n/a","n/a","n/a","n/a"
"06 Jan 06","4.07","4.1311","n/a","n/a","n/a","n/a"
"05 Jan 06","4.067","4.1137","n/a","n/a","n/a","n/a"
"04 Jan 06","4.0715","4.1067","n/a","n/a","n/a","n/a"
"03 Jan 06","4.1069","4.14","n/a","n/a","n/a","n/a"
"31 Dec 05","n/a","n/a","4.2947","4.3003","4.0987","4.1458"
"30 Dec 05","4.0987","4.1458","n/a","n/a","n/a","n/a"
"29 Dec 05","4.1231","4.1628","n/a","n/a","n/a","n/a"
"28 Dec 05","4.114","4.1551","n/a","n/a","n/a","n/a"
"23 Dec 05","4.1789","4.2051","n/a","n/a","n/a","n/a"
"22 Dec 05","4.184","4.2117","n/a","n/a","n/a","n/a"
"21 Dec 05","4.2105","4.2442","n/a","n/a","n/a","n/a"
"20 Dec 05","4.174","4.2215","n/a","n/a","n/a","n/a"
"19 Dec 05","4.1896","4.2361","n/a","n/a","n/a","n/a"
"16 Dec 05","4.2306","4.2935","n/a","n/a","n/a","n/a"
"15 Dec 05","4.2772","4.3267","n/a","n/a","n/a","n/a"
"14 Dec 05","4.2761","4.3194","n/a","n/a","n/a","n/a"
"13 Dec 05","4.287","4.3326","n/a","n/a","n/a","n/a"
"12 Dec 05","4.294","4.3481","n/a","n/a","n/a","n/a"
"09 Dec 05","4.323","4.3707","n/a","n/a","n/a","n/a"
"08 Dec 05","4.2421","4.2846","n/a","n/a","n/a","n/a"
"07 Dec 05","4.2651","4.3012","n/a","n/a","n/a","n/a"
"06 Dec 05","4.2376","4.2608","n/a","n/a","n/a","n/a"
"05 Dec 05","4.269","4.283","n/a","n/a","n/a","n/a"
"02 Dec 05","4.2183","4.2412","n/a","n/a","n/a","n/a"
"01 Dec 05","4.1797","4.2107","n/a","n/a","n/a","n/a"
"30 Nov 05","4.2177","4.252","n/a","n/a","n/a","n/a"
"29 Nov 05","4.2386","4.2619","n/a","n/a","n/a","n/a"
"28 Nov 05","4.2016","4.2231","n/a","n/a","n/a","n/a"
"25 Nov 05","4.1979","4.2211","n/a","n/a","n/a","n/a"
"24 Nov 05","4.2002","4.2206","n/a","n/a","n/a","n/a"
"23 Nov 05","4.2436","4.2586","n/a","n/a","n/a","n/a"
"22 Nov 05","4.2381","4.2542","n/a","n/a","n/a","n/a"
"21 Nov 05","4.2153","4.2385","n/a","n/a","n/a","n/a"
"18 Nov 05","4.2617","4.2827","n/a","n/a","n/a","n/a"
"17 Nov 05","4.2263","4.2533","n/a","n/a","n/a","n/a"
"16 Nov 05","4.2004","4.2458","n/a","n/a","n/a","n/a"
"15 Nov 05","4.3317","4.3721","n/a","n/a","n/a","n/a"
"14 Nov 05","4.4182","4.4413","n/a","n/a","n/a","n/a"
"11 Nov 05","4.4312","4.4542","n/a","n/a","n/a","n/a"
"10 Nov 05","4.4254","4.4452","n/a","n/a","n/a","n/a"
"09 Nov 05","4.4337","4.4492","n/a","n/a","n/a","n/a"
"08 Nov 05","4.3914","4.4082","n/a","n/a","n/a","n/a"
"07 Nov 05","4.4166","4.4323","n/a","n/a","n/a","n/a"
"04 Nov 05","4.4291","4.4448","n/a","n/a","n/a","n/a"
"03 Nov 05","4.4318","4.444","n/a","n/a","n/a","n/a"
"02 Nov 05","4.4003","4.4099","n/a","n/a","n/a","n/a"
"01 Nov 05","4.3328","4.349","n/a","n/a","n/a","n/a"
"31 Oct 05","4.3297","4.3325","n/a","n/a","n/a","n/a"
"28 Oct 05","4.3518","4.3531","n/a","n/a","n/a","n/a"
"27 Oct 05","4.4022","4.3789","n/a","n/a","n/a","n/a"
"26 Oct 05","4.4268","4.3979","n/a","n/a","n/a","n/a"
"25 Oct 05","4.409","4.3821","n/a","n/a","n/a","n/a"
"24 Oct 05","4.3571","4.3329","n/a","n/a","n/a","n/a"
"21 Oct 05","4.3672","4.3396","n/a","n/a","n/a","n/a"
"20 Oct 05","4.4054","4.3776","n/a","n/a","n/a","n/a"
"19 Oct 05","4.3733","4.3267","n/a","n/a","n/a","n/a"
"18 Oct 05","4.4039","4.3451","n/a","n/a","n/a","n/a"
"17 Oct 05","4.4221","4.3692","n/a","n/a","n/a","n/a"
"14 Oct 05","4.415","4.3554","n/a","n/a","n/a","n/a"
"13 Oct 05","4.3981","4.3336","n/a","n/a","n/a","n/a"
"12 Oct 05","4.328","4.2695","n/a","n/a","n/a","n/a"
"11 Oct 05","4.2775","4.2191","n/a","n/a","n/a","n/a"
"10 Oct 05","4.2578","4.1925","n/a","n/a","n/a","n/a"
"07 Oct 05","4.2708","4.2091","n/a","n/a","n/a","n/a"
"06 Oct 05","4.2597","4.1995","n/a","n/a","n/a","n/a"
"05 Oct 05","4.2653","4.2128","n/a","n/a","n/a","n/a"
"04 Oct 05","4.2816","4.2253","n/a","n/a","n/a","n/a"
"03 Oct 05","4.3103","4.2475","n/a","n/a","n/a","n/a"
"30 Sep 05","4.2863","4.2301","4.2786","4.2121","4.2863","4.2301"
"29 Sep 05","4.2642","4.2136","n/a","n/a","n/a","n/a"
"28 Sep 05","4.2664","4.2297","n/a","n/a","n/a","n/a"
"27 Sep 05","4.2915","4.2524","n/a","n/a","n/a","n/a"
"26 Sep 05","4.2905","4.2362","n/a","n/a","n/a","n/a"
"23 Sep 05","4.2142","4.1652","n/a","n/a","n/a","n/a"
"22 Sep 05","4.1805","4.1312","n/a","n/a","n/a","n/a"
"21 Sep 05","4.1621","4.1189","n/a","n/a","n/a","n/a"
"20 Sep 05","4.223","4.1768","n/a","n/a","n/a","n/a"
"19 Sep 05","4.2211","4.1718","n/a","n/a","n/a","n/a"
"16 Sep 05","4.2477","4.2027","n/a","n/a","n/a","n/a"
"15 Sep 05","4.1951","4.1529","n/a","n/a","n/a","n/a"
"14 Sep 05","4.1822","4.146","n/a","n/a","n/a","n/a"
"13 Sep 05","4.1968","4.1544","n/a","n/a","n/a","n/a"
"12 Sep 05","4.2368","4.1999","n/a","n/a","n/a","n/a"
"09 Sep 05","4.1626","4.1186","n/a","n/a","n/a","n/a"
"08 Sep 05","4.1939","4.1481","n/a","n/a","n/a","n/a"
"07 Sep 05","4.2178","4.1664","n/a","n/a","n/a","n/a"
"06 Sep 05","4.1946","4.1383","n/a","n/a","n/a","n/a"
"05 Sep 05","4.1501","4.1006","n/a","n/a","n/a","n/a"
"02 Sep 05","4.1422","4.0945","n/a","n/a","n/a","n/a"
"01 Sep 05","4.12","4.068","n/a","n/a","n/a","n/a"
"31 Aug 05","4.1606","4.1056","n/a","n/a","n/a","n/a"
"30 Aug 05","4.1815","4.1311","n/a","n/a","n/a","n/a"
"26 Aug 05","4.2187","4.1705","n/a","n/a","n/a","n/a"
"25 Aug 05","4.238","4.1751","n/a","n/a","n/a","n/a"
"24 Aug 05","4.2619","4.1986","n/a","n/a","n/a","n/a"
"23 Aug 05","4.2728","4.2116","n/a","n/a","n/a","n/a"
"22 Aug 05","4.2903","4.2302","n/a","n/a","n/a","n/a"
"19 Aug 05","4.2948","4.2437","n/a","n/a","n/a","n/a"
"18 Aug 05","4.2774","4.2367","n/a","n/a","n/a","n/a"
"17 Aug 05","4.3129","4.2657","n/a","n/a","n/a","n/a"
"16 Aug 05","4.3249","4.275","n/a","n/a","n/a","n/a"
"15 Aug 05","4.3413","4.3032","n/a","n/a","n/a","n/a"
"12 Aug 05","4.3504","4.3139","n/a","n/a","n/a","n/a"
"11 Aug 05","4.4175","4.3717","n/a","n/a","n/a","n/a"
"10 Aug 05","4.4116","4.3637","n/a","n/a","n/a","n/a"
"09 Aug 05","4.416","4.3493","n/a","n/a","n/a","n/a"
"08 Aug 05","4.4104","4.3443","n/a","n/a","n/a","n/a"
"05 Aug 05","4.4313","4.3601","n/a","n/a","n/a","n/a"
"04 Aug 05","4.3749","4.3027","n/a","n/a","n/a","n/a"
"03 Aug 05","4.3937","4.3331","n/a","n/a","n/a","n/a"
"02 Aug 05","4.393","4.3264","n/a","n/a","n/a","n/a"
"01 Aug 05","4.3727","4.3132","n/a","n/a","n/a","n/a"
"29 Jul 05","4.3257","4.2569","n/a","n/a","n/a","n/a"
"28 Jul 05","4.3202","4.2423","n/a","n/a","n/a","n/a"
"27 Jul 05","4.3099","4.2263","n/a","n/a","n/a","n/a"
"26 Jul 05","4.3175","4.2271","n/a","n/a","n/a","n/a"
"25 Jul 05","4.2918","4.1961","n/a","n/a","n/a","n/a"
"22 Jul 05","4.3038","4.2051","n/a","n/a","n/a","n/a"
"21 Jul 05","4.3675","4.2714","n/a","n/a","n/a","n/a"
"20 Jul 05","4.3572","4.2364","n/a","n/a","n/a","n/a"
"19 Jul 05","4.3378","4.221","n/a","n/a","n/a","n/a"
"18 Jul 05","4.303","4.1861","n/a","n/a","n/a","n/a"
"15 Jul 05","4.3469","4.2261","n/a","n/a","n/a","n/a"
"14 Jul 05","4.3542","4.2348","n/a","n/a","n/a","n/a"
"13 Jul 05","4.3261","4.2121","n/a","n/a","n/a","n/a"
"12 Jul 05","4.3157","4.2142","n/a","n/a","n/a","n/a"
"11 Jul 05","4.3001","4.1976","n/a","n/a","n/a","n/a"
"08 Jul 05","4.2217","4.1238","n/a","n/a","n/a","n/a"
"07 Jul 05","4.2109","4.1096","n/a","n/a","n/a","n/a"
"06 Jul 05","4.2929","4.2042","n/a","n/a","n/a","n/a"
"05 Jul 05","4.2738","4.1895","n/a","n/a","n/a","n/a"
"04 Jul 05","4.2287","4.1382","n/a","n/a","n/a","n/a"
"01 Jul 05","4.2167","4.1273","n/a","n/a","n/a","n/a"
"30 Jun 05","4.1824","4.0792","4.4392","4.3861","4.1824","4.0792"
"29 Jun 05","4.2262","4.1357","n/a","n/a","n/a","n/a"
"28 Jun 05","4.2392","4.1538","n/a","n/a","n/a","n/a"
"27 Jun 05","4.1893","4.1037","n/a","n/a","n/a","n/a"
"24 Jun 05","4.2332","4.1466","n/a","n/a","n/a","n/a"
"23 Jun 05","4.2706","4.1709","n/a","n/a","n/a","n/a"
"22 Jun 05","4.2663","4.1813","n/a","n/a","n/a","n/a"
"21 Jun 05","4.3575","4.2883","n/a","n/a","n/a","n/a"
"20 Jun 05","4.4241","4.3549","n/a","n/a","n/a","n/a"
"17 Jun 05","4.4014","4.3346","n/a","n/a","n/a","n/a"
"16 Jun 05","4.4211","4.3515","n/a","n/a","n/a","n/a"
"15 Jun 05","4.4002","4.3381","n/a","n/a","n/a","n/a"
"14 Jun 05","4.3303","4.2854","n/a","n/a","n/a","n/a"
"13 Jun 05","4.3002","4.244","n/a","n/a","n/a","n/a"
"10 Jun 05","4.2583","4.2094","n/a","n/a","n/a","n/a"
"09 Jun 05","4.2435","4.191","n/a","n/a","n/a","n/a"
"08 Jun 05","4.218","4.1627","n/a","n/a","n/a","n/a"
"07 Jun 05","4.2481","4.1871","n/a","n/a","n/a","n/a"
"06 Jun 05","4.2877","4.2226","n/a","n/a","n/a","n/a"
"03 Jun 05","4.2669","4.1989","n/a","n/a","n/a","n/a"
"02 Jun 05","4.2455","4.1807","n/a","n/a","n/a","n/a"
"01 Jun 05","4.2543","4.184","n/a","n/a","n/a","n/a"
"31 May 05","4.32","4.2508","n/a","n/a","n/a","n/a"
"27 May 05","4.3967","4.3262","n/a","n/a","n/a","n/a"
"26 May 05","4.3622","4.3025","n/a","n/a","n/a","n/a"
"25 May 05","4.3174","4.2555","n/a","n/a","n/a","n/a"
"24 May 05","4.3295","4.2697","n/a","n/a","n/a","n/a"
"23 May 05","4.3583","4.2978","n/a","n/a","n/a","n/a"
"20 May 05","4.3937","4.3354","n/a","n/a","n/a","n/a"
"19 May 05","4.3668","4.3112","n/a","n/a","n/a","n/a"
"18 May 05","4.3473","4.2903","n/a","n/a","n/a","n/a"
"17 May 05","4.3524","4.2999","n/a","n/a","n/a","n/a"
"16 May 05","4.3692","4.3154","n/a","n/a","n/a","n/a"
"13 May 05","4.3677","4.3011","n/a","n/a","n/a","n/a"
"12 May 05","4.4081","4.3461","n/a","n/a","n/a","n/a"
"11 May 05","4.4356","4.379","n/a","n/a","n/a","n/a"
"10 May 05","4.5047","4.4608","n/a","n/a","n/a","n/a"
"09 May 05","4.5593","4.5045","n/a","n/a","n/a","n/a"
"06 May 05","4.594","4.5394","n/a","n/a","n/a","n/a"
"05 May 05","4.5212","4.4773","n/a","n/a","n/a","n/a"
"04 May 05","4.5385","4.5019","n/a","n/a","n/a","n/a"
"03 May 05","4.5027","4.4752","n/a","n/a","n/a","n/a"
"29 Apr 05","4.5214","4.4955","n/a","n/a","n/a","n/a"
"28 Apr 05","4.5322","4.5009","n/a","n/a","n/a","n/a"
"27 Apr 05","4.5459","4.5231","n/a","n/a","n/a","n/a"
"26 Apr 05","4.5688","4.546","n/a","n/a","n/a","n/a"
"25 Apr 05","4.5708","4.5552","n/a","n/a","n/a","n/a"
"22 Apr 05","4.5875","4.5687","n/a","n/a","n/a","n/a"
"21 Apr 05","4.5788","4.5612","n/a","n/a","n/a","n/a"
"20 Apr 05","4.5854","4.5733","n/a","n/a","n/a","n/a"
"19 Apr 05","4.5846","4.5585","n/a","n/a","n/a","n/a"
"18 Apr 05","4.5743","4.5368","n/a","n/a","n/a","n/a"
"15 Apr 05","4.6048","4.5626","n/a","n/a","n/a","n/a"
"14 Apr 05","4.6478","4.605","n/a","n/a","n/a","n/a"
"13 Apr 05","4.6601","4.612","n/a","n/a","n/a","n/a"
"12 Apr 05","4.6799","4.6377","n/a","n/a","n/a","n/a"
"11 Apr 05","4.6771","4.6347","n/a","n/a","n/a","n/a"
"08 Apr 05","4.6844","4.6394","n/a","n/a","n/a","n/a"
"07 Apr 05","4.6448","4.605","n/a","n/a","n/a","n/a"
"06 Apr 05","4.6858","4.6495","n/a","n/a","n/a","n/a"
"05 Apr 05","4.705","4.6658","n/a","n/a","n/a","n/a"
"04 Apr 05","4.6865","4.6512","n/a","n/a","n/a","n/a"
"01 Apr 05","4.7324","4.6957","n/a","n/a","n/a","n/a"
"31 Mar 05","4.6874","4.6648","4.6446","4.6183","4.6874","4.6648"
"30 Mar 05","4.7277","4.7072","n/a","n/a","n/a","n/a"
"29 Mar 05","4.7766","4.7527","n/a","n/a","n/a","n/a"
"24 Mar 05","4.8035","4.7756","n/a","n/a","n/a","n/a"
"23 Mar 05","4.8325","4.7942","n/a","n/a","n/a","n/a"
"22 Mar 05","4.775","4.7386","n/a","n/a","n/a","n/a"
"21 Mar 05","4.8313","4.7928","n/a","n/a","n/a","n/a"
"18 Mar 05","4.8188","4.7882","n/a","n/a","n/a","n/a"
"17 Mar 05","4.7962","4.7708","n/a","n/a","n/a","n/a"
"16 Mar 05","4.7676","4.7576","n/a","n/a","n/a","n/a"
"15 Mar 05","4.773","4.7741","n/a","n/a","n/a","n/a"
"14 Mar 05","4.8368","4.8274","n/a","n/a","n/a","n/a"
"11 Mar 05","4.8372","4.8325","n/a","n/a","n/a","n/a"
"10 Mar 05","4.8559","4.8499","n/a","n/a","n/a","n/a"
"09 Mar 05","4.8451","4.8455","n/a","n/a","n/a","n/a"
"08 Mar 05","4.8223","4.831","n/a","n/a","n/a","n/a"
"07 Mar 05","4.7724","4.7801","n/a","n/a","n/a","n/a"
"04 Mar 05","4.7693","4.7753","n/a","n/a","n/a","n/a"
"03 Mar 05","4.8029","4.806","n/a","n/a","n/a","n/a"
"02 Mar 05","4.8218","4.8234","n/a","n/a","n/a","n/a"
"01 Mar 05","4.7638","4.7748","n/a","n/a","n/a","n/a"
"28 Feb 05","4.7104","4.733","n/a","n/a","n/a","n/a"
"25 Feb 05","4.7377","4.7521","n/a","n/a","n/a","n/a"
"24 Feb 05","4.7669","4.7811","n/a","n/a","n/a","n/a"
"23 Feb 05","4.7088","4.7149","n/a","n/a","n/a","n/a"
"22 Feb 05","4.6864","4.681","n/a","n/a","n/a","n/a"
"21 Feb 05","4.6834","4.6748","n/a","n/a","n/a","n/a"
"18 Feb 05","4.6437","4.6274","n/a","n/a","n/a","n/a"
"17 Feb 05","4.5843","4.5876","n/a","n/a","n/a","n/a"
"16 Feb 05","4.5524","4.5626","n/a","n/a","n/a","n/a"
"15 Feb 05","4.5507","4.5592","n/a","n/a","n/a","n/a"
"14 Feb 05","4.5447","4.5588","n/a","n/a","n/a","n/a"
"11 Feb 05","4.4999","4.5137","n/a","n/a","n/a","n/a"
"10 Feb 05","4.4723","4.4856","n/a","n/a","n/a","n/a"
"09 Feb 05","4.4534","4.483","n/a","n/a","n/a","n/a"
"08 Feb 05","4.4663","4.4732","n/a","n/a","n/a","n/a"
"07 Feb 05","4.4794","4.4658","n/a","n/a","n/a","n/a"
"04 Feb 05","4.5037","4.474","n/a","n/a","n/a","n/a"
"03 Feb 05","4.5852","4.5362","n/a","n/a","n/a","n/a"
"02 Feb 05","4.5713","4.5161","n/a","n/a","n/a","n/a"
"01 Feb 05","4.5679","4.5127","n/a","n/a","n/a","n/a"
"31 Jan 05","4.5847","4.5257","n/a","n/a","n/a","n/a"
"28 Jan 05","4.5856","4.5232","n/a","n/a","n/a","n/a"
"27 Jan 05","4.6132","4.549","n/a","n/a","n/a","n/a"
"26 Jan 05","4.5892","4.5282","n/a","n/a","n/a","n/a"
"25 Jan 05","4.5765","4.508","n/a","n/a","n/a","n/a"
"24 Jan 05","4.5848","4.5148","n/a","n/a","n/a","n/a"
"21 Jan 05","4.5908","4.5174","n/a","n/a","n/a","n/a"
"20 Jan 05","4.5952","4.5432","n/a","n/a","n/a","n/a"
"19 Jan 05","4.5567","4.5105","n/a","n/a","n/a","n/a"
"18 Jan 05","4.5355","4.4892","n/a","n/a","n/a","n/a"
"17 Jan 05","4.4797","4.4021","n/a","n/a","n/a","n/a"
"14 Jan 05","4.4891","4.4158","n/a","n/a","n/a","n/a"
"13 Jan 05","4.4796","4.4051","n/a","n/a","n/a","n/a"
"12 Jan 05","4.5121","4.4418","n/a","n/a","n/a","n/a"
"11 Jan 05","4.5034","4.4385","n/a","n/a","n/a","n/a"
"10 Jan 05","4.4945","4.4306","n/a","n/a","n/a","n/a"
"07 Jan 05","4.5001","4.4402","n/a","n/a","n/a","n/a"
"06 Jan 05","4.5072","4.441","n/a","n/a","n/a","n/a"
"05 Jan 05","4.5381","4.4725","n/a","n/a","n/a","n/a"
"04 Jan 05","4.5215","4.4638","n/a","n/a","n/a","n/a"
"31 Dec 04","4.5298","4.476","4.6639","4.604","4.5298","4.476"
"30 Dec 04","4.5742","4.5179","n/a","n/a","n/a","n/a"
"29 Dec 04","4.5779","4.5231","n/a","n/a","n/a","n/a"
"24 Dec 04","4.454","4.4126","n/a","n/a","n/a","n/a"
"23 Dec 04","4.4496","4.4107","n/a","n/a","n/a","n/a"
"22 Dec 04","4.4598","4.4298","n/a","n/a","n/a","n/a"
"21 Dec 04","4.4859","4.4696","n/a","n/a","n/a","n/a"
"20 Dec 04","4.4607","4.4569","n/a","n/a","n/a","n/a"
"17 Dec 04","4.4881","4.47","n/a","n/a","n/a","n/a"
"16 Dec 04","4.4689","4.4387","n/a","n/a","n/a","n/a"
"15 Dec 04","4.4567","4.4053","n/a","n/a","n/a","n/a"
"14 Dec 04","4.5086","4.4485","n/a","n/a","n/a","n/a"
"13 Dec 04","4.5085","4.4404","n/a","n/a","n/a","n/a"
"10 Dec 04","4.5236","4.4537","n/a","n/a","n/a","n/a"
"09 Dec 04","4.5276","4.4562","n/a","n/a","n/a","n/a"
"08 Dec 04","4.553","4.4815","n/a","n/a","n/a","n/a"
"07 Dec 04","4.5769","4.5007","n/a","n/a","n/a","n/a"
"06 Dec 04","4.6012","4.5266","n/a","n/a","n/a","n/a"
"03 Dec 04","4.6481","4.5749","n/a","n/a","n/a","n/a"
"02 Dec 04","4.6828","4.6139","n/a","n/a","n/a","n/a"
"01 Dec 04","4.6281","4.5628","n/a","n/a","n/a","n/a"
"30 Nov 04","4.6001","4.5176","n/a","n/a","n/a","n/a"
"29 Nov 04","4.6041","4.5118","n/a","n/a","n/a","n/a"
"26 Nov 04","4.5811","4.5052","n/a","n/a","n/a","n/a"
"25 Nov 04","4.583","4.5203","n/a","n/a","n/a","n/a"
"24 Nov 04","4.6223","4.571","n/a","n/a","n/a","n/a"
"23 Nov 04","4.6285","4.5835","n/a","n/a","n/a","n/a"
"22 Nov 04","4.6457","4.612","n/a","n/a","n/a","n/a"
"19 Nov 04","4.6895","4.6522","n/a","n/a","n/a","n/a"
"18 Nov 04","4.7133","4.6605","n/a","n/a","n/a","n/a"
"17 Nov 04","4.6607","4.6027","n/a","n/a","n/a","n/a"
"16 Nov 04","4.6273","4.5681","n/a","n/a","n/a","n/a"
"15 Nov 04","4.6447","4.5811","n/a","n/a","n/a","n/a"
"12 Nov 04","4.6641","4.5987","n/a","n/a","n/a","n/a"
"11 Nov 04","4.7012","4.6345","n/a","n/a","n/a","n/a"
"10 Nov 04","4.7558","4.6882","n/a","n/a","n/a","n/a"
"09 Nov 04","4.7629","4.7151","n/a","n/a","n/a","n/a"
"08 Nov 04","4.7897","4.7388","n/a","n/a","n/a","n/a"
"05 Nov 04","4.7996","4.746","n/a","n/a","n/a","n/a"
"04 Nov 04","4.7458","4.6872","n/a","n/a","n/a","n/a"
"03 Nov 04","4.8001","4.7326","n/a","n/a","n/a","n/a"
"02 Nov 04","4.818","4.7481","n/a","n/a","n/a","n/a"
"01 Nov 04","4.7498","4.6768","n/a","n/a","n/a","n/a"
"29 Oct 04","4.7444","4.6737","n/a","n/a","n/a","n/a"
"28 Oct 04","4.7586","4.6912","n/a","n/a","n/a","n/a"
"27 Oct 04","4.7223","4.6526","n/a","n/a","n/a","n/a"
"26 Oct 04","4.6986","4.6241","n/a","n/a","n/a","n/a"
"25 Oct 04","4.6877","4.6117","n/a","n/a","n/a","n/a"
"22 Oct 04","4.7058","4.6339","n/a","n/a","n/a","n/a"
"21 Oct 04","4.7074","4.6434","n/a","n/a","n/a","n/a"
"20 Oct 04","4.6936","4.621","n/a","n/a","n/a","n/a"
"19 Oct 04","4.7606","4.6972","n/a","n/a","n/a","n/a"
"18 Oct 04","4.7289","4.67","n/a","n/a","n/a","n/a"
"15 Oct 04","4.7414","4.6883","n/a","n/a","n/a","n/a"
"14 Oct 04","4.7368","4.6752","n/a","n/a","n/a","n/a"
"13 Oct 04","4.7619","4.691","n/a","n/a","n/a","n/a"
"12 Oct 04","4.7575","4.6825","n/a","n/a","n/a","n/a"
"11 Oct 04","4.8083","4.738","n/a","n/a","n/a","n/a"
"08 Oct 04","4.7991","4.7331","n/a","n/a","n/a","n/a"
"07 Oct 04","4.8685","4.7966","n/a","n/a","n/a","n/a"
"06 Oct 04","4.8408","4.7771","n/a","n/a","n/a","n/a"
"05 Oct 04","4.8467","4.7865","n/a","n/a","n/a","n/a"
"04 Oct 04","4.8957","4.8357","n/a","n/a","n/a","n/a"
"01 Oct 04","4.8707","4.8131","n/a","n/a","n/a","n/a"
"30 Sep 04","4.8375","4.7923","5.0088","5.0059","4.8375","4.7923"
"29 Sep 04","4.8344","4.7985","n/a","n/a","n/a","n/a"
"28 Sep 04","4.8152","4.8032","n/a","n/a","n/a","n/a"
"27 Sep 04","4.8003","4.7933","n/a","n/a","n/a","n/a"
"24 Sep 04","4.8339","4.8315","n/a","n/a","n/a","n/a"
"23 Sep 04","4.8136","4.8096","n/a","n/a","n/a","n/a"
"22 Sep 04","4.8355","4.8202","n/a","n/a","n/a","n/a"
"21 Sep 04","4.8877","4.8754","n/a","n/a","n/a","n/a"
"20 Sep 04","4.8992","4.8948","n/a","n/a","n/a","n/a"
"17 Sep 04","4.9195","4.913","n/a","n/a","n/a","n/a"
"16 Sep 04","4.9396","4.9342","n/a","n/a","n/a","n/a"
"15 Sep 04","4.9341","4.9048","n/a","n/a","n/a","n/a"
"14 Sep 04","4.9278","4.8868","n/a","n/a","n/a","n/a"
"13 Sep 04","4.9452","4.9082","n/a","n/a","n/a","n/a"
"10 Sep 04","4.9258","4.8908","n/a","n/a","n/a","n/a"
"09 Sep 04","4.9451","4.9152","n/a","n/a","n/a","n/a"
"08 Sep 04","4.9872","4.9527","n/a","n/a","n/a","n/a"
"07 Sep 04","4.9995","4.9597","n/a","n/a","n/a","n/a"
"06 Sep 04","4.9897","4.9451","n/a","n/a","n/a","n/a"
"03 Sep 04","5.0409","4.9998","n/a","n/a","n/a","n/a"
"02 Sep 04","4.9804","4.9406","n/a","n/a","n/a","n/a"
"01 Sep 04","4.9469","4.9086","n/a","n/a","n/a","n/a"
"31 Aug 04","4.9364","4.9102","n/a","n/a","n/a","n/a"
"27 Aug 04","4.9732","4.9546","n/a","n/a","n/a","n/a"
"26 Aug 04","4.9663","4.9559","n/a","n/a","n/a","n/a"
"25 Aug 04","4.9979","4.9826","n/a","n/a","n/a","n/a"
"24 Aug 04","5.0414","5.0268","n/a","n/a","n/a","n/a"
"23 Aug 04","5.053","5.0323","n/a","n/a","n/a","n/a"
"20 Aug 04","4.9657","4.9506","n/a","n/a","n/a","n/a"
"19 Aug 04","4.9871","4.9705","n/a","n/a","n/a","n/a"
"18 Aug 04","4.9914","4.9764","n/a","n/a","n/a","n/a"
"17 Aug 04","4.9994","4.9945","n/a","n/a","n/a","n/a"
"16 Aug 04","5.0116","5.0067","n/a","n/a","n/a","n/a"
"13 Aug 04","4.9631","4.9714","n/a","n/a","n/a","n/a"
"12 Aug 04","4.9701","4.9853","n/a","n/a","n/a","n/a"
"11 Aug 04","5.0107","5.0313","n/a","n/a","n/a","n/a"
"10 Aug 04","4.9644","4.9838","n/a","n/a","n/a","n/a"
"09 Aug 04","4.9886","5.0049","n/a","n/a","n/a","n/a"
"06 Aug 04","4.9528","4.9691","n/a","n/a","n/a","n/a"
"05 Aug 04","5.0269","5.0557","n/a","n/a","n/a","n/a"
"04 Aug 04","5.1083","5.149","n/a","n/a","n/a","n/a"
"03 Aug 04","5.1183","5.1586","n/a","n/a","n/a","n/a"
"02 Aug 04","5.1226","5.1565","n/a","n/a","n/a","n/a"
"30 Jul 04","5.121","5.154","n/a","n/a","n/a","n/a"
"29 Jul 04","5.2022","5.2268","n/a","n/a","n/a","n/a"
"28 Jul 04","5.2089","5.229","n/a","n/a","n/a","n/a"
"27 Jul 04","5.1862","5.2125","n/a","n/a","n/a","n/a"
"26 Jul 04","5.1653","5.1901","n/a","n/a","n/a","n/a"
"23 Jul 04","5.142","5.1692","n/a","n/a","n/a","n/a"
"22 Jul 04","5.1231","5.142","n/a","n/a","n/a","n/a"
"21 Jul 04","5.1499","5.151","n/a","n/a","n/a","n/a"
"20 Jul 04","5.0594","5.0556","n/a","n/a","n/a","n/a"
"19 Jul 04","5.0526","5.0519","n/a","n/a","n/a","n/a"
"16 Jul 04","5.0457","5.0427","n/a","n/a","n/a","n/a"
"15 Jul 04","5.1177","5.1307","n/a","n/a","n/a","n/a"
"14 Jul 04","5.1077","5.1256","n/a","n/a","n/a","n/a"
"13 Jul 04","5.1288","5.1452","n/a","n/a","n/a","n/a"
"12 Jul 04","5.0618","5.0835","n/a","n/a","n/a","n/a"
"09 Jul 04","5.0737","5.0898","n/a","n/a","n/a","n/a"
"08 Jul 04","5.054","5.0706","n/a","n/a","n/a","n/a"
"07 Jul 04","5.0544","5.0769","n/a","n/a","n/a","n/a"
"06 Jul 04","5.0769","5.0891","n/a","n/a","n/a","n/a"
"05 Jul 04","5.0755","5.0789","n/a","n/a","n/a","n/a"
"02 Jul 04","5.0611","5.0594","n/a","n/a","n/a","n/a"
"01 Jul 04","5.114","5.1051","n/a","n/a","n/a","n/a"
"30 Jun 04","5.1174","5.0932","5.0929","5.0432","5.1174","5.0932"
"29 Jun 04","5.1795","5.1629","n/a","n/a","n/a","n/a"
"28 Jun 04","5.183","5.1665","n/a","n/a","n/a","n/a"
"25 Jun 04","5.1403","5.134","n/a","n/a","n/a","n/a"
"24 Jun 04","5.1121","5.107","n/a","n/a","n/a","n/a"
"23 Jun 04","5.1728","5.1639","n/a","n/a","n/a","n/a"
"22 Jun 04","5.1945","5.2079","n/a","n/a","n/a","n/a"
"21 Jun 04","5.1791","5.1976","n/a","n/a","n/a","n/a"
"18 Jun 04","5.185","5.208","n/a","n/a","n/a","n/a"
"17 Jun 04","5.2378","5.2652","n/a","n/a","n/a","n/a"
"16 Jun 04","5.2161","5.2269","n/a","n/a","n/a","n/a"
"15 Jun 04","5.1661","5.1902","n/a","n/a","n/a","n/a"
"14 Jun 04","5.259","5.274","n/a","n/a","n/a","n/a"
"11 Jun 04","5.2483","5.2505","n/a","n/a","n/a","n/a"
"10 Jun 04","5.2247","5.2386","n/a","n/a","n/a","n/a"
"09 Jun 04","5.2578","5.272","n/a","n/a","n/a","n/a"
"08 Jun 04","5.2003","5.2205","n/a","n/a","n/a","n/a"
"07 Jun 04","5.2213","5.241","n/a","n/a","n/a","n/a"
"04 Jun 04","5.234","5.2498","n/a","n/a","n/a","n/a"
"03 Jun 04","5.2244","5.2358","n/a","n/a","n/a","n/a"
"02 Jun 04","5.2269","5.238","n/a","n/a","n/a","n/a"
"01 Jun 04","5.2198","5.2191","n/a","n/a","n/a","n/a"
"28 May 04","5.1697","5.1723","n/a","n/a","n/a","n/a"
"27 May 04","5.1127","5.1102","n/a","n/a","n/a","n/a"
"26 May 04","5.1298","5.1179","n/a","n/a","n/a","n/a"
"25 May 04","5.168","5.1486","n/a","n/a","n/a","n/a"
"24 May 04","5.1942","5.1705","n/a","n/a","n/a","n/a"
"21 May 04","5.161","5.139","n/a","n/a","n/a","n/a"
"20 May 04","5.1679","5.1384","n/a","n/a","n/a","n/a"
"19 May 04","5.1698","5.1319","n/a","n/a","n/a","n/a"
"18 May 04","5.1088","5.0571","n/a","n/a","n/a","n/a"
"17 May 04","5.0565","5.0091","n/a","n/a","n/a","n/a"
"14 May 04","5.1035","5.0575","n/a","n/a","n/a","n/a"
"13 May 04","5.1559","5.0951","n/a","n/a","n/a","n/a"
"12 May 04","5.1218","5.0503","n/a","n/a","n/a","n/a"
"11 May 04","5.0939","5.0098","n/a","n/a","n/a","n/a"
"10 May 04","5.1189","5.0372","n/a","n/a","n/a","n/a"
"07 May 04","5.1237","5.0351","n/a","n/a","n/a","n/a"
"06 May 04","5.0386","4.9325","n/a","n/a","n/a","n/a"
"05 May 04","4.9669","4.8608","n/a","n/a","n/a","n/a"
"04 May 04","4.9635","4.858","n/a","n/a","n/a","n/a"
"30 Apr 04","4.9973","4.8934","n/a","n/a","n/a","n/a"
"29 Apr 04","5.0173","4.9107","n/a","n/a","n/a","n/a"
"28 Apr 04","5.018","4.9119","n/a","n/a","n/a","n/a"
"27 Apr 04","5.004","4.9002","n/a","n/a","n/a","n/a"
"26 Apr 04","5.0052","4.8933","n/a","n/a","n/a","n/a"
"23 Apr 04","4.977","4.8513","n/a","n/a","n/a","n/a"
"22 Apr 04","4.971","4.8488","n/a","n/a","n/a","n/a"
"21 Apr 04","4.9935","4.8697","n/a","n/a","n/a","n/a"
"20 Apr 04","4.9864","4.8611","n/a","n/a","n/a","n/a"
"19 Apr 04","4.9614","4.8528","n/a","n/a","n/a","n/a"
"16 Apr 04","4.9333","4.8286","n/a","n/a","n/a","n/a"
"15 Apr 04","4.9722","4.8582","n/a","n/a","n/a","n/a"
"14 Apr 04","4.9999","4.8788","n/a","n/a","n/a","n/a"
"13 Apr 04","4.9806","4.8621","n/a","n/a","n/a","n/a"
"08 Apr 04","4.892","4.7755","n/a","n/a","n/a","n/a"
"07 Apr 04","4.8923","4.7911","n/a","n/a","n/a","n/a"
"06 Apr 04","4.9259","4.8254","n/a","n/a","n/a","n/a"
"05 Apr 04","4.9384","4.8385","n/a","n/a","n/a","n/a"
"02 Apr 04","4.8954","4.8038","n/a","n/a","n/a","n/a"
"01 Apr 04","4.7785","4.6853","n/a","n/a","n/a","n/a"
"31 Mar 04","4.756","4.6581","4.7649","4.6369","4.756","4.6581"
"30 Mar 04","4.7892","4.6814","n/a","n/a","n/a","n/a"
"29 Mar 04","4.789","4.6837","n/a","n/a","n/a","n/a"
"26 Mar 04","4.6811","4.5862","n/a","n/a","n/a","n/a"
"25 Mar 04","4.6674","4.579","n/a","n/a","n/a","n/a"
"24 Mar 04","4.6634","4.5805","n/a","n/a","n/a","n/a"
"23 Mar 04","4.6762","4.5925","n/a","n/a","n/a","n/a"
"22 Mar 04","4.6743","4.5872","n/a","n/a","n/a","n/a"
"19 Mar 04","4.6918","4.5972","n/a","n/a","n/a","n/a"
"18 Mar 04","4.6728","4.5678","n/a","n/a","n/a","n/a"
"17 Mar 04","4.6676","4.5599","n/a","n/a","n/a","n/a"
"16 Mar 04","4.6745","4.5622","n/a","n/a","n/a","n/a"
"15 Mar 04","4.6264","4.5124","n/a","n/a","n/a","n/a"
"12 Mar 04","4.6379","4.5172","n/a","n/a","n/a","n/a"
"11 Mar 04","4.6451","4.5348","n/a","n/a","n/a","n/a"
"10 Mar 04","4.6522","4.5549","n/a","n/a","n/a","n/a"
"09 Mar 04","4.6344","4.5297","n/a","n/a","n/a","n/a"
"08 Mar 04","4.6649","4.5473","n/a","n/a","n/a","n/a"
"05 Mar 04","4.7375","4.6134","n/a","n/a","n/a","n/a"
"04 Mar 04","4.8411","4.7247","n/a","n/a","n/a","n/a"
"03 Mar 04","4.8771","4.7577","n/a","n/a","n/a","n/a"
"02 Mar 04","4.789","4.6791","n/a","n/a","n/a","n/a"
"01 Mar 04","4.794","4.6836","n/a","n/a","n/a","n/a"
"27 Feb 04","4.7656","4.6361","n/a","n/a","n/a","n/a"
"26 Feb 04","4.8022","4.6662","n/a","n/a","n/a","n/a"
"25 Feb 04","4.7719","4.6296","n/a","n/a","n/a","n/a"
"24 Feb 04","4.7803","4.6405","n/a","n/a","n/a","n/a"
"23 Feb 04","4.8582","4.7028","n/a","n/a","n/a","n/a"
"20 Feb 04","4.8303","4.6796","n/a","n/a","n/a","n/a"
"19 Feb 04","4.8367","4.6882","n/a","n/a","n/a","n/a"
"18 Feb 04","4.7872","4.6329","n/a","n/a","n/a","n/a"
"17 Feb 04","4.74","4.5954","n/a","n/a","n/a","n/a"
"16 Feb 04","4.7548","4.6177","n/a","n/a","n/a","n/a"
"13 Feb 04","4.7533","4.6122","n/a","n/a","n/a","n/a"
"12 Feb 04","4.7651","4.6252","n/a","n/a","n/a","n/a"
"11 Feb 04","4.7591","4.6171","n/a","n/a","n/a","n/a"
"10 Feb 04","4.7879","4.6438","n/a","n/a","n/a","n/a"
"09 Feb 04","4.8074","4.6576","n/a","n/a","n/a","n/a"
"06 Feb 04","4.8214","4.6834","n/a","n/a","n/a","n/a"
"05 Feb 04","4.8546","4.7207","n/a","n/a","n/a","n/a"
"04 Feb 04","4.8561","4.7221","n/a","n/a","n/a","n/a"
"03 Feb 04","4.8896","4.7524","n/a","n/a","n/a","n/a"
"02 Feb 04","4.891","4.7632","n/a","n/a","n/a","n/a"
"30 Jan 04","4.8909","4.7699","n/a","n/a","n/a","n/a"
"29 Jan 04","4.9158","4.7972","n/a","n/a","n/a","n/a"
"28 Jan 04","4.8177","4.6931","n/a","n/a","n/a","n/a"
"27 Jan 04","4.8049","4.6859","n/a","n/a","n/a","n/a"
"26 Jan 04","4.8381","4.7093","n/a","n/a","n/a","n/a"
"23 Jan 04","4.7584","4.6339","n/a","n/a","n/a","n/a"
"22 Jan 04","4.791","4.635","n/a","n/a","n/a","n/a"
"21 Jan 04","4.7698","4.6131","n/a","n/a","n/a","n/a"
"20 Jan 04","4.7292","4.5821","n/a","n/a","n/a","n/a"
"19 Jan 04","4.7388","4.5762","n/a","n/a","n/a","n/a"
"16 Jan 04","4.7431","4.5798","n/a","n/a","n/a","n/a"
"15 Jan 04","4.7153","4.5681","n/a","n/a","n/a","n/a"
"14 Jan 04","4.6985","4.5409","n/a","n/a","n/a","n/a"
"13 Jan 04","4.681","4.5159","n/a","n/a","n/a","n/a"
"12 Jan 04","4.678","4.5208","n/a","n/a","n/a","n/a"
"09 Jan 04","4.7051","4.5613","n/a","n/a","n/a","n/a"
"08 Jan 04","4.8241","4.6984","n/a","n/a","n/a","n/a"
"07 Jan 04","4.8324","4.7118","n/a","n/a","n/a","n/a"
"06 Jan 04","4.8599","4.7312","n/a","n/a","n/a","n/a"
"05 Jan 04","4.8848","4.7477","n/a","n/a","n/a","n/a"
"02 Jan 04","4.8606","4.7142","n/a","n/a","n/a","n/a"
"31 Dec 03","4.7999","4.6459","4.9528","4.8131","4.7999","4.6459"
"30 Dec 03","4.8392","4.6784","n/a","n/a","n/a","n/a"
"29 Dec 03","4.7935","4.6294","n/a","n/a","n/a","n/a"
"24 Dec 03","4.7856","4.6218","n/a","n/a","n/a","n/a"
"23 Dec 03","4.787","4.6234","n/a","n/a","n/a","n/a"
"22 Dec 03","4.7964","4.6319","n/a","n/a","n/a","n/a"
"19 Dec 03","4.8146","4.6494","n/a","n/a","n/a","n/a"
"18 Dec 03","4.7739","4.6076","n/a","n/a","n/a","n/a"
"17 Dec 03","4.7713","4.6223","n/a","n/a","n/a","n/a"
"16 Dec 03","4.7941","4.6346","n/a","n/a","n/a","n/a"
"15 Dec 03","4.8611","4.7144","n/a","n/a","n/a","n/a"
"12 Dec 03","4.8683","4.7203","n/a","n/a","n/a","n/a"
"11 Dec 03","4.9679","4.8296","n/a","n/a","n/a","n/a"
"10 Dec 03","4.9343","4.793","n/a","n/a","n/a","n/a"
"09 Dec 03","4.9778","4.8326","n/a","n/a","n/a","n/a"
"08 Dec 03","4.9804","4.8157","n/a","n/a","n/a","n/a"
"05 Dec 03","4.9398","4.7918","n/a","n/a","n/a","n/a"
"04 Dec 03","5.0614","4.9179","n/a","n/a","n/a","n/a"
"03 Dec 03","5.0758","4.937","n/a","n/a","n/a","n/a"
"02 Dec 03","5.1032","4.9767","n/a","n/a","n/a","n/a"
"01 Dec 03","5.0906","4.9671","n/a","n/a","n/a","n/a"
"28 Nov 03","5.0815","4.9476","n/a","n/a","n/a","n/a"
"27 Nov 03","5.0679","4.9462","n/a","n/a","n/a","n/a"
"26 Nov 03","5.0271","4.9048","n/a","n/a","n/a","n/a"
"25 Nov 03","5.1158","4.9712","n/a","n/a","n/a","n/a"
"24 Nov 03","5.0993","4.948","n/a","n/a","n/a","n/a"
"21 Nov 03","5.0285","4.8831","n/a","n/a","n/a","n/a"
"20 Nov 03","5.0326","4.8951","n/a","n/a","n/a","n/a"
"19 Nov 03","5.0377","4.8909","n/a","n/a","n/a","n/a"
"18 Nov 03","4.968","4.8355","n/a","n/a","n/a","n/a"
"17 Nov 03","4.9808","4.8394","n/a","n/a","n/a","n/a"
"14 Nov 03","5.0139","4.8843","n/a","n/a","n/a","n/a"
"13 Nov 03","5.0353","4.907","n/a","n/a","n/a","n/a"
"12 Nov 03","5.0886","4.96","n/a","n/a","n/a","n/a"
"11 Nov 03","5.1092","4.9713","n/a","n/a","n/a","n/a"
"10 Nov 03","5.0987","4.9788","n/a","n/a","n/a","n/a"
"07 Nov 03","5.119","5.0257","n/a","n/a","n/a","n/a"
"06 Nov 03","5.1109","5.0198","n/a","n/a","n/a","n/a"
"05 Nov 03","5.0425","4.9667","n/a","n/a","n/a","n/a"
"04 Nov 03","5.0929","5.0152","n/a","n/a","n/a","n/a"
"03 Nov 03","5.15","5.0623","n/a","n/a","n/a","n/a"
"31 Oct 03","5.0501","4.9637","n/a","n/a","n/a","n/a"
"30 Oct 03","5.0915","5.0025","n/a","n/a","n/a","n/a"
"29 Oct 03","5.0838","5.0137","n/a","n/a","n/a","n/a"
"28 Oct 03","5.0378","4.9794","n/a","n/a","n/a","n/a"
"27 Oct 03","5.063","4.9769","n/a","n/a","n/a","n/a"
"24 Oct 03","5.0168","4.9327","n/a","n/a","n/a","n/a"
"23 Oct 03","4.9935","4.8954","n/a","n/a","n/a","n/a"
"22 Oct 03","4.9696","4.8739","n/a","n/a","n/a","n/a"
"21 Oct 03","4.9144","4.7897","n/a","n/a","n/a","n/a"
"20 Oct 03","4.9434","4.8289","n/a","n/a","n/a","n/a"
"17 Oct 03","4.9506","4.8294","n/a","n/a","n/a","n/a"
"16 Oct 03","4.9396","4.7802","n/a","n/a","n/a","n/a"
"15 Oct 03","4.9575","4.7873","n/a","n/a","n/a","n/a"
"14 Oct 03","4.9058","4.7347","n/a","n/a","n/a","n/a"
"13 Oct 03","4.8696","4.6777","n/a","n/a","n/a","n/a"
"10 Oct 03","4.7851","4.5984","n/a","n/a","n/a","n/a"
"09 Oct 03","4.8498","4.6497","n/a","n/a","n/a","n/a"
"08 Oct 03","4.8002","4.6031","n/a","n/a","n/a","n/a"
"07 Oct 03","4.786","4.5936","n/a","n/a","n/a","n/a"
"06 Oct 03","4.7588","4.587","n/a","n/a","n/a","n/a"
"03 Oct 03","4.7941","4.5988","n/a","n/a","n/a","n/a"
"02 Oct 03","4.7056","4.4812","n/a","n/a","n/a","n/a"
"01 Oct 03","4.5957","4.3641","n/a","n/a","n/a","n/a"
"30 Sep 03","4.595","4.3663","4.5715","4.2859","4.595","4.3663"
"29 Sep 03","4.6197","4.4069","n/a","n/a","n/a","n/a"
"26 Sep 03","4.589","4.3921","n/a","n/a","n/a","n/a"
"25 Sep 03","4.6558","4.4382","n/a","n/a","n/a","n/a"
"24 Sep 03","4.6724","4.4618","n/a","n/a","n/a","n/a"
"23 Sep 03","4.6567","4.4733","n/a","n/a","n/a","n/a"
"22 Sep 03","4.6718","4.487","n/a","n/a","n/a","n/a"
"19 Sep 03","4.6756","4.5012","n/a","n/a","n/a","n/a"
"18 Sep 03","4.6915","4.5149","n/a","n/a","n/a","n/a"
"17 Sep 03","4.7262","4.5364","n/a","n/a","n/a","n/a"
"16 Sep 03","4.7059","4.4858","n/a","n/a","n/a","n/a"
"15 Sep 03","4.6532","4.4159","n/a","n/a","n/a","n/a"
"12 Sep 03","4.9666","4.822","n/a","n/a","n/a","n/a"
"11 Sep 03","4.7381","4.4972","n/a","n/a","n/a","n/a"
"10 Sep 03","4.7177","4.4736","n/a","n/a","n/a","n/a"
"09 Sep 03","4.7721","4.5249","n/a","n/a","n/a","n/a"
"08 Sep 03","4.7105","4.4662","n/a","n/a","n/a","n/a"
"05 Sep 03","4.7569","4.5287","n/a","n/a","n/a","n/a"
"04 Sep 03","4.806","4.6158","n/a","n/a","n/a","n/a"
"03 Sep 03","4.8269","4.6426","n/a","n/a","n/a","n/a"
"02 Sep 03","4.8027","4.6093","n/a","n/a","n/a","n/a"
"01 Sep 03","4.6802","4.4965","n/a","n/a","n/a","n/a"
"29 Aug 03","4.6731","4.4841","n/a","n/a","n/a","n/a"
"28 Aug 03","4.6522","4.4668","n/a","n/a","n/a","n/a"
"27 Aug 03","4.7018","4.501","n/a","n/a","n/a","n/a"
"26 Aug 03","4.6744","4.4789","n/a","n/a","n/a","n/a"
"22 Aug 03","4.6699","4.4753","n/a","n/a","n/a","n/a"
"21 Aug 03","4.6749","4.4596","n/a","n/a","n/a","n/a"
"20 Aug 03","4.6502","4.4248","n/a","n/a","n/a","n/a"
"19 Aug 03","4.6209","4.3995","n/a","n/a","n/a","n/a"
"18 Aug 03","4.6277","4.3918","n/a","n/a","n/a","n/a"
"15 Aug 03","4.6384","4.3948","n/a","n/a","n/a","n/a"
"14 Aug 03","4.6745","4.437","n/a","n/a","n/a","n/a"
"13 Aug 03","4.6086","4.366","n/a","n/a","n/a","n/a"
"12 Aug 03","4.504","4.2922","n/a","n/a","n/a","n/a"
"11 Aug 03","4.4889","4.2542","n/a","n/a","n/a","n/a"
"08 Aug 03","4.4163","4.1714","n/a","n/a","n/a","n/a"
"07 Aug 03","4.4962","4.2618","n/a","n/a","n/a","n/a"
"06 Aug 03","4.5308","4.3033","n/a","n/a","n/a","n/a"
"05 Aug 03","4.5971","4.353","n/a","n/a","n/a","n/a"
"04 Aug 03","4.5678","4.3297","n/a","n/a","n/a","n/a"
"01 Aug 03","4.6125","4.3587","n/a","n/a","n/a","n/a"
"31 Jul 03","4.5967","4.2446","n/a","n/a","n/a","n/a"
"30 Jul 03","4.5152","4.1436","n/a","n/a","n/a","n/a"
"29 Jul 03","4.4887","4.1143","n/a","n/a","n/a","n/a"
"28 Jul 03","4.555","4.1614","n/a","n/a","n/a","n/a"
"25 Jul 03","4.4229","4.0439","n/a","n/a","n/a","n/a"
"24 Jul 03","4.5004","4.1005","n/a","n/a","n/a","n/a"
"23 Jul 03","4.4239","4.002","n/a","n/a","n/a","n/a"
"22 Jul 03","4.4598","4.0294","n/a","n/a","n/a","n/a"
"21 Jul 03","4.4805","4.0428","n/a","n/a","n/a","n/a"
"18 Jul 03","4.4336","3.9917","n/a","n/a","n/a","n/a"
"17 Jul 03","4.4529","4.0117","n/a","n/a","n/a","n/a"
"16 Jul 03","4.4093","3.9655","n/a","n/a","n/a","n/a"
"15 Jul 03","4.3699","3.9115","n/a","n/a","n/a","n/a"
"14 Jul 03","4.2735","3.8406","n/a","n/a","n/a","n/a"
"11 Jul 03","4.2883","3.8545","n/a","n/a","n/a","n/a"
"10 Jul 03","4.3058","3.8736","n/a","n/a","n/a","n/a"
"09 Jul 03","4.3693","3.9473","n/a","n/a","n/a","n/a"
"08 Jul 03","4.37","3.9578","n/a","n/a","n/a","n/a"
"07 Jul 03","4.369","3.9628","n/a","n/a","n/a","n/a"
"04 Jul 03","4.3444","3.9368","n/a","n/a","n/a","n/a"
"03 Jul 03","4.3869","3.977","n/a","n/a","n/a","n/a"
"02 Jul 03","4.3203","3.8873","n/a","n/a","n/a","n/a"
"01 Jul 03","4.2422","3.8212","n/a","n/a","n/a","n/a"
"30 Jun 03","4.2522","3.8549","4.2637","3.9011","4.2522","3.8549"
"27 Jun 03","4.3036","3.931","n/a","n/a","n/a","n/a"
"26 Jun 03","4.2581","3.9147","n/a","n/a","n/a","n/a"
"25 Jun 03","4.1338","3.7513","n/a","n/a","n/a","n/a"
"24 Jun 03","4.1629","3.7772","n/a","n/a","n/a","n/a"
"23 Jun 03","4.1338","3.7461","n/a","n/a","n/a","n/a"
"20 Jun 03","4.1528","3.7629","n/a","n/a","n/a","n/a"
"19 Jun 03","4.1498","3.7585","n/a","n/a","n/a","n/a"
"18 Jun 03","4.1291","3.7686","n/a","n/a","n/a","n/a"
"17 Jun 03","4.0381","3.6922","n/a","n/a","n/a","n/a"
"16 Jun 03","3.9685","3.6098","n/a","n/a","n/a","n/a"
"13 Jun 03","3.9515","3.5719","n/a","n/a","n/a","n/a"
"12 Jun 03","4.0104","3.614","n/a","n/a","n/a","n/a"
"11 Jun 03","3.9966","3.589","n/a","n/a","n/a","n/a"
"10 Jun 03","4.0234","3.6369","n/a","n/a","n/a","n/a"
"09 Jun 03","4.0413","3.6667","n/a","n/a","n/a","n/a"
"06 Jun 03","4.1467","3.781","n/a","n/a","n/a","n/a"
"05 Jun 03","4.0807","3.74","n/a","n/a","n/a","n/a"
"04 Jun 03","4.1457","3.8094","n/a","n/a","n/a","n/a"
"03 Jun 03","4.0977","3.7307","n/a","n/a","n/a","n/a"
"02 Jun 03","4.1896","3.8191","n/a","n/a","n/a","n/a"
"30 May 03","4.1458","3.7892","n/a","n/a","n/a","n/a"
"29 May 03","4.1205","3.7673","n/a","n/a","n/a","n/a"
"28 May 03","4.1767","3.8236","n/a","n/a","n/a","n/a"
"27 May 03","4.0821","3.7417","n/a","n/a","n/a","n/a"
"23 May 03","4.0505","3.7112","n/a","n/a","n/a","n/a"
"22 May 03","4.0983","3.749","n/a","n/a","n/a","n/a"
"21 May 03","4.103","3.7432","n/a","n/a","n/a","n/a"
"20 May 03","4.1318","3.7891","n/a","n/a","n/a","n/a"
"19 May 03","4.1599","3.7989","n/a","n/a","n/a","n/a"
"16 May 03","4.1982","3.8526","n/a","n/a","n/a","n/a"
"15 May 03","4.2438","3.8952","n/a","n/a","n/a","n/a"
"14 May 03","4.2736","3.9414","n/a","n/a","n/a","n/a"
"13 May 03","4.2605","3.9134","n/a","n/a","n/a","n/a"
"12 May 03","4.2733","3.9451","n/a","n/a","n/a","n/a"
"09 May 03","4.2919","3.9707","n/a","n/a","n/a","n/a"
"08 May 03","4.2991","3.9645","n/a","n/a","n/a","n/a"
"07 May 03","4.3291","3.9494","n/a","n/a","n/a","n/a"
"06 May 03","4.4096","4.0243","n/a","n/a","n/a","n/a"
"02 May 03","4.409","4.0179","n/a","n/a","n/a","n/a"
"01 May 03","4.3371","3.9479","n/a","n/a","n/a","n/a"
"30 Apr 03","4.4044","4.022","n/a","n/a","n/a","n/a"
"29 Apr 03","4.4275","4.0521","n/a","n/a","n/a","n/a"
"28 Apr 03","4.4145","4.0356","n/a","n/a","n/a","n/a"
"25 Apr 03","4.4095","4.0495","n/a","n/a","n/a","n/a"
"24 Apr 03","4.4209","4.052","n/a","n/a","n/a","n/a"
"23 Apr 03","4.4857","4.1142","n/a","n/a","n/a","n/a"
"22 Apr 03","4.4435","4.0766","n/a","n/a","n/a","n/a"
"17 Apr 03","4.4583","4.1092","n/a","n/a","n/a","n/a"
"16 Apr 03","4.4813","4.1442","n/a","n/a","n/a","n/a"
"15 Apr 03","4.5112","4.1808","n/a","n/a","n/a","n/a"
"14 Apr 03","4.5317","4.202","n/a","n/a","n/a","n/a"
"11 Apr 03","4.5147","4.1644","n/a","n/a","n/a","n/a"
"10 Apr 03","4.4553","4.0922","n/a","n/a","n/a","n/a"
"09 Apr 03","4.5165","4.1555","n/a","n/a","n/a","n/a"
"08 Apr 03","4.5213","4.1706","n/a","n/a","n/a","n/a"
"07 Apr 03","4.5601","4.2087","n/a","n/a","n/a","n/a"
"04 Apr 03","4.4896","4.1209","n/a","n/a","n/a","n/a"
"03 Apr 03","4.4779","4.112","n/a","n/a","n/a","n/a"
"02 Apr 03","4.4368","4.0627","n/a","n/a","n/a","n/a"
"01 Apr 03","4.366","3.9824","n/a","n/a","n/a","n/a"
"31 Mar 03","4.341","3.9729","4.3119","3.9943","4.341","3.9729"
"28 Mar 03","4.4268","4.0708","n/a","n/a","n/a","n/a"
"27 Mar 03","4.4538","4.0978","n/a","n/a","n/a","n/a"
"26 Mar 03","4.5037","4.1613","n/a","n/a","n/a","n/a"
"25 Mar 03","4.4997","4.1615","n/a","n/a","n/a","n/a"
"24 Mar 03","4.5285","4.209","n/a","n/a","n/a","n/a"
"21 Mar 03","4.6021","4.2808","n/a","n/a","n/a","n/a"
"20 Mar 03","4.5352","4.2208","n/a","n/a","n/a","n/a"
"19 Mar 03","4.5448","4.2259","n/a","n/a","n/a","n/a"
"18 Mar 03","4.4329","4.0704","n/a","n/a","n/a","n/a"
"17 Mar 03","4.4376","4.0524","n/a","n/a","n/a","n/a"
"14 Mar 03","4.3014","3.9198","n/a","n/a","n/a","n/a"
"13 Mar 03","4.2334","3.8498","n/a","n/a","n/a","n/a"
"12 Mar 03","4.0922","3.6731","n/a","n/a","n/a","n/a"
"11 Mar 03","4.0767","3.6555","n/a","n/a","n/a","n/a"
"10 Mar 03","4.0787","3.655","n/a","n/a","n/a","n/a"
"07 Mar 03","4.1064","3.6856","n/a","n/a","n/a","n/a"
"06 Mar 03","4.1538","3.7338","n/a","n/a","n/a","n/a"
"05 Mar 03","4.1578","3.7327","n/a","n/a","n/a","n/a"
"04 Mar 03","4.1533","3.738","n/a","n/a","n/a","n/a"
"03 Mar 03","4.1495","3.7466","n/a","n/a","n/a","n/a"
"28 Feb 03","4.2092","3.8114","n/a","n/a","n/a","n/a"
"27 Feb 03","4.2739","3.8651","n/a","n/a","n/a","n/a"
"26 Feb 03","4.2198","3.8159","n/a","n/a","n/a","n/a"
"25 Feb 03","4.1764","3.79","n/a","n/a","n/a","n/a"
"24 Feb 03","4.1749","3.7997","n/a","n/a","n/a","n/a"
"21 Feb 03","4.1981","3.8535","n/a","n/a","n/a","n/a"
"20 Feb 03","4.1541","3.8209","n/a","n/a","n/a","n/a"
"19 Feb 03","4.1736","3.8432","n/a","n/a","n/a","n/a"
"18 Feb 03","4.2222","3.8838","n/a","n/a","n/a","n/a"
"17 Feb 03","4.2163","3.8721","n/a","n/a","n/a","n/a"
"14 Feb 03","4.2085","3.8632","n/a","n/a","n/a","n/a"
"13 Feb 03","4.1625","3.8134","n/a","n/a","n/a","n/a"
"12 Feb 03","4.1655","3.8185","n/a","n/a","n/a","n/a"
"11 Feb 03","4.241","3.9004","n/a","n/a","n/a","n/a"
"10 Feb 03","4.2292","3.8825","n/a","n/a","n/a","n/a"
"07 Feb 03","4.215","3.873","n/a","n/a","n/a","n/a"
"06 Feb 03","4.2314","3.908","n/a","n/a","n/a","n/a"
"05 Feb 03","4.2447","3.9846","n/a","n/a","n/a","n/a"
"04 Feb 03","4.2368","3.9871","n/a","n/a","n/a","n/a"
"03 Feb 03","4.309","4.0508","n/a","n/a","n/a","n/a"
"31 Jan 03","4.2859","4.0357","n/a","n/a","n/a","n/a"
"30 Jan 03","4.2937","4.0457","n/a","n/a","n/a","n/a"
"29 Jan 03","4.2375","3.998","n/a","n/a","n/a","n/a"
"28 Jan 03","4.2424","4.012","n/a","n/a","n/a","n/a"
"27 Jan 03","4.2379","4.0077","n/a","n/a","n/a","n/a"
"24 Jan 03","4.2524","4.0222","n/a","n/a","n/a","n/a"
"23 Jan 03","4.3391","4.1002","n/a","n/a","n/a","n/a"
"22 Jan 03","4.3531","4.1073","n/a","n/a","n/a","n/a"
"21 Jan 03","4.3513","4.1167","n/a","n/a","n/a","n/a"
"20 Jan 03","4.356","4.1216","n/a","n/a","n/a","n/a"
"17 Jan 03","4.3676","4.1341","n/a","n/a","n/a","n/a"
"16 Jan 03","4.4682","4.2344","n/a","n/a","n/a","n/a"
"15 Jan 03","4.4823","4.2424","n/a","n/a","n/a","n/a"
"14 Jan 03","4.4819","4.2354","n/a","n/a","n/a","n/a"
"13 Jan 03","4.4878","4.2456","n/a","n/a","n/a","n/a"
"10 Jan 03","4.4497","4.2044","n/a","n/a","n/a","n/a"
"09 Jan 03","4.4598","4.213","n/a","n/a","n/a","n/a"
"08 Jan 03","4.4459","4.2007","n/a","n/a","n/a","n/a"
"07 Jan 03","4.4914","4.2474","n/a","n/a","n/a","n/a"
"06 Jan 03","4.5019","4.258","n/a","n/a","n/a","n/a"
"03 Jan 03","4.507","4.2641","n/a","n/a","n/a","n/a"
"02 Jan 03","4.4845","4.2466","n/a","n/a","n/a","n/a"
"31 Dec 02","4.4065","4.1811","4.607","4.3847","4.4065","4.1811"
"30 Dec 02","4.4372","4.2092","n/a","n/a","n/a","n/a"
"27 Dec 02","4.4357","4.2106","n/a","n/a","n/a","n/a"
"24 Dec 02","4.5124","4.293","n/a","n/a","n/a","n/a"
"23 Dec 02","4.5064","4.289","n/a","n/a","n/a","n/a"
"20 Dec 02","4.5204","4.2989","n/a","n/a","n/a","n/a"
"19 Dec 02","4.5048","4.2851","n/a","n/a","n/a","n/a"
"18 Dec 02","4.5153","4.299","n/a","n/a","n/a","n/a"
"17 Dec 02","4.5713","4.3533","n/a","n/a","n/a","n/a"
"16 Dec 02","4.5598","4.3349","n/a","n/a","n/a","n/a"
"13 Dec 02","4.5524","4.3228","n/a","n/a","n/a","n/a"
"12 Dec 02","4.5598","4.3312","n/a","n/a","n/a","n/a"
"11 Dec 02","4.5903","4.375","n/a","n/a","n/a","n/a"
"10 Dec 02","4.6003","4.3819","n/a","n/a","n/a","n/a"
"09 Dec 02","4.5877","4.3829","n/a","n/a","n/a","n/a"
"06 Dec 02","4.6093","4.4272","n/a","n/a","n/a","n/a"
"05 Dec 02","4.6509","4.476","n/a","n/a","n/a","n/a"
"04 Dec 02","4.6994","4.5188","n/a","n/a","n/a","n/a"
"03 Dec 02","4.719","4.5347","n/a","n/a","n/a","n/a"
"02 Dec 02","4.7498","4.5725","n/a","n/a","n/a","n/a"
"29 Nov 02","4.7107","4.5348","n/a","n/a","n/a","n/a"
"28 Nov 02","4.7186","4.544","n/a","n/a","n/a","n/a"
"27 Nov 02","4.7189","4.5172","n/a","n/a","n/a","n/a"
"26 Nov 02","4.6469","4.4318","n/a","n/a","n/a","n/a"
"25 Nov 02","4.683","4.4593","n/a","n/a","n/a","n/a"
"22 Nov 02","4.6722","4.4434","n/a","n/a","n/a","n/a"
"21 Nov 02","4.6663","4.4367","n/a","n/a","n/a","n/a"
"20 Nov 02","4.569","4.34","n/a","n/a","n/a","n/a"
"19 Nov 02","4.5821","4.3593","n/a","n/a","n/a","n/a"
"18 Nov 02","4.599","4.3762","n/a","n/a","n/a","n/a"
"15 Nov 02","4.5887","4.3641","n/a","n/a","n/a","n/a"
"14 Nov 02","4.5876","4.3628","n/a","n/a","n/a","n/a"
"13 Nov 02","4.5435","4.3131","n/a","n/a","n/a","n/a"
"12 Nov 02","4.5264","4.2978","n/a","n/a","n/a","n/a"
"11 Nov 02","4.5568","4.3301","n/a","n/a","n/a","n/a"
"08 Nov 02","4.596","4.3731","n/a","n/a","n/a","n/a"
"07 Nov 02","4.6478","4.4128","n/a","n/a","n/a","n/a"
"06 Nov 02","4.731","4.4624","n/a","n/a","n/a","n/a"
"05 Nov 02","4.7262","4.4546","n/a","n/a","n/a","n/a"
"04 Nov 02","4.6764","4.4113","n/a","n/a","n/a","n/a"
"01 Nov 02","4.6468","4.3946","n/a","n/a","n/a","n/a"
"31 Oct 02","4.6053","4.3508","n/a","n/a","n/a","n/a"
"30 Oct 02","4.6493","4.387","n/a","n/a","n/a","n/a"
"29 Oct 02","4.6269","4.3681","n/a","n/a","n/a","n/a"
"28 Oct 02","4.6709","4.4163","n/a","n/a","n/a","n/a"
"25 Oct 02","4.7095","4.4634","n/a","n/a","n/a","n/a"
"24 Oct 02","4.747","4.5094","n/a","n/a","n/a","n/a"
"23 Oct 02","4.7116","4.4799","n/a","n/a","n/a","n/a"
"22 Oct 02","4.7777","4.561","n/a","n/a","n/a","n/a"
"21 Oct 02","4.721","4.5047","n/a","n/a","n/a","n/a"
"18 Oct 02","4.7116","4.5012","n/a","n/a","n/a","n/a"
"17 Oct 02","4.7008","4.4986","n/a","n/a","n/a","n/a"
"16 Oct 02","4.726","4.5133","n/a","n/a","n/a","n/a"
"15 Oct 02","4.6935","4.4896","n/a","n/a","n/a","n/a"
"14 Oct 02","4.5947","4.3864","n/a","n/a","n/a","n/a"
"11 Oct 02","4.5699","4.3697","n/a","n/a","n/a","n/a"
"10 Oct 02","4.5338","4.3211","n/a","n/a","n/a","n/a"
"09 Oct 02","4.4583","4.2436","n/a","n/a","n/a","n/a"
"08 Oct 02","4.4678","4.2416","n/a","n/a","n/a","n/a"
"07 Oct 02","4.4737","4.2461","n/a","n/a","n/a","n/a"
"04 Oct 02","4.5416","4.3167","n/a","n/a","n/a","n/a"
"03 Oct 02","4.5279","4.2903","n/a","n/a","n/a","n/a"
"02 Oct 02","4.5007","4.2675","n/a","n/a","n/a","n/a"
"01 Oct 02","4.4488","4.201","n/a","n/a","n/a","n/a"
"30 Sep 02","4.4212","4.2009","4.7575","4.6291","4.4212","4.2009"
"27 Sep 02","4.4913","4.2893","n/a","n/a","n/a","n/a"
"26 Sep 02","4.4907","4.2844","n/a","n/a","n/a","n/a"
"25 Sep 02","4.4642","4.2626","n/a","n/a","n/a","n/a"
"24 Sep 02","4.4209","4.2252","n/a","n/a","n/a","n/a"
"23 Sep 02","4.4333","4.2422","n/a","n/a","n/a","n/a"
"20 Sep 02","4.4629","4.277","n/a","n/a","n/a","n/a"
"19 Sep 02","4.4082","4.2464","n/a","n/a","n/a","n/a"
"18 Sep 02","4.4577","4.3184","n/a","n/a","n/a","n/a"
"17 Sep 02","4.5117","4.3771","n/a","n/a","n/a","n/a"
"16 Sep 02","4.482","4.3424","n/a","n/a","n/a","n/a"
"13 Sep 02","4.544","4.3973","n/a","n/a","n/a","n/a"
"12 Sep 02","4.5637","4.4367","n/a","n/a","n/a","n/a"
"11 Sep 02","4.6206","4.5025","n/a","n/a","n/a","n/a"
"10 Sep 02","4.5705","4.4366","n/a","n/a","n/a","n/a"
"09 Sep 02","4.5103","4.3663","n/a","n/a","n/a","n/a"
"06 Sep 02","4.4979","4.3338","n/a","n/a","n/a","n/a"
"05 Sep 02","4.5147","4.35","n/a","n/a","n/a","n/a"
"04 Sep 02","4.5203","4.3691","n/a","n/a","n/a","n/a"
"03 Sep 02","4.5243","4.3795","n/a","n/a","n/a","n/a"
"02 Sep 02","4.6012","4.4571","n/a","n/a","n/a","n/a"
"30 Aug 02","4.6639","4.5225","n/a","n/a","n/a","n/a"
"29 Aug 02","4.6496","4.5079","n/a","n/a","n/a","n/a"
"28 Aug 02","4.7071","4.5554","n/a","n/a","n/a","n/a"
"27 Aug 02","4.7913","4.6408","n/a","n/a","n/a","n/a"
"23 Aug 02","4.7979","4.6547","n/a","n/a","n/a","n/a"
"22 Aug 02","4.8378","4.6966","n/a","n/a","n/a","n/a"
"21 Aug 02","4.7862","4.6647","n/a","n/a","n/a","n/a"
"20 Aug 02","4.7254","4.6052","n/a","n/a","n/a","n/a"
"19 Aug 02","4.7639","4.6512","n/a","n/a","n/a","n/a"
"16 Aug 02","4.7592","4.6399","n/a","n/a","n/a","n/a"
"15 Aug 02","4.7458","4.6134","n/a","n/a","n/a","n/a"
"14 Aug 02","4.6121","4.4605","n/a","n/a","n/a","n/a"
"13 Aug 02","4.6783","4.5249","n/a","n/a","n/a","n/a"
"12 Aug 02","4.6908","4.5319","n/a","n/a","n/a","n/a"
"09 Aug 02","4.7208","4.5483","n/a","n/a","n/a","n/a"
"08 Aug 02","4.7502","4.5569","n/a","n/a","n/a","n/a"
"07 Aug 02","4.7162","4.5117","n/a","n/a","n/a","n/a"
"06 Aug 02","4.7937","4.5775","n/a","n/a","n/a","n/a"
"05 Aug 02","4.7523","4.5189","n/a","n/a","n/a","n/a"
"02 Aug 02","4.8415","4.6164","n/a","n/a","n/a","n/a"
"01 Aug 02","4.881","4.6639","n/a","n/a","n/a","n/a"
"31 Jul 02","4.9385","4.7461","n/a","n/a","n/a","n/a"
"30 Jul 02","4.9747","4.8238","n/a","n/a","n/a","n/a"
"29 Jul 02","4.9815","4.8357","n/a","n/a","n/a","n/a"
"26 Jul 02","4.9241","4.7806","n/a","n/a","n/a","n/a"
"25 Jul 02","4.9088","4.7939","n/a","n/a","n/a","n/a"
"24 Jul 02","4.8664","4.7553","n/a","n/a","n/a","n/a"
"23 Jul 02","4.947","4.8545","n/a","n/a","n/a","n/a"
"22 Jul 02","4.9282","4.8362","n/a","n/a","n/a","n/a"
"19 Jul 02","4.9549","4.8819","n/a","n/a","n/a","n/a"
"18 Jul 02","4.9986","4.9338","n/a","n/a","n/a","n/a"
"17 Jul 02","5.0147","4.9342","n/a","n/a","n/a","n/a"
"16 Jul 02","4.9527","4.8729","n/a","n/a","n/a","n/a"
"15 Jul 02","4.9454","4.9126","n/a","n/a","n/a","n/a"
"12 Jul 02","4.9796","4.9575","n/a","n/a","n/a","n/a"
"11 Jul 02","5.0145","4.9867","n/a","n/a","n/a","n/a"
"10 Jul 02","5.0875","5.0628","n/a","n/a","n/a","n/a"
"09 Jul 02","5.1481","5.1219","n/a","n/a","n/a","n/a"
"08 Jul 02","5.1501","5.1296","n/a","n/a","n/a","n/a"
"05 Jul 02","5.1397","5.1284","n/a","n/a","n/a","n/a"
"04 Jul 02","5.0845","5.0574","n/a","n/a","n/a","n/a"
"03 Jul 02","5.054","5.0315","n/a","n/a","n/a","n/a"
"02 Jul 02","5.0311","5.0393","n/a","n/a","n/a","n/a"
"01 Jul 02","5.0376","5.0544","n/a","n/a","n/a","n/a"
"30 Jun 02","n/a","n/a","5.2065","5.2047","5.0313","5.0587"
"28 Jun 02","5.0313","5.0587","n/a","n/a","n/a","n/a"
"27 Jun 02","4.9731","5.0177","n/a","n/a","n/a","n/a"
"26 Jun 02","4.9708","5.004","n/a","n/a","n/a","n/a"
"25 Jun 02","5.0605","5.0956","n/a","n/a","n/a","n/a"
"24 Jun 02","4.9837","5.0055","n/a","n/a","n/a","n/a"
"21 Jun 02","5.0529","5.0603","n/a","n/a","n/a","n/a"
"20 Jun 02","5.0404","5.0489","n/a","n/a","n/a","n/a"
"19 Jun 02","5.0019","5.0207","n/a","n/a","n/a","n/a"
"18 Jun 02","5.0294","5.0418","n/a","n/a","n/a","n/a"
"17 Jun 02","5.0523","5.0626","n/a","n/a","n/a","n/a"
"14 Jun 02","5.0448","5.0432","n/a","n/a","n/a","n/a"
"13 Jun 02","5.1092","5.0982","n/a","n/a","n/a","n/a"
"12 Jun 02","5.2244","5.1954","n/a","n/a","n/a","n/a"
"11 Jun 02","5.244","5.2128","n/a","n/a","n/a","n/a"
"10 Jun 02","5.2252","5.1872","n/a","n/a","n/a","n/a"
"07 Jun 02","5.2475","5.1953","n/a","n/a","n/a","n/a"
"06 Jun 02","5.242","5.2024","n/a","n/a","n/a","n/a"
"05 Jun 02","5.2481","5.2227","n/a","n/a","n/a","n/a"
"31 May 02","5.2845","5.2618","n/a","n/a","n/a","n/a"
"30 May 02","5.2664","5.2414","n/a","n/a","n/a","n/a"
"29 May 02","5.2771","5.2471","n/a","n/a","n/a","n/a"
"28 May 02","5.2885","5.2517","n/a","n/a","n/a","n/a"
"27 May 02","5.324","5.2858","n/a","n/a","n/a","n/a"
"24 May 02","5.258","5.245","n/a","n/a","n/a","n/a"
"23 May 02","5.2637","5.2571","n/a","n/a","n/a","n/a"
"22 May 02","5.2719","5.2513","n/a","n/a","n/a","n/a"
"21 May 02","5.2786","5.2712","n/a","n/a","n/a","n/a"
"20 May 02","5.285","5.2855","n/a","n/a","n/a","n/a"
"17 May 02","5.3557","5.348","n/a","n/a","n/a","n/a"
"16 May 02","5.3162","5.3127","n/a","n/a","n/a","n/a"
"15 May 02","5.3176","5.3242","n/a","n/a","n/a","n/a"
"14 May 02","5.3168","5.302","n/a","n/a","n/a","n/a"
"13 May 02","5.282","5.2599","n/a","n/a","n/a","n/a"
"10 May 02","5.2754","5.2651","n/a","n/a","n/a","n/a"
"09 May 02","5.2613","5.2523","n/a","n/a","n/a","n/a"
"08 May 02","5.2242","5.2098","n/a","n/a","n/a","n/a"
"07 May 02","5.1757","5.1717","n/a","n/a","n/a","n/a"
"03 May 02","5.184","5.1871","n/a","n/a","n/a","n/a"
"02 May 02","5.2377","5.2358","n/a","n/a","n/a","n/a"
"01 May 02","5.1719","5.165","n/a","n/a","n/a","n/a"
"30 Apr 02","5.2103","5.1938","n/a","n/a","n/a","n/a"
"29 Apr 02","5.2153","5.1956","n/a","n/a","n/a","n/a"
"26 Apr 02","5.1565","5.1425","n/a","n/a","n/a","n/a"
"25 Apr 02","5.194","5.1835","n/a","n/a","n/a","n/a"
"24 Apr 02","5.252","5.2428","n/a","n/a","n/a","n/a"
"23 Apr 02","5.2846","5.2729","n/a","n/a","n/a","n/a"
"22 Apr 02","5.2476","5.2364","n/a","n/a","n/a","n/a"
"19 Apr 02","5.2876","5.2819","n/a","n/a","n/a","n/a"
"18 Apr 02","5.2825","5.2779","n/a","n/a","n/a","n/a"
"17 Apr 02","5.2512","5.2636","n/a","n/a","n/a","n/a"
"16 Apr 02","5.2506","5.2627","n/a","n/a","n/a","n/a"
"15 Apr 02","5.169","5.1762","n/a","n/a","n/a","n/a"
"12 Apr 02","5.1926","5.2015","n/a","n/a","n/a","n/a"
"11 Apr 02","5.1964","5.2171","n/a","n/a","n/a","n/a"
"10 Apr 02","5.2629","5.2742","n/a","n/a","n/a","n/a"
"09 Apr 02","5.2433","5.2643","n/a","n/a","n/a","n/a"
"08 Apr 02","5.23","5.2479","n/a","n/a","n/a","n/a"
"05 Apr 02","5.2118","5.2461","n/a","n/a","n/a","n/a"
"04 Apr 02","5.1974","5.2479","n/a","n/a","n/a","n/a"
"03 Apr 02","5.2493","5.2971","n/a","n/a","n/a","n/a"
"02 Apr 02","5.3112","5.3571","n/a","n/a","n/a","n/a"
"31 Mar 02","n/a","n/a","5.0175","5.0511","5.3137","5.3544"
"28 Mar 02","5.3137","5.3544","n/a","n/a","n/a","n/a"
"27 Mar 02","5.247","5.2983","n/a","n/a","n/a","n/a"
"26 Mar 02","5.308","5.3557","n/a","n/a","n/a","n/a"
"25 Mar 02","5.3368","5.3837","n/a","n/a","n/a","n/a"
"22 Mar 02","5.3147","5.3561","n/a","n/a","n/a","n/a"
"21 Mar 02","5.3066","5.3412","n/a","n/a","n/a","n/a"
"20 Mar 02","5.2816","5.2891","n/a","n/a","n/a","n/a"
"19 Mar 02","5.2491","5.2619","n/a","n/a","n/a","n/a"
"18 Mar 02","5.2384","5.262","n/a","n/a","n/a","n/a"
"15 Mar 02","5.2467","5.2807","n/a","n/a","n/a","n/a"
"14 Mar 02","5.2583","5.2718","n/a","n/a","n/a","n/a"
"13 Mar 02","5.2199","5.248","n/a","n/a","n/a","n/a"
"12 Mar 02","5.1869","5.2224","n/a","n/a","n/a","n/a"
"11 Mar 02","5.1792","5.2244","n/a","n/a","n/a","n/a"
"08 Mar 02","5.2003","5.2438","n/a","n/a","n/a","n/a"
"07 Mar 02","5.2029","5.2387","n/a","n/a","n/a","n/a"
"06 Mar 02","5.1475","5.1562","n/a","n/a","n/a","n/a"
"05 Mar 02","5.0992","5.1353","n/a","n/a","n/a","n/a"
"04 Mar 02","5.0349","5.0775","n/a","n/a","n/a","n/a"
"01 Mar 02","5.0332","5.0486","n/a","n/a","n/a","n/a"
"28 Feb 02","4.9774","4.9842","n/a","n/a","n/a","n/a"
"27 Feb 02","4.9752","4.9877","n/a","n/a","n/a","n/a"
"26 Feb 02","4.9849","4.9841","n/a","n/a","n/a","n/a"
"25 Feb 02","4.9414","4.9569","n/a","n/a","n/a","n/a"
"22 Feb 02","4.9139","4.9293","n/a","n/a","n/a","n/a"
"21 Feb 02","4.9609","4.969","n/a","n/a","n/a","n/a"
"20 Feb 02","4.9351","4.9563","n/a","n/a","n/a","n/a"
"19 Feb 02","4.9156","4.9577","n/a","n/a","n/a","n/a"
"18 Feb 02","4.8965","4.9666","n/a","n/a","n/a","n/a"
"15 Feb 02","4.9008","4.9632","n/a","n/a","n/a","n/a"
"14 Feb 02","4.9713","5.0256","n/a","n/a","n/a","n/a"
"13 Feb 02","5.0145","5.0603","n/a","n/a","n/a","n/a"
"12 Feb 02","5.0162","5.0771","n/a","n/a","n/a","n/a"
"11 Feb 02","4.9395","4.9544","n/a","n/a","n/a","n/a"
"08 Feb 02","4.933","4.9542","n/a","n/a","n/a","n/a"
"07 Feb 02","4.9482","4.9802","n/a","n/a","n/a","n/a"
"06 Feb 02","4.8172","4.8571","n/a","n/a","n/a","n/a"
"05 Feb 02","4.7855","4.8465","n/a","n/a","n/a","n/a"
"04 Feb 02","4.8141","4.8828","n/a","n/a","n/a","n/a"
"01 Feb 02","4.86","4.9392","n/a","n/a","n/a","n/a"
"31 Jan 02","4.8772","4.9501","n/a","n/a","n/a","n/a"
"30 Jan 02","4.9226","4.9632","n/a","n/a","n/a","n/a"
"29 Jan 02","4.9685","4.9938","n/a","n/a","n/a","n/a"
"28 Jan 02","4.9931","5.0176","n/a","n/a","n/a","n/a"
"25 Jan 02","5.0132","5.0242","n/a","n/a","n/a","n/a"
"24 Jan 02","4.9213","4.9056","n/a","n/a","n/a","n/a"
"23 Jan 02","4.8428","4.8227","n/a","n/a","n/a","n/a"
"22 Jan 02","4.8606","4.871","n/a","n/a","n/a","n/a"
"21 Jan 02","4.8178","4.8175","n/a","n/a","n/a","n/a"
"18 Jan 02","4.8633","4.8798","n/a","n/a","n/a","n/a"
"17 Jan 02","4.8366","4.8719","n/a","n/a","n/a","n/a"
"16 Jan 02","4.8213","4.8867","n/a","n/a","n/a","n/a"
"15 Jan 02","4.8616","4.9307","n/a","n/a","n/a","n/a"
"14 Jan 02","4.8633","4.9233","n/a","n/a","n/a","n/a"
"11 Jan 02","4.9166","5.0022","n/a","n/a","n/a","n/a"
"10 Jan 02","4.9297","4.9881","n/a","n/a","n/a","n/a"
"09 Jan 02","4.9817","5.0438","n/a","n/a","n/a","n/a"
"08 Jan 02","4.9353","4.9719","n/a","n/a","n/a","n/a"
"07 Jan 02","4.9353","4.9783","n/a","n/a","n/a","n/a"
"04 Jan 02","5.0138","5.0297","n/a","n/a","n/a","n/a"
"03 Jan 02","4.9749","4.9658","n/a","n/a","n/a","n/a"
"02 Jan 02","5.0268","5.0478","n/a","n/a","n/a","n/a"
"31 Dec 01","5.0929","5.1196","4.7772","4.7534","5.0929","5.1196"
"28 Dec 01","5.0616","5.0918","n/a","n/a","n/a","n/a"
"27 Dec 01","5.0217","5.0562","n/a","n/a","n/a","n/a"
"24 Dec 01","4.8854","4.9231","n/a","n/a","n/a","n/a"
"21 Dec 01","4.9274","4.962","n/a","n/a","n/a","n/a"
"20 Dec 01","4.8809","4.9169","n/a","n/a","n/a","n/a"
"19 Dec 01","4.8625","4.9047","n/a","n/a","n/a","n/a"
"18 Dec 01","4.9037","4.9401","n/a","n/a","n/a","n/a"
"17 Dec 01","4.9095","4.9455","n/a","n/a","n/a","n/a"
"14 Dec 01","4.8466","4.9046","n/a","n/a","n/a","n/a"
"13 Dec 01","4.8405","4.863","n/a","n/a","n/a","n/a"
"12 Dec 01","4.8257","4.8184","n/a","n/a","n/a","n/a"
"11 Dec 01","4.9359","4.9186","n/a","n/a","n/a","n/a"
"10 Dec 01","4.973","4.9586","n/a","n/a","n/a","n/a"
"07 Dec 01","5.0042","4.9995","n/a","n/a","n/a","n/a"
"06 Dec 01","4.8738","4.8809","n/a","n/a","n/a","n/a"
"05 Dec 01","4.7943","4.7742","n/a","n/a","n/a","n/a"
"04 Dec 01","4.658","4.6188","n/a","n/a","n/a","n/a"
"03 Dec 01","4.6656","4.6302","n/a","n/a","n/a","n/a"
"30 Nov 01","4.6936","4.6854","n/a","n/a","n/a","n/a"
"29 Nov 01","4.7215","4.7339","n/a","n/a","n/a","n/a"
"28 Nov 01","4.7517","4.756","n/a","n/a","n/a","n/a"
"27 Nov 01","4.8109","4.8278","n/a","n/a","n/a","n/a"
"26 Nov 01","4.7149","4.677","n/a","n/a","n/a","n/a"
"23 Nov 01","4.7493","4.7044","n/a","n/a","n/a","n/a"
"22 Nov 01","4.7672","4.7238","n/a","n/a","n/a","n/a"
"21 Nov 01","4.7652","4.7178","n/a","n/a","n/a","n/a"
"20 Nov 01","4.702","4.638","n/a","n/a","n/a","n/a"
"19 Nov 01","4.7048","4.6636","n/a","n/a","n/a","n/a"
"16 Nov 01","4.714","4.6931","n/a","n/a","n/a","n/a"
"15 Nov 01","4.7086","4.6879","n/a","n/a","n/a","n/a"
"14 Nov 01","4.6209","4.5663","n/a","n/a","n/a","n/a"
"13 Nov 01","4.5501","4.4532","n/a","n/a","n/a","n/a"
"12 Nov 01","4.4373","4.3436","n/a","n/a","n/a","n/a"
"09 Nov 01","4.4486","4.3629","n/a","n/a","n/a","n/a"
"08 Nov 01","4.4689","4.3834","n/a","n/a","n/a","n/a"
"07 Nov 01","4.4503","4.3838","n/a","n/a","n/a","n/a"
"06 Nov 01","4.484","4.4505","n/a","n/a","n/a","n/a"
"05 Nov 01","4.4877","4.4518","n/a","n/a","n/a","n/a"
"02 Nov 01","4.5502","4.5256","n/a","n/a","n/a","n/a"
"01 Nov 01","4.4952","4.4839","n/a","n/a","n/a","n/a"
"31 Oct 01","4.5771","4.5442","n/a","n/a","n/a","n/a"
"30 Oct 01","4.6131","4.5532","n/a","n/a","n/a","n/a"
"29 Oct 01","4.6905","4.6417","n/a","n/a","n/a","n/a"
"26 Oct 01","4.7447","4.6861","n/a","n/a","n/a","n/a"
"25 Oct 01","4.7353","4.6618","n/a","n/a","n/a","n/a"
"24 Oct 01","4.7892","4.726","n/a","n/a","n/a","n/a"
"23 Oct 01","4.8571","4.8058","n/a","n/a","n/a","n/a"
"22 Oct 01","4.8404","4.7944","n/a","n/a","n/a","n/a"
"19 Oct 01","4.8478","4.8151","n/a","n/a","n/a","n/a"
"18 Oct 01","4.8561","4.8342","n/a","n/a","n/a","n/a"
"17 Oct 01","4.8621","4.833","n/a","n/a","n/a","n/a"
"16 Oct 01","4.8447","4.84","n/a","n/a","n/a","n/a"
"15 Oct 01","4.8502","4.8513","n/a","n/a","n/a","n/a"
"12 Oct 01","4.9139","4.917","n/a","n/a","n/a","n/a"
"11 Oct 01","4.9276","4.9331","n/a","n/a","n/a","n/a"
"10 Oct 01","4.8735","4.8703","n/a","n/a","n/a","n/a"
"09 Oct 01","4.8676","4.8409","n/a","n/a","n/a","n/a"
"08 Oct 01","4.8026","4.7612","n/a","n/a","n/a","n/a"
"05 Oct 01","4.8536","4.7821","n/a","n/a","n/a","n/a"
"04 Oct 01","4.8607","4.7832","n/a","n/a","n/a","n/a"
"03 Oct 01","4.8673","4.7966","n/a","n/a","n/a","n/a"
"02 Oct 01","4.9344","4.8746","n/a","n/a","n/a","n/a"
"01 Oct 01","4.973","4.9291","n/a","n/a","n/a","n/a"
"30 Sep 01","n/a","n/a","5.0611","5.1492","4.9628","4.9122"
"28 Sep 01","4.9628","4.9122","n/a","n/a","n/a","n/a"
"27 Sep 01","4.9411","4.8812","n/a","n/a","n/a","n/a"
"26 Sep 01","4.9618","4.8954","n/a","n/a","n/a","n/a"
"25 Sep 01","5.0127","4.9154","n/a","n/a","n/a","n/a"
"24 Sep 01","5.0185","4.9242","n/a","n/a","n/a","n/a"
"21 Sep 01","4.9854","4.8981","n/a","n/a","n/a","n/a"
"20 Sep 01","4.9925","4.9264","n/a","n/a","n/a","n/a"
"19 Sep 01","4.9791","4.9104","n/a","n/a","n/a","n/a"
"18 Sep 01","4.9513","4.8949","n/a","n/a","n/a","n/a"
"17 Sep 01","4.9428","4.8764","n/a","n/a","n/a","n/a"
"14 Sep 01","4.9048","4.8334","n/a","n/a","n/a","n/a"
"13 Sep 01","4.9849","4.9222","n/a","n/a","n/a","n/a"
"12 Sep 01","4.9477","4.8699","n/a","n/a","n/a","n/a"
"11 Sep 01","4.9559","4.9506","n/a","n/a","n/a","n/a"
"10 Sep 01","5.0001","5.0197","n/a","n/a","n/a","n/a"
"07 Sep 01","4.9997","5.0273","n/a","n/a","n/a","n/a"
"06 Sep 01","5.0767","5.1093","n/a","n/a","n/a","n/a"
"05 Sep 01","5.1103","5.1634","n/a","n/a","n/a","n/a"
"04 Sep 01","5.085","5.1516","n/a","n/a","n/a","n/a"
"03 Sep 01","4.9383","5.0011","n/a","n/a","n/a","n/a"
"31 Aug 01","4.9373","5.03","n/a","n/a","n/a","n/a"
"30 Aug 01","4.8865","5.0092","n/a","n/a","n/a","n/a"
"29 Aug 01","4.909","5.0543","n/a","n/a","n/a","n/a"
"28 Aug 01","4.9087","5.0558","n/a","n/a","n/a","n/a"
"24 Aug 01","4.9954","5.1325","n/a","n/a","n/a","n/a"
"23 Aug 01","4.9595","5.1073","n/a","n/a","n/a","n/a"
"22 Aug 01","4.9698","5.1321","n/a","n/a","n/a","n/a"
"21 Aug 01","4.9465","5.1172","n/a","n/a","n/a","n/a"
"20 Aug 01","4.9314","5.0967","n/a","n/a","n/a","n/a"
"17 Aug 01","4.9036","5.0665","n/a","n/a","n/a","n/a"
"16 Aug 01","4.9785","5.1478","n/a","n/a","n/a","n/a"
"15 Aug 01","5.0066","5.1604","n/a","n/a","n/a","n/a"
"14 Aug 01","4.968","5.0676","n/a","n/a","n/a","n/a"
"13 Aug 01","4.9124","4.999","n/a","n/a","n/a","n/a"
"10 Aug 01","4.9179","5.015","n/a","n/a","n/a","n/a"
"09 Aug 01","4.9481","5.0463","n/a","n/a","n/a","n/a"
"08 Aug 01","5.0118","5.1194","n/a","n/a","n/a","n/a"
"07 Aug 01","5.0755","5.1701","n/a","n/a","n/a","n/a"
"06 Aug 01","5.0943","5.1773","n/a","n/a","n/a","n/a"
"03 Aug 01","5.1338","5.2143","n/a","n/a","n/a","n/a"
"02 Aug 01","5.1631","5.2606","n/a","n/a","n/a","n/a"
"01 Aug 01","5.1213","5.2739","n/a","n/a","n/a","n/a"
"31 Jul 01","5.0872","5.2351","n/a","n/a","n/a","n/a"
"30 Jul 01","5.1067","5.2551","n/a","n/a","n/a","n/a"
"27 Jul 01","5.1239","5.2709","n/a","n/a","n/a","n/a"
"26 Jul 01","5.1533","5.309","n/a","n/a","n/a","n/a"
"25 Jul 01","5.1425","5.3208","n/a","n/a","n/a","n/a"
"24 Jul 01","5.1323","5.3164","n/a","n/a","n/a","n/a"
"23 Jul 01","5.1297","5.3201","n/a","n/a","n/a","n/a"
"20 Jul 01","5.1337","5.3379","n/a","n/a","n/a","n/a"
"19 Jul 01","5.194","5.3938","n/a","n/a","n/a","n/a"
"18 Jul 01","5.1678","5.3487","n/a","n/a","n/a","n/a"
"17 Jul 01","5.1986","5.3677","n/a","n/a","n/a","n/a"
"16 Jul 01","5.1982","5.3513","n/a","n/a","n/a","n/a"
"13 Jul 01","5.2185","5.3636","n/a","n/a","n/a","n/a"
"12 Jul 01","5.184","5.3347","n/a","n/a","n/a","n/a"
"11 Jul 01","5.1549","5.296","n/a","n/a","n/a","n/a"
"10 Jul 01","5.242","5.3864","n/a","n/a","n/a","n/a"
"09 Jul 01","5.2657","5.4109","n/a","n/a","n/a","n/a"
"06 Jul 01","5.2227","5.378","n/a","n/a","n/a","n/a"
"05 Jul 01","5.35","5.5032","n/a","n/a","n/a","n/a"
"04 Jul 01","5.3512","5.4987","n/a","n/a","n/a","n/a"
"03 Jul 01","5.3754","5.5115","n/a","n/a","n/a","n/a"
"02 Jul 01","5.349","5.5035","n/a","n/a","n/a","n/a"
"30 Jun 01","n/a","n/a","5.0903","5.1873","5.3334","5.5139"
"29 Jun 01","5.3334","5.5139","n/a","n/a","n/a","n/a"
"28 Jun 01","5.2927","5.4631","n/a","n/a","n/a","n/a"
"27 Jun 01","5.2076","5.3663","n/a","n/a","n/a","n/a"
"26 Jun 01","5.1757","5.3281","n/a","n/a","n/a","n/a"
"25 Jun 01","5.138","5.3086","n/a","n/a","n/a","n/a"
"22 Jun 01","5.1648","5.3401","n/a","n/a","n/a","n/a"
"21 Jun 01","5.2421","5.4165","n/a","n/a","n/a","n/a"
"20 Jun 01","5.212","5.4049","n/a","n/a","n/a","n/a"
"19 Jun 01","5.1944","5.3761","n/a","n/a","n/a","n/a"
"18 Jun 01","5.1815","5.3487","n/a","n/a","n/a","n/a"
"15 Jun 01","5.1848","5.3606","n/a","n/a","n/a","n/a"
"14 Jun 01","5.1978","5.3731","n/a","n/a","n/a","n/a"
"13 Jun 01","5.2607","5.4138","n/a","n/a","n/a","n/a"
"12 Jun 01","5.2442","5.3719","n/a","n/a","n/a","n/a"
"11 Jun 01","5.1547","5.2321","n/a","n/a","n/a","n/a"
"08 Jun 01","5.1869","5.2504","n/a","n/a","n/a","n/a"
"07 Jun 01","5.1614","5.2483","n/a","n/a","n/a","n/a"
"06 Jun 01","5.1184","5.2381","n/a","n/a","n/a","n/a"
"05 Jun 01","5.1156","5.2322","n/a","n/a","n/a","n/a"
"04 Jun 01","5.1713","5.259","n/a","n/a","n/a","n/a"
"01 Jun 01","5.1586","5.258","n/a","n/a","n/a","n/a"
"31 May 01","5.2445","5.343","n/a","n/a","n/a","n/a"
"30 May 01","5.2313","5.341","n/a","n/a","n/a","n/a"
"29 May 01","5.2301","5.3442","n/a","n/a","n/a","n/a"
"25 May 01","5.2512","5.359","n/a","n/a","n/a","n/a"
"24 May 01","5.213","5.3308","n/a","n/a","n/a","n/a"
"23 May 01","5.1966","5.2971","n/a","n/a","n/a","n/a"
"22 May 01","5.1432","5.2687","n/a","n/a","n/a","n/a"
"21 May 01","5.1333","5.2658","n/a","n/a","n/a","n/a"
"18 May 01","5.1265","5.2543","n/a","n/a","n/a","n/a"
"17 May 01","5.0854","5.1824","n/a","n/a","n/a","n/a"
"16 May 01","5.0727","5.1388","n/a","n/a","n/a","n/a"
"15 May 01","5.1136","5.1791","n/a","n/a","n/a","n/a"
"14 May 01","5.1115","5.1667","n/a","n/a","n/a","n/a"
"11 May 01","5.0502","5.1114","n/a","n/a","n/a","n/a"
"10 May 01","4.9991","5.0558","n/a","n/a","n/a","n/a"
"09 May 01","4.9728","5.0225","n/a","n/a","n/a","n/a"
"08 May 01","5.0018","5.0361","n/a","n/a","n/a","n/a"
"04 May 01","5.0063","5.0483","n/a","n/a","n/a","n/a"
"03 May 01","5.0545","5.1186","n/a","n/a","n/a","n/a"
"02 May 01","5.0772","5.1447","n/a","n/a","n/a","n/a"
"01 May 01","5.1075","5.1607","n/a","n/a","n/a","n/a"
"30 Apr 01","5.1361","5.1847","n/a","n/a","n/a","n/a"
"27 Apr 01","5.0711","5.1123","n/a","n/a","n/a","n/a"
"26 Apr 01","5.0177","5.0751","n/a","n/a","n/a","n/a"
"25 Apr 01","5.0606","5.1112","n/a","n/a","n/a","n/a"
"24 Apr 01","5.0301","5.0797","n/a","n/a","n/a","n/a"
"23 Apr 01","5.031","5.0671","n/a","n/a","n/a","n/a"
"20 Apr 01","5.0744","5.1225","n/a","n/a","n/a","n/a"
"19 Apr 01","5.095","5.1273","n/a","n/a","n/a","n/a"
"18 Apr 01","5.0597","5.1175","n/a","n/a","n/a","n/a"
"17 Apr 01","4.9847","5.0713","n/a","n/a","n/a","n/a"
"12 Apr 01","4.9525","5.0553","n/a","n/a","n/a","n/a"
"11 Apr 01","4.8962","5.0063","n/a","n/a","n/a","n/a"
"10 Apr 01","4.8053","4.8879","n/a","n/a","n/a","n/a"
"09 Apr 01","4.7734","4.8396","n/a","n/a","n/a","n/a"
"06 Apr 01","4.7712","4.8419","n/a","n/a","n/a","n/a"
"05 Apr 01","4.8275","4.8882","n/a","n/a","n/a","n/a"
"04 Apr 01","4.8227","4.867","n/a","n/a","n/a","n/a"
"03 Apr 01","4.7791","4.8378","n/a","n/a","n/a","n/a"
"02 Apr 01","4.8005","4.8599","n/a","n/a","n/a","n/a"
"31 Mar 01","n/a","n/a","4.7906","5.0395","4.796","4.9041"
"30 Mar 01","4.796","4.9041","n/a","n/a","n/a","n/a"
"29 Mar 01","4.7706","4.9052","n/a","n/a","n/a","n/a"
"28 Mar 01","4.7062","4.8713","n/a","n/a","n/a","n/a"
"27 Mar 01","4.6966","4.8422","n/a","n/a","n/a","n/a"
"26 Mar 01","4.6456","4.7885","n/a","n/a","n/a","n/a"
"23 Mar 01","4.6046","4.7504","n/a","n/a","n/a","n/a"
"22 Mar 01","4.5634","4.7342","n/a","n/a","n/a","n/a"
"21 Mar 01","4.6212","4.8181","n/a","n/a","n/a","n/a"
"20 Mar 01","4.6132","4.831","n/a","n/a","n/a","n/a"
"19 Mar 01","4.579","4.7856","n/a","n/a","n/a","n/a"
"16 Mar 01","4.5817","4.7974","n/a","n/a","n/a","n/a"
"15 Mar 01","4.6431","4.8665","n/a","n/a","n/a","n/a"
"14 Mar 01","4.6916","4.9095","n/a","n/a","n/a","n/a"
"13 Mar 01","4.7765","4.995","n/a","n/a","n/a","n/a"
"12 Mar 01","4.7725","4.9813","n/a","n/a","n/a","n/a"
"09 Mar 01","4.7802","4.9996","n/a","n/a","n/a","n/a"
"08 Mar 01","4.7756","5.0162","n/a","n/a","n/a","n/a"
"07 Mar 01","4.7902","5.0627","n/a","n/a","n/a","n/a"
"06 Mar 01","4.7754","5.062","n/a","n/a","n/a","n/a"
"05 Mar 01","4.7759","5.0602","n/a","n/a","n/a","n/a"
"02 Mar 01","4.7541","5.0374","n/a","n/a","n/a","n/a"
"01 Mar 01","4.7519","5.0261","n/a","n/a","n/a","n/a"
"28 Feb 01","4.8049","5.0502","n/a","n/a","n/a","n/a"
"27 Feb 01","4.8272","5.0557","n/a","n/a","n/a","n/a"
"26 Feb 01","4.8884","5.0932","n/a","n/a","n/a","n/a"
"23 Feb 01","4.8892","5.101","n/a","n/a","n/a","n/a"
"22 Feb 01","4.9057","5.1217","n/a","n/a","n/a","n/a"
"21 Feb 01","4.8781","5.1095","n/a","n/a","n/a","n/a"
"20 Feb 01","4.8588","5.1056","n/a","n/a","n/a","n/a"
"19 Feb 01","4.8553","5.1305","n/a","n/a","n/a","n/a"
"16 Feb 01","4.8628","5.1461","n/a","n/a","n/a","n/a"
"15 Feb 01","4.8667","5.1517","n/a","n/a","n/a","n/a"
"14 Feb 01","4.8401","5.0959","n/a","n/a","n/a","n/a"
"13 Feb 01","4.7837","5.0355","n/a","n/a","n/a","n/a"
"12 Feb 01","4.7813","5.0427","n/a","n/a","n/a","n/a"
"09 Feb 01","4.7723","5.0513","n/a","n/a","n/a","n/a"
"08 Feb 01","4.8021","5.0926","n/a","n/a","n/a","n/a"
"07 Feb 01","4.7443","5.0472","n/a","n/a","n/a","n/a"
"06 Feb 01","4.7806","5.0692","n/a","n/a","n/a","n/a"
"05 Feb 01","4.7856","5.0723","n/a","n/a","n/a","n/a"
"02 Feb 01","4.7879","5.0792","n/a","n/a","n/a","n/a"
"01 Feb 01","4.7812","5.0613","n/a","n/a","n/a","n/a"
"31 Jan 01","4.7732","5.0493","n/a","n/a","n/a","n/a"
"30 Jan 01","4.8322","5.117","n/a","n/a","n/a","n/a"
"29 Jan 01","4.8296","5.1327","n/a","n/a","n/a","n/a"
"26 Jan 01","4.822","5.1426","n/a","n/a","n/a","n/a"
"25 Jan 01","4.8849","5.1916","n/a","n/a","n/a","n/a"
"24 Jan 01","4.9011","5.1958","n/a","n/a","n/a","n/a"
"23 Jan 01","4.9223","5.1781","n/a","n/a","n/a","n/a"
"22 Jan 01","4.9316","5.1704","n/a","n/a","n/a","n/a"
"19 Jan 01","4.8887","5.1334","n/a","n/a","n/a","n/a"
"18 Jan 01","4.8927","5.1333","n/a","n/a","n/a","n/a"
"17 Jan 01","4.9095","5.1694","n/a","n/a","n/a","n/a"
"16 Jan 01","4.9086","5.1563","n/a","n/a","n/a","n/a"
"15 Jan 01","4.8744","5.1456","n/a","n/a","n/a","n/a"
"12 Jan 01","4.9008","5.1812","n/a","n/a","n/a","n/a"
"11 Jan 01","4.8326","5.119","n/a","n/a","n/a","n/a"
"10 Jan 01","4.8317","5.1187","n/a","n/a","n/a","n/a"
"09 Jan 01","4.8448","5.1192","n/a","n/a","n/a","n/a"
"08 Jan 01","4.7905","5.0679","n/a","n/a","n/a","n/a"
"05 Jan 01","4.7803","5.0691","n/a","n/a","n/a","n/a"
"04 Jan 01","4.7749","5.0799","n/a","n/a","n/a","n/a"
"03 Jan 01","4.7116","5.031","n/a","n/a","n/a","n/a"
"02 Jan 01","4.7979","5.0688","n/a","n/a","n/a","n/a"
"31 Dec 00","n/a","n/a","5.0838","5.4054","4.8862","5.1556"
"29 Dec 00","4.8862","5.1556","n/a","n/a","n/a","n/a"
"28 Dec 00","4.9083","5.1757","n/a","n/a","n/a","n/a"
"27 Dec 00","4.9056","5.1694","n/a","n/a","n/a","n/a"
"22 Dec 00","4.9379","5.1977","n/a","n/a","n/a","n/a"
"21 Dec 00","4.9518","5.2112","n/a","n/a","n/a","n/a"
"20 Dec 00","4.9241","5.2149","n/a","n/a","n/a","n/a"
"19 Dec 00","4.9354","5.2832","n/a","n/a","n/a","n/a"
"18 Dec 00","4.8935","5.2446","n/a","n/a","n/a","n/a"
"15 Dec 00","4.8935","5.2448","n/a","n/a","n/a","n/a"
"14 Dec 00","4.929","5.254","n/a","n/a","n/a","n/a"
"13 Dec 00","4.8996","5.2123","n/a","n/a","n/a","n/a"
"12 Dec 00","4.9548","5.2443","n/a","n/a","n/a","n/a"
"11 Dec 00","4.9375","5.2362","n/a","n/a","n/a","n/a"
"08 Dec 00","4.941","5.241","n/a","n/a","n/a","n/a"
"07 Dec 00","4.8938","5.1955","n/a","n/a","n/a","n/a"
"06 Dec 00","4.8813","5.1969","n/a","n/a","n/a","n/a"
"05 Dec 00","4.8858","5.2171","n/a","n/a","n/a","n/a"
"04 Dec 00","4.8712","5.2092","n/a","n/a","n/a","n/a"
"01 Dec 00","4.8946","5.2281","n/a","n/a","n/a","n/a"
"30 Nov 00","4.9062","5.238","n/a","n/a","n/a","n/a"
"29 Nov 00","4.9363","5.2633","n/a","n/a","n/a","n/a"
"28 Nov 00","4.906","5.2604","n/a","n/a","n/a","n/a"
"27 Nov 00","4.9196","5.2798","n/a","n/a","n/a","n/a"
"24 Nov 00","4.964","5.2968","n/a","n/a","n/a","n/a"
"23 Nov 00","4.9624","5.2866","n/a","n/a","n/a","n/a"
"22 Nov 00","5.0088","5.3133","n/a","n/a","n/a","n/a"
"21 Nov 00","5.1075","5.4057","n/a","n/a","n/a","n/a"
"20 Nov 00","5.1337","5.4113","n/a","n/a","n/a","n/a"
"17 Nov 00","5.1313","5.4123","n/a","n/a","n/a","n/a"
"16 Nov 00","5.1097","5.3957","n/a","n/a","n/a","n/a"
"15 Nov 00","5.1517","5.4259","n/a","n/a","n/a","n/a"
"14 Nov 00","5.1641","5.4639","n/a","n/a","n/a","n/a"
"13 Nov 00","5.1425","5.4641","n/a","n/a","n/a","n/a"
"10 Nov 00","5.1745","5.5065","n/a","n/a","n/a","n/a"
"09 Nov 00","5.1976","5.5299","n/a","n/a","n/a","n/a"
"08 Nov 00","5.2194","5.5379","n/a","n/a","n/a","n/a"
"07 Nov 00","5.2178","5.5378","n/a","n/a","n/a","n/a"
"06 Nov 00","5.192","5.5196","n/a","n/a","n/a","n/a"
"03 Nov 00","5.1926","5.5212","n/a","n/a","n/a","n/a"
"02 Nov 00","5.208","5.5268","n/a","n/a","n/a","n/a"
"01 Nov 00","5.2169","5.5562","n/a","n/a","n/a","n/a"
"31 Oct 00","5.2186","5.5672","n/a","n/a","n/a","n/a"
"30 Oct 00","5.2376","5.5752","n/a","n/a","n/a","n/a"
"27 Oct 00","5.2563","5.5922","n/a","n/a","n/a","n/a"
"26 Oct 00","5.2153","5.5557","n/a","n/a","n/a","n/a"
"25 Oct 00","5.2168","5.5477","n/a","n/a","n/a","n/a"
"24 Oct 00","5.2138","5.528","n/a","n/a","n/a","n/a"
"23 Oct 00","5.2101","5.5321","n/a","n/a","n/a","n/a"
"20 Oct 00","5.1962","5.5256","n/a","n/a","n/a","n/a"
"19 Oct 00","5.1972","5.5226","n/a","n/a","n/a","n/a"
"18 Oct 00","5.1735","5.5056","n/a","n/a","n/a","n/a"
"17 Oct 00","5.1879","5.5294","n/a","n/a","n/a","n/a"
"16 Oct 00","5.1751","5.5118","n/a","n/a","n/a","n/a"
"13 Oct 00","5.1739","5.502","n/a","n/a","n/a","n/a"
"12 Oct 00","5.1543","5.5081","n/a","n/a","n/a","n/a"
"11 Oct 00","5.1735","5.5364","n/a","n/a","n/a","n/a"
"10 Oct 00","5.1981","5.5681","n/a","n/a","n/a","n/a"
"09 Oct 00","5.1909","5.5433","n/a","n/a","n/a","n/a"
"06 Oct 00","5.2729","5.6131","n/a","n/a","n/a","n/a"
"05 Oct 00","5.2892","5.6267","n/a","n/a","n/a","n/a"
"04 Oct 00","5.2916","5.6262","n/a","n/a","n/a","n/a"
"03 Oct 00","5.2801","5.6206","n/a","n/a","n/a","n/a"
"02 Oct 00","5.2716","5.62","n/a","n/a","n/a","n/a"
"30 Sep 00","n/a","n/a","5.3193","5.7308","5.2715","5.6255"
"29 Sep 00","5.2715","5.6255","n/a","n/a","n/a","n/a"
"28 Sep 00","5.3745","5.7259","n/a","n/a","n/a","n/a"
"27 Sep 00","5.3938","5.7466","n/a","n/a","n/a","n/a"
"26 Sep 00","5.4055","5.7497","n/a","n/a","n/a","n/a"
"25 Sep 00","5.4126","5.7594","n/a","n/a","n/a","n/a"
"22 Sep 00","5.3547","5.7045","n/a","n/a","n/a","n/a"
"21 Sep 00","5.3996","5.7485","n/a","n/a","n/a","n/a"
"20 Sep 00","5.4274","5.777","n/a","n/a","n/a","n/a"
"19 Sep 00","5.4216","5.7678","n/a","n/a","n/a","n/a"
"18 Sep 00","5.4535","5.7979","n/a","n/a","n/a","n/a"
"15 Sep 00","5.4527","5.7975","n/a","n/a","n/a","n/a"
"14 Sep 00","5.4142","5.7761","n/a","n/a","n/a","n/a"
"13 Sep 00","5.4733","5.8049","n/a","n/a","n/a","n/a"
"12 Sep 00","5.4659","5.8073","n/a","n/a","n/a","n/a"
"11 Sep 00","5.3968","5.7519","n/a","n/a","n/a","n/a"
"08 Sep 00","5.3898","5.7478","n/a","n/a","n/a","n/a"
"07 Sep 00","5.332","5.7085","n/a","n/a","n/a","n/a"
"06 Sep 00","5.3473","5.7359","n/a","n/a","n/a","n/a"
"05 Sep 00","5.339","5.7421","n/a","n/a","n/a","n/a"
"04 Sep 00","5.3045","5.7167","n/a","n/a","n/a","n/a"
"01 Sep 00","5.3037","5.7071","n/a","n/a","n/a","n/a"
"31 Aug 00","5.3964","5.7856","n/a","n/a","n/a","n/a"
"30 Aug 00","5.3938","5.7884","n/a","n/a","n/a","n/a"
"29 Aug 00","5.389","5.8008","n/a","n/a","n/a","n/a"
"25 Aug 00","5.3323","5.7519","n/a","n/a","n/a","n/a"
"24 Aug 00","5.3182","5.7455","n/a","n/a","n/a","n/a"
"23 Aug 00","5.3595","5.781","n/a","n/a","n/a","n/a"
"22 Aug 00","5.3881","5.8081","n/a","n/a","n/a","n/a"
"21 Aug 00","5.3943","5.8078","n/a","n/a","n/a","n/a"
"18 Aug 00","5.35","5.7768","n/a","n/a","n/a","n/a"
"17 Aug 00","5.3653","5.7971","n/a","n/a","n/a","n/a"
"16 Aug 00","5.3487","5.7816","n/a","n/a","n/a","n/a"
"15 Aug 00","5.3501","5.7744","n/a","n/a","n/a","n/a"
"14 Aug 00","5.3097","5.7434","n/a","n/a","n/a","n/a"
"11 Aug 00","5.2536","5.6937","n/a","n/a","n/a","n/a"
"10 Aug 00","5.2996","5.7202","n/a","n/a","n/a","n/a"
"09 Aug 00","5.2881","5.7102","n/a","n/a","n/a","n/a"
"08 Aug 00","5.2827","5.7136","n/a","n/a","n/a","n/a"
"07 Aug 00","5.2969","5.7194","n/a","n/a","n/a","n/a"
"04 Aug 00","5.3192","5.7408","n/a","n/a","n/a","n/a"
"03 Aug 00","5.2865","5.7293","n/a","n/a","n/a","n/a"
"02 Aug 00","5.2957","5.7537","n/a","n/a","n/a","n/a"
"01 Aug 00","5.2694","5.7329","n/a","n/a","n/a","n/a"
"31 Jul 00","5.2897","5.7442","n/a","n/a","n/a","n/a"
"28 Jul 00","5.2918","5.7564","n/a","n/a","n/a","n/a"
"27 Jul 00","5.2047","5.6682","n/a","n/a","n/a","n/a"
"26 Jul 00","5.1859","5.661","n/a","n/a","n/a","n/a"
"25 Jul 00","5.1971","5.685","n/a","n/a","n/a","n/a"
"24 Jul 00","5.2079","5.7138","n/a","n/a","n/a","n/a"
"21 Jul 00","5.1939","5.6926","n/a","n/a","n/a","n/a"
"20 Jul 00","5.24","5.728","n/a","n/a","n/a","n/a"
"19 Jul 00","5.2605","5.7041","n/a","n/a","n/a","n/a"
"18 Jul 00","5.2982","5.7185","n/a","n/a","n/a","n/a"
"17 Jul 00","5.3159","5.7087","n/a","n/a","n/a","n/a"
"14 Jul 00","5.303","5.6915","n/a","n/a","n/a","n/a"
"13 Jul 00","5.2223","5.6303","n/a","n/a","n/a","n/a"
"12 Jul 00","5.213","5.6349","n/a","n/a","n/a","n/a"
"11 Jul 00","5.216","5.6568","n/a","n/a","n/a","n/a"
"10 Jul 00","5.2439","5.6684","n/a","n/a","n/a","n/a"
"07 Jul 00","5.1871","5.6207","n/a","n/a","n/a","n/a"
"06 Jul 00","5.2551","5.69","n/a","n/a","n/a","n/a"
"05 Jul 00","5.1895","5.6364","n/a","n/a","n/a","n/a"
"04 Jul 00","5.2326","5.6849","n/a","n/a","n/a","n/a"
"03 Jul 00","5.2675","5.7227","n/a","n/a","n/a","n/a"
"30 Jun 00","5.228","5.7004","5.3093","5.8512","5.228","5.7004"
"29 Jun 00","5.2248","5.7076","n/a","n/a","n/a","n/a"
"28 Jun 00","5.2786","5.7695","n/a","n/a","n/a","n/a"
"27 Jun 00","5.2937","5.7738","n/a","n/a","n/a","n/a"
"26 Jun 00","5.2877","5.7622","n/a","n/a","n/a","n/a"
"23 Jun 00","5.3242","5.7721","n/a","n/a","n/a","n/a"
"22 Jun 00","5.2822","5.7332","n/a","n/a","n/a","n/a"
"21 Jun 00","5.305","5.751","n/a","n/a","n/a","n/a"
"20 Jun 00","5.2006","5.6683","n/a","n/a","n/a","n/a"
"19 Jun 00","5.1538","5.6364","n/a","n/a","n/a","n/a"
"16 Jun 00","5.1331","5.636","n/a","n/a","n/a","n/a"
"15 Jun 00","5.2333","5.7217","n/a","n/a","n/a","n/a"
"14 Jun 00","5.1946","5.7247","n/a","n/a","n/a","n/a"
"13 Jun 00","5.1589","5.717","n/a","n/a","n/a","n/a"
"12 Jun 00","5.1629","5.7274","n/a","n/a","n/a","n/a"
"09 Jun 00","5.1723","5.7368","n/a","n/a","n/a","n/a"
"08 Jun 00","5.2178","5.7755","n/a","n/a","n/a","n/a"
"07 Jun 00","5.1714","5.7226","n/a","n/a","n/a","n/a"
"06 Jun 00","5.1696","5.7217","n/a","n/a","n/a","n/a"
"05 Jun 00","5.1342","5.6952","n/a","n/a","n/a","n/a"
"02 Jun 00","5.1002","5.6653","n/a","n/a","n/a","n/a"
"01 Jun 00","5.1865","5.7647","n/a","n/a","n/a","n/a"
"31 May 00","5.2256","5.8117","n/a","n/a","n/a","n/a"
"30 May 00","5.2996","5.8761","n/a","n/a","n/a","n/a"
"26 May 00","5.2799","5.8506","n/a","n/a","n/a","n/a"
"25 May 00","5.3703","5.9178","n/a","n/a","n/a","n/a"
"24 May 00","5.4588","5.9838","n/a","n/a","n/a","n/a"
"23 May 00","5.5015","6.0145","n/a","n/a","n/a","n/a"
"22 May 00","5.4772","5.9755","n/a","n/a","n/a","n/a"
"19 May 00","5.5585","6.043","n/a","n/a","n/a","n/a"
"18 May 00","5.5443","6.0363","n/a","n/a","n/a","n/a"
"17 May 00","5.4832","6.0191","n/a","n/a","n/a","n/a"
"16 May 00","5.3696","5.9419","n/a","n/a","n/a","n/a"
"15 May 00","5.4007","5.9579","n/a","n/a","n/a","n/a"
"12 May 00","5.4601","5.9901","n/a","n/a","n/a","n/a"
"11 May 00","5.4626","5.9843","n/a","n/a","n/a","n/a"
"10 May 00","5.3523","5.8743","n/a","n/a","n/a","n/a"
"09 May 00","5.3554","5.8683","n/a","n/a","n/a","n/a"
"08 May 00","5.4044","5.9066","n/a","n/a","n/a","n/a"
"05 May 00","5.4517","5.9337","n/a","n/a","n/a","n/a"
"04 May 00","5.4145","5.9009","n/a","n/a","n/a","n/a"
"03 May 00","5.3054","5.8166","n/a","n/a","n/a","n/a"
"02 May 00","5.2937","5.8214","n/a","n/a","n/a","n/a"
"28 Apr 00","5.2684","5.8155","n/a","n/a","n/a","n/a"
"27 Apr 00","5.3306","5.8884","n/a","n/a","n/a","n/a"
"26 Apr 00","5.371","5.9376","n/a","n/a","n/a","n/a"
"25 Apr 00","5.4169","5.9935","n/a","n/a","n/a","n/a"
"20 Apr 00","5.3732","5.9601","n/a","n/a","n/a","n/a"
"19 Apr 00","5.3632","5.9429","n/a","n/a","n/a","n/a"
"18 Apr 00","5.3542","5.9273","n/a","n/a","n/a","n/a"
"17 Apr 00","5.3712","5.9312","n/a","n/a","n/a","n/a"
"14 Apr 00","5.35","5.9261","n/a","n/a","n/a","n/a"
"13 Apr 00","5.3375","5.9148","n/a","n/a","n/a","n/a"
"12 Apr 00","5.2877","5.8985","n/a","n/a","n/a","n/a"
"11 Apr 00","5.2601","5.8723","n/a","n/a","n/a","n/a"
"10 Apr 00","5.2871","5.9125","n/a","n/a","n/a","n/a"
"07 Apr 00","5.2516","5.8818","n/a","n/a","n/a","n/a"
"06 Apr 00","5.3152","5.943","n/a","n/a","n/a","n/a"
"05 Apr 00","5.2343","5.8802","n/a","n/a","n/a","n/a"
"04 Apr 00","5.3215","5.9571","n/a","n/a","n/a","n/a"
"03 Apr 00","5.2902","5.9319","n/a","n/a","n/a","n/a"
"31 Mar 00","5.3368","5.9774","5.5986","6.2041","5.3368","5.9774"
"30 Mar 00","5.3493","5.9955","n/a","n/a","n/a","n/a"
"29 Mar 00","5.4182","6.063","n/a","n/a","n/a","n/a"
"28 Mar 00","5.417","6.0628","n/a","n/a","n/a","n/a"
"27 Mar 00","5.4599","6.1091","n/a","n/a","n/a","n/a"
"24 Mar 00","5.3366","5.9632","n/a","n/a","n/a","n/a"
"23 Mar 00","5.3197","5.9488","n/a","n/a","n/a","n/a"
"22 Mar 00","5.3714","5.962","n/a","n/a","n/a","n/a"
"21 Mar 00","5.2851","5.917","n/a","n/a","n/a","n/a"
"20 Mar 00","5.2594","5.9044","n/a","n/a","n/a","n/a"
"17 Mar 00","5.2209","5.896","n/a","n/a","n/a","n/a"
"16 Mar 00","5.268","5.9312","n/a","n/a","n/a","n/a"
"15 Mar 00","5.3797","6.0194","n/a","n/a","n/a","n/a"
"14 Mar 00","5.4059","6.0245","n/a","n/a","n/a","n/a"
"13 Mar 00","5.3802","6.0008","n/a","n/a","n/a","n/a"
"10 Mar 00","5.3907","6.0112","n/a","n/a","n/a","n/a"
"09 Mar 00","5.3425","5.9797","n/a","n/a","n/a","n/a"
"08 Mar 00","5.3783","6.0149","n/a","n/a","n/a","n/a"
"07 Mar 00","5.3591","5.9995","n/a","n/a","n/a","n/a"
"06 Mar 00","5.3872","6.0137","n/a","n/a","n/a","n/a"
"03 Mar 00","5.4433","6.0626","n/a","n/a","n/a","n/a"
"02 Mar 00","5.522","6.1177","n/a","n/a","n/a","n/a"
"01 Mar 00","5.4951","6.0888","n/a","n/a","n/a","n/a"
"29 Feb 00","5.526","6.1261","n/a","n/a","n/a","n/a"
"28 Feb 00","5.4364","6.0692","n/a","n/a","n/a","n/a"
"25 Feb 00","5.418","6.0451","n/a","n/a","n/a","n/a"
"24 Feb 00","5.4278","6.0461","n/a","n/a","n/a","n/a"
"23 Feb 00","5.528","6.1289","n/a","n/a","n/a","n/a"
"22 Feb 00","5.5051","6.1126","n/a","n/a","n/a","n/a"
"21 Feb 00","5.5985","6.2019","n/a","n/a","n/a","n/a"
"18 Feb 00","5.6817","6.2769","n/a","n/a","n/a","n/a"
"17 Feb 00","5.7358","6.3099","n/a","n/a","n/a","n/a"
"16 Feb 00","5.7745","6.3581","n/a","n/a","n/a","n/a"
"15 Feb 00","5.6727","6.238","n/a","n/a","n/a","n/a"
"14 Feb 00","5.662","6.2153","n/a","n/a","n/a","n/a"
"11 Feb 00","5.727","6.2976","n/a","n/a","n/a","n/a"
"10 Feb 00","5.7651","6.3671","n/a","n/a","n/a","n/a"
"09 Feb 00","5.727","6.3561","n/a","n/a","n/a","n/a"
"08 Feb 00","5.6933","6.3287","n/a","n/a","n/a","n/a"
"07 Feb 00","5.7324","6.3642","n/a","n/a","n/a","n/a"
"04 Feb 00","5.7178","6.3381","n/a","n/a","n/a","n/a"
"03 Feb 00","5.6321","6.2673","n/a","n/a","n/a","n/a"
"02 Feb 00","5.6911","6.297","n/a","n/a","n/a","n/a"
"01 Feb 00","5.6757","6.2913","n/a","n/a","n/a","n/a"
"31 Jan 00","5.816","6.4025","n/a","n/a","n/a","n/a"
"28 Jan 00","5.9219","6.4847","n/a","n/a","n/a","n/a"
"27 Jan 00","5.8969","6.4568","n/a","n/a","n/a","n/a"
"26 Jan 00","5.7976","6.3639","n/a","n/a","n/a","n/a"
"25 Jan 00","5.7989","6.3903","n/a","n/a","n/a","n/a"
"24 Jan 00","5.874","6.4476","n/a","n/a","n/a","n/a"
"21 Jan 00","5.8912","6.4575","n/a","n/a","n/a","n/a"
"20 Jan 00","5.918","6.4871","n/a","n/a","n/a","n/a"
"19 Jan 00","5.8738","6.4434","n/a","n/a","n/a","n/a"
"18 Jan 00","5.9337","6.4974","n/a","n/a","n/a","n/a"
"17 Jan 00","5.8374","6.4058","n/a","n/a","n/a","n/a"
"14 Jan 00","5.7824","6.3504","n/a","n/a","n/a","n/a"
"13 Jan 00","5.7387","6.3253","n/a","n/a","n/a","n/a"
"12 Jan 00","5.8257","6.3923","n/a","n/a","n/a","n/a"
"11 Jan 00","5.7703","6.3577","n/a","n/a","n/a","n/a"
"10 Jan 00","5.6861","6.2749","n/a","n/a","n/a","n/a"
"07 Jan 00","5.7565","6.3387","n/a","n/a","n/a","n/a"
"06 Jan 00","5.8087","6.3921","n/a","n/a","n/a","n/a"
"05 Jan 00","5.8037","6.3786","n/a","n/a","n/a","n/a"
"04 Jan 00","5.723","6.3171","n/a","n/a","n/a","n/a"
"31 Dec 99","n/a","n/a","5.5267","6.1127","5.4899","6.0892"
"30 Dec 99","5.4899","6.0892","n/a","n/a","n/a","n/a"
"29 Dec 99","5.4899","6.0892","n/a","n/a","n/a","n/a"
"24 Dec 99","5.4899","6.0892","n/a","n/a","n/a","n/a"
"23 Dec 99","5.4899","6.0892","n/a","n/a","n/a","n/a"
"22 Dec 99","5.5009","6.0958","n/a","n/a","n/a","n/a"
"21 Dec 99","5.4064","6.015","n/a","n/a","n/a","n/a"
"20 Dec 99","5.4064","6.015","n/a","n/a","n/a","n/a"
"17 Dec 99","5.3964","6.0208","n/a","n/a","n/a","n/a"
"16 Dec 99","5.3962","6.0235","n/a","n/a","n/a","n/a"
"15 Dec 99","5.2264","5.8944","n/a","n/a","n/a","n/a"
"14 Dec 99","5.2629","5.9099","n/a","n/a","n/a","n/a"
"13 Dec 99","5.2159","5.8653","n/a","n/a","n/a","n/a"
"10 Dec 99","5.1976","5.8402","n/a","n/a","n/a","n/a"
"09 Dec 99","5.2959","5.9186","n/a","n/a","n/a","n/a"
"08 Dec 99","5.3752","5.9968","n/a","n/a","n/a","n/a"
"07 Dec 99","5.3639","5.9693","n/a","n/a","n/a","n/a"
"06 Dec 99","5.4591","6.0705","n/a","n/a","n/a","n/a"
"03 Dec 99","5.5157","6.1273","n/a","n/a","n/a","n/a"
"02 Dec 99","5.443","6.0847","n/a","n/a","n/a","n/a"
"01 Dec 99","5.3574","6.0443","n/a","n/a","n/a","n/a"
"30 Nov 99","5.3549","6.0767","n/a","n/a","n/a","n/a"
"29 Nov 99","5.4217","6.1396","n/a","n/a","n/a","n/a"
"26 Nov 99","5.4613","6.1791","n/a","n/a","n/a","n/a"
"25 Nov 99","5.4695","6.1691","n/a","n/a","n/a","n/a"
"24 Nov 99","5.4036","6.1113","n/a","n/a","n/a","n/a"
"23 Nov 99","5.3316","6.0312","n/a","n/a","n/a","n/a"
"22 Nov 99","5.3374","6.0435","n/a","n/a","n/a","n/a"
"19 Nov 99","5.2831","5.9942","n/a","n/a","n/a","n/a"
"18 Nov 99","5.2565","5.959","n/a","n/a","n/a","n/a"
"17 Nov 99","5.1896","5.8702","n/a","n/a","n/a","n/a"
"16 Nov 99","5.1066","5.7749","n/a","n/a","n/a","n/a"
"15 Nov 99","5.1805","5.8165","n/a","n/a","n/a","n/a"
"12 Nov 99","5.1622","5.7981","n/a","n/a","n/a","n/a"
"11 Nov 99","5.2851","5.8948","n/a","n/a","n/a","n/a"
"10 Nov 99","5.2963","5.8976","n/a","n/a","n/a","n/a"
"09 Nov 99","5.276","5.8809","n/a","n/a","n/a","n/a"
"08 Nov 99","5.2369","5.8512","n/a","n/a","n/a","n/a"
"05 Nov 99","5.2197","5.8701","n/a","n/a","n/a","n/a"
"04 Nov 99","5.2571","5.8943","n/a","n/a","n/a","n/a"
"03 Nov 99","5.4292","6.0327","n/a","n/a","n/a","n/a"
"02 Nov 99","5.4299","6.0135","n/a","n/a","n/a","n/a"
"01 Nov 99","5.5295","6.0829","n/a","n/a","n/a","n/a"
"29 Oct 99","5.5597","6.1203","n/a","n/a","n/a","n/a"
"28 Oct 99","5.6727","6.2371","n/a","n/a","n/a","n/a"
"27 Oct 99","5.8081","6.3473","n/a","n/a","n/a","n/a"
"26 Oct 99","5.9365","6.4554","n/a","n/a","n/a","n/a"
"25 Oct 99","6.0009","6.4959","n/a","n/a","n/a","n/a"
"22 Oct 99","5.9049","6.4137","n/a","n/a","n/a","n/a"
"21 Oct 99","5.8839","6.3733","n/a","n/a","n/a","n/a"
"20 Oct 99","5.9516","6.4279","n/a","n/a","n/a","n/a"
"19 Oct 99","5.9155","6.3721","n/a","n/a","n/a","n/a"
"18 Oct 99","5.9482","6.3879","n/a","n/a","n/a","n/a"
"15 Oct 99","5.9754","6.4138","n/a","n/a","n/a","n/a"
"14 Oct 99","6.0473","6.4746","n/a","n/a","n/a","n/a"
"13 Oct 99","5.8929","6.3349","n/a","n/a","n/a","n/a"
"12 Oct 99","5.9245","6.3468","n/a","n/a","n/a","n/a"
"11 Oct 99","5.849","6.286","n/a","n/a","n/a","n/a"
"08 Oct 99","5.8527","6.2924","n/a","n/a","n/a","n/a"
"07 Oct 99","5.835","6.2953","n/a","n/a","n/a","n/a"
"06 Oct 99","5.8631","6.331","n/a","n/a","n/a","n/a"
"05 Oct 99","5.8682","6.3404","n/a","n/a","n/a","n/a"
"04 Oct 99","5.8744","6.3532","n/a","n/a","n/a","n/a"
"01 Oct 99","5.9186","6.3697","n/a","n/a","n/a","n/a"
"30 Sep 99","5.7945","6.2387","5.4991","5.8413","5.7945","6.2387"
"29 Sep 99","5.8727","6.2909","n/a","n/a","n/a","n/a"
"28 Sep 99","5.8401","6.2378","n/a","n/a","n/a","n/a"
"27 Sep 99","5.8114","6.1688","n/a","n/a","n/a","n/a"
"24 Sep 99","5.7207","6.0877","n/a","n/a","n/a","n/a"
"23 Sep 99","5.7859","6.1525","n/a","n/a","n/a","n/a"
"22 Sep 99","5.7906","6.1627","n/a","n/a","n/a","n/a"
"21 Sep 99","5.7398","6.1294","n/a","n/a","n/a","n/a"
"20 Sep 99","5.6961","6.099","n/a","n/a","n/a","n/a"
"17 Sep 99","5.6441","6.0821","n/a","n/a","n/a","n/a"
"16 Sep 99","5.7266","6.1357","n/a","n/a","n/a","n/a"
"15 Sep 99","5.7968","6.2031","n/a","n/a","n/a","n/a"
"14 Sep 99","5.7646","6.181","n/a","n/a","n/a","n/a"
"13 Sep 99","5.7608","6.1904","n/a","n/a","n/a","n/a"
"10 Sep 99","5.721","6.1416","n/a","n/a","n/a","n/a"
"09 Sep 99","5.66","6.0706","n/a","n/a","n/a","n/a"
"08 Sep 99","5.6584","6.0979","n/a","n/a","n/a","n/a"
"07 Sep 99","5.5646","5.9452","n/a","n/a","n/a","n/a"
"06 Sep 99","5.4532","5.8566","n/a","n/a","n/a","n/a"
"03 Sep 99","5.455","5.883","n/a","n/a","n/a","n/a"
"02 Sep 99","5.5456","5.9972","n/a","n/a","n/a","n/a"
"01 Sep 99","5.3973","5.8744","n/a","n/a","n/a","n/a"
"31 Aug 99","5.3184","5.7895","n/a","n/a","n/a","n/a"
"27 Aug 99","5.2911","5.7374","n/a","n/a","n/a","n/a"
"26 Aug 99","5.2497","5.6635","n/a","n/a","n/a","n/a"
"25 Aug 99","5.2314","5.643","n/a","n/a","n/a","n/a"
"24 Aug 99","5.3368","5.73","n/a","n/a","n/a","n/a"
"23 Aug 99","5.3367","5.7113","n/a","n/a","n/a","n/a"
"20 Aug 99","5.3513","5.7088","n/a","n/a","n/a","n/a"
"19 Aug 99","5.3274","5.6821","n/a","n/a","n/a","n/a"
"18 Aug 99","5.3894","5.7649","n/a","n/a","n/a","n/a"
"17 Aug 99","5.4792","5.8603","n/a","n/a","n/a","n/a"
"16 Aug 99","5.4928","5.892","n/a","n/a","n/a","n/a"
"13 Aug 99","5.4987","5.9098","n/a","n/a","n/a","n/a"
"12 Aug 99","5.5162","5.92","n/a","n/a","n/a","n/a"
"11 Aug 99","5.5694","5.9614","n/a","n/a","n/a","n/a"
"10 Aug 99","5.5898","6.011","n/a","n/a","n/a","n/a"
"09 Aug 99","5.6026","6.0537","n/a","n/a","n/a","n/a"
"06 Aug 99","5.6525","6.1207","n/a","n/a","n/a","n/a"
"05 Aug 99","5.489","6.0051","n/a","n/a","n/a","n/a"
"04 Aug 99","5.4316","5.9554","n/a","n/a","n/a","n/a"
"03 Aug 99","5.4668","5.9306","n/a","n/a","n/a","n/a"
"02 Aug 99","5.4334","5.8023","n/a","n/a","n/a","n/a"
"30 Jul 99","5.4936","5.8028","n/a","n/a","n/a","n/a"
"29 Jul 99","5.5063","5.7842","n/a","n/a","n/a","n/a"
"28 Jul 99","5.4136","5.6743","n/a","n/a","n/a","n/a"
"27 Jul 99","5.396","5.6506","n/a","n/a","n/a","n/a"
"26 Jul 99","5.4106","5.6462","n/a","n/a","n/a","n/a"
"23 Jul 99","5.3996","5.6145","n/a","n/a","n/a","n/a"
"22 Jul 99","5.3225","5.5599","n/a","n/a","n/a","n/a"
"21 Jul 99","5.3363","5.576","n/a","n/a","n/a","n/a"
"20 Jul 99","5.3798","5.5866","n/a","n/a","n/a","n/a"
"19 Jul 99","5.3623","5.5383","n/a","n/a","n/a","n/a"
"16 Jul 99","5.3593","5.511","n/a","n/a","n/a","n/a"
"15 Jul 99","5.3982","5.5227","n/a","n/a","n/a","n/a"
"14 Jul 99","5.3158","5.4351","n/a","n/a","n/a","n/a"
"13 Jul 99","5.3114","5.4567","n/a","n/a","n/a","n/a"
"12 Jul 99","5.3561","5.5042","n/a","n/a","n/a","n/a"
"09 Jul 99","5.4239","5.5597","n/a","n/a","n/a","n/a"
"08 Jul 99","5.4529","5.6127","n/a","n/a","n/a","n/a"
"07 Jul 99","5.3924","5.5773","n/a","n/a","n/a","n/a"
"06 Jul 99","5.3539","5.5472","n/a","n/a","n/a","n/a"
"05 Jul 99","5.2776","5.4826","n/a","n/a","n/a","n/a"
"02 Jul 99","5.2299","5.451","n/a","n/a","n/a","n/a"
"01 Jul 99","5.2943","5.5143","n/a","n/a","n/a","n/a"
"30 Jun 99","5.2079","5.4629","4.8991","5.0483","5.2079","5.4629"
"29 Jun 99","5.2616","5.5291","n/a","n/a","n/a","n/a"
"28 Jun 99","5.2838","5.5749","n/a","n/a","n/a","n/a"
"25 Jun 99","5.3015","5.5778","n/a","n/a","n/a","n/a"
"24 Jun 99","5.4129","5.6534","n/a","n/a","n/a","n/a"
"23 Jun 99","5.2654","5.4701","n/a","n/a","n/a","n/a"
"22 Jun 99","5.2328","5.4404","n/a","n/a","n/a","n/a"
"21 Jun 99","5.1426","5.3403","n/a","n/a","n/a","n/a"
"18 Jun 99","5.0429","5.2238","n/a","n/a","n/a","n/a"
"17 Jun 99","5.0378","5.2079","n/a","n/a","n/a","n/a"
"16 Jun 99","5.0959","5.2437","n/a","n/a","n/a","n/a"
"15 Jun 99","5.1081","5.2657","n/a","n/a","n/a","n/a"
"14 Jun 99","5.2073","5.358","n/a","n/a","n/a","n/a"
"11 Jun 99","5.2296","5.3928","n/a","n/a","n/a","n/a"
"10 Jun 99","5.2438","5.3931","n/a","n/a","n/a","n/a"
"09 Jun 99","5.1304","5.295","n/a","n/a","n/a","n/a"
"08 Jun 99","5.1048","5.2888","n/a","n/a","n/a","n/a"
"07 Jun 99","5.0683","5.2376","n/a","n/a","n/a","n/a"
"04 Jun 99","5.106","5.2761","n/a","n/a","n/a","n/a"
"03 Jun 99","5.0911","5.2701","n/a","n/a","n/a","n/a"
"02 Jun 99","5.1073","5.2949","n/a","n/a","n/a","n/a"
"01 Jun 99","5.0925","5.2381","n/a","n/a","n/a","n/a"
"28 May 99","5.0004","5.1326","n/a","n/a","n/a","n/a"
"27 May 99","4.9681","5.0925","n/a","n/a","n/a","n/a"
"26 May 99","4.9019","5.0248","n/a","n/a","n/a","n/a"
"25 May 99","4.8825","4.9831","n/a","n/a","n/a","n/a"
"24 May 99","4.8955","4.9815","n/a","n/a","n/a","n/a"
"21 May 99","4.9263","5.0142","n/a","n/a","n/a","n/a"
"20 May 99","4.9349","5.0441","n/a","n/a","n/a","n/a"
"19 May 99","4.9933","5.0986","n/a","n/a","n/a","n/a"
"18 May 99","4.9744","5.0931","n/a","n/a","n/a","n/a"
"17 May 99","4.9539","5.0509","n/a","n/a","n/a","n/a"
"14 May 99","4.944","5.0188","n/a","n/a","n/a","n/a"
"13 May 99","4.7787","4.8649","n/a","n/a","n/a","n/a"
"12 May 99","4.8378","4.9423","n/a","n/a","n/a","n/a"
"11 May 99","4.8873","4.9944","n/a","n/a","n/a","n/a"
"10 May 99","4.8897","5.0047","n/a","n/a","n/a","n/a"
"07 May 99","4.9017","5.0314","n/a","n/a","n/a","n/a"
"06 May 99","4.8887","5.0353","n/a","n/a","n/a","n/a"
"05 May 99","4.8395","4.9986","n/a","n/a","n/a","n/a"
"04 May 99","4.8297","4.9938","n/a","n/a","n/a","n/a"
"30 Apr 99","4.7109","4.8777","n/a","n/a","n/a","n/a"
"29 Apr 99","4.6559","4.8266","n/a","n/a","n/a","n/a"
"28 Apr 99","4.7196","4.8818","n/a","n/a","n/a","n/a"
"27 Apr 99","4.6736","4.8447","n/a","n/a","n/a","n/a"
"26 Apr 99","4.6743","4.8178","n/a","n/a","n/a","n/a"
"23 Apr 99","4.6236","4.7758","n/a","n/a","n/a","n/a"
"22 Apr 99","4.6226","4.7598","n/a","n/a","n/a","n/a"
"21 Apr 99","4.5718","4.7103","n/a","n/a","n/a","n/a"
"20 Apr 99","4.5607","4.696","n/a","n/a","n/a","n/a"
"19 Apr 99","4.6148","4.7434","n/a","n/a","n/a","n/a"
"16 Apr 99","4.6253","4.7486","n/a","n/a","n/a","n/a"
"15 Apr 99","4.6076","4.7413","n/a","n/a","n/a","n/a"
"14 Apr 99","4.5145","4.6474","n/a","n/a","n/a","n/a"
"13 Apr 99","4.5106","4.6594","n/a","n/a","n/a","n/a"
"12 Apr 99","4.4835","4.6205","n/a","n/a","n/a","n/a"
"09 Apr 99","4.4759","4.6084","n/a","n/a","n/a","n/a"
"08 Apr 99","4.5275","4.6532","n/a","n/a","n/a","n/a"
"07 Apr 99","4.5153","4.6089","n/a","n/a","n/a","n/a"
"06 Apr 99","4.52","4.5952","n/a","n/a","n/a","n/a"
"01 Apr 99","4.6323","4.6937","n/a","n/a","n/a","n/a"
"31 Mar 99","4.5923","4.6399","4.4674","4.5427","4.5923","4.6399"
"30 Mar 99","4.6273","4.679","n/a","n/a","n/a","n/a"
"29 Mar 99","4.6587","4.6892","n/a","n/a","n/a","n/a"
"26 Mar 99","4.6579","4.7041","n/a","n/a","n/a","n/a"
"25 Mar 99","4.604","4.6631","n/a","n/a","n/a","n/a"
"24 Mar 99","4.6235","4.6807","n/a","n/a","n/a","n/a"
"23 Mar 99","4.6069","4.6743","n/a","n/a","n/a","n/a"
"22 Mar 99","4.5783","4.6553","n/a","n/a","n/a","n/a"
"19 Mar 99","4.5566","4.6318","n/a","n/a","n/a","n/a"
"18 Mar 99","4.5376","4.6151","n/a","n/a","n/a","n/a"
"17 Mar 99","4.5318","4.642","n/a","n/a","n/a","n/a"
"16 Mar 99","4.5908","4.7099","n/a","n/a","n/a","n/a"
"15 Mar 99","4.6616","4.7614","n/a","n/a","n/a","n/a"
"12 Mar 99","4.6628","4.762","n/a","n/a","n/a","n/a"
"11 Mar 99","4.6781","4.7781","n/a","n/a","n/a","n/a"
"10 Mar 99","4.7221","4.8253","n/a","n/a","n/a","n/a"
"09 Mar 99","4.7714","4.8737","n/a","n/a","n/a","n/a"
"08 Mar 99","4.7039","4.7998","n/a","n/a","n/a","n/a"
"05 Mar 99","4.6784","4.7883","n/a","n/a","n/a","n/a"
"04 Mar 99","4.809","4.9148","n/a","n/a","n/a","n/a"
"03 Mar 99","4.7981","4.9146","n/a","n/a","n/a","n/a"
"02 Mar 99","4.7083","4.7911","n/a","n/a","n/a","n/a"
"01 Mar 99","4.7159","4.8246","n/a","n/a","n/a","n/a"
"26 Feb 99","4.6306","4.7117","n/a","n/a","n/a","n/a"
"25 Feb 99","4.5955","4.6764","n/a","n/a","n/a","n/a"
"24 Feb 99","4.4492","4.5194","n/a","n/a","n/a","n/a"
"23 Feb 99","4.4262","4.5116","n/a","n/a","n/a","n/a"
"22 Feb 99","4.462","4.5487","n/a","n/a","n/a","n/a"
"19 Feb 99","4.4954","4.5839","n/a","n/a","n/a","n/a"
"18 Feb 99","4.5221","4.6203","n/a","n/a","n/a","n/a"
"17 Feb 99","4.5225","4.6432","n/a","n/a","n/a","n/a"
"16 Feb 99","4.5244","4.6079","n/a","n/a","n/a","n/a"
"15 Feb 99","4.556","4.6079","n/a","n/a","n/a","n/a"
"12 Feb 99","4.5208","4.557","n/a","n/a","n/a","n/a"
"11 Feb 99","4.3754","4.4466","n/a","n/a","n/a","n/a"
"10 Feb 99","4.3745","4.4367","n/a","n/a","n/a","n/a"
"09 Feb 99","4.3596","4.4402","n/a","n/a","n/a","n/a"
"08 Feb 99","4.4059","4.4442","n/a","n/a","n/a","n/a"
"05 Feb 99","4.3291","4.3677","n/a","n/a","n/a","n/a"
"04 Feb 99","4.3653","4.4164","n/a","n/a","n/a","n/a"
"03 Feb 99","4.2781","4.3746","n/a","n/a","n/a","n/a"
"02 Feb 99","4.2317","4.2997","n/a","n/a","n/a","n/a"
"01 Feb 99","4.2132","4.275","n/a","n/a","n/a","n/a"
"29 Jan 99","4.1868","4.2674","n/a","n/a","n/a","n/a"
"28 Jan 99","4.2171","4.311","n/a","n/a","n/a","n/a"
"27 Jan 99","4.2148","4.3079","n/a","n/a","n/a","n/a"
"26 Jan 99","4.2057","4.3076","n/a","n/a","n/a","n/a"
"25 Jan 99","4.2342","4.304","n/a","n/a","n/a","n/a"
"22 Jan 99","4.1791","4.2444","n/a","n/a","n/a","n/a"
"21 Jan 99","4.2321","4.3045","n/a","n/a","n/a","n/a"
"20 Jan 99","4.2993","4.3666","n/a","n/a","n/a","n/a"
"19 Jan 99","4.3283","4.3926","n/a","n/a","n/a","n/a"
"18 Jan 99","4.3296","4.3612","n/a","n/a","n/a","n/a"
"15 Jan 99","4.3222","4.3505","n/a","n/a","n/a","n/a"
"14 Jan 99","4.2974","4.3387","n/a","n/a","n/a","n/a"
"13 Jan 99","4.3191","4.3541","n/a","n/a","n/a","n/a"
"12 Jan 99","4.405","4.4305","n/a","n/a","n/a","n/a"
"11 Jan 99","4.3399","4.3673","n/a","n/a","n/a","n/a"
"08 Jan 99","4.292","4.3466","n/a","n/a","n/a","n/a"
"07 Jan 99","4.3113","4.3866","n/a","n/a","n/a","n/a"
"06 Jan 99","4.3563","4.4609","n/a","n/a","n/a","n/a"
"05 Jan 99","4.3524","4.4648","n/a","n/a","n/a","n/a"
"04 Jan 99","4.3139","4.4143","n/a","n/a","n/a","n/a"
"31 Dec 98","4.3836","4.4451","4.8223","4.8697","4.3836","4.4451"
"30 Dec 98","4.3957","4.4504","n/a","n/a","n/a","n/a"
"29 Dec 98","4.4442","4.4967","n/a","n/a","n/a","n/a"
"24 Dec 98","4.4743","4.5203","n/a","n/a","n/a","n/a"
"23 Dec 98","4.4557","4.5084","n/a","n/a","n/a","n/a"
"22 Dec 98","4.5379","4.5976","n/a","n/a","n/a","n/a"
"21 Dec 98","4.4948","4.5827","n/a","n/a","n/a","n/a"
"18 Dec 98","4.4573","4.5394","n/a","n/a","n/a","n/a"
"17 Dec 98","4.4708","4.5341","n/a","n/a","n/a","n/a"
"16 Dec 98","4.5006","4.5225","n/a","n/a","n/a","n/a"
"15 Dec 98","4.489","4.509","n/a","n/a","n/a","n/a"
"14 Dec 98","4.4991","4.506","n/a","n/a","n/a","n/a"
"11 Dec 98","4.4701","4.513","n/a","n/a","n/a","n/a"
"10 Dec 98","4.4802","4.5327","n/a","n/a","n/a","n/a"
"09 Dec 98","4.5198","4.5653","n/a","n/a","n/a","n/a"
"08 Dec 98","4.5905","4.6163","n/a","n/a","n/a","n/a"
"07 Dec 98","4.6378","4.6492","n/a","n/a","n/a","n/a"
"04 Dec 98","4.6422","4.651","n/a","n/a","n/a","n/a"
"03 Dec 98","4.6344","4.667","n/a","n/a","n/a","n/a"
"02 Dec 98","4.6422","4.7365","n/a","n/a","n/a","n/a"
"01 Dec 98","4.6471","4.7647","n/a","n/a","n/a","n/a"
"30 Nov 98","4.6824","4.8096","n/a","n/a","n/a","n/a"
"27 Nov 98","4.757","4.8622","n/a","n/a","n/a","n/a"
"26 Nov 98","4.7361","4.8478","n/a","n/a","n/a","n/a"
"25 Nov 98","4.8299","4.9267","n/a","n/a","n/a","n/a"
"24 Nov 98","4.8557","4.9477","n/a","n/a","n/a","n/a"
"23 Nov 98","4.8342","4.9282","n/a","n/a","n/a","n/a"
"20 Nov 98","4.8536","4.9655","n/a","n/a","n/a","n/a"
"19 Nov 98","4.8108","4.9354","n/a","n/a","n/a","n/a"
"18 Nov 98","4.8008","4.9274","n/a","n/a","n/a","n/a"
"17 Nov 98","4.9005","5.0227","n/a","n/a","n/a","n/a"
"16 Nov 98","4.9486","5.0757","n/a","n/a","n/a","n/a"
"13 Nov 98","4.9629","5.0834","n/a","n/a","n/a","n/a"
"12 Nov 98","4.9989","5.1123","n/a","n/a","n/a","n/a"
"11 Nov 98","5.0623","5.1477","n/a","n/a","n/a","n/a"
"10 Nov 98","5.0069","5.0454","n/a","n/a","n/a","n/a"
"09 Nov 98","5.0812","5.1156","n/a","n/a","n/a","n/a"
"06 Nov 98","5.1382","5.1472","n/a","n/a","n/a","n/a"
"05 Nov 98","5.0547","5.0181","n/a","n/a","n/a","n/a"
"04 Nov 98","5.0624","5.0242","n/a","n/a","n/a","n/a"
"03 Nov 98","5.0058","4.9519","n/a","n/a","n/a","n/a"
"02 Nov 98","5.1297","5.0761","n/a","n/a","n/a","n/a"
"30 Oct 98","5.0672","5.0601","n/a","n/a","n/a","n/a"
"29 Oct 98","5.0379","5.042","n/a","n/a","n/a","n/a"
"28 Oct 98","5.1046","5.112","n/a","n/a","n/a","n/a"
"27 Oct 98","5.0606","5.0977","n/a","n/a","n/a","n/a"
"26 Oct 98","5.1456","5.1611","n/a","n/a","n/a","n/a"
"23 Oct 98","5.2295","5.1983","n/a","n/a","n/a","n/a"
"22 Oct 98","5.1613","5.1123","n/a","n/a","n/a","n/a"
"21 Oct 98","5.1123","5.0557","n/a","n/a","n/a","n/a"
"20 Oct 98","5.1053","5.0666","n/a","n/a","n/a","n/a"
"19 Oct 98","5.0359","4.9684","n/a","n/a","n/a","n/a"
"16 Oct 98","5.1007","5.0183","n/a","n/a","n/a","n/a"
"15 Oct 98","5.0878","5.1095","n/a","n/a","n/a","n/a"
"14 Oct 98","5.1056","5.1339","n/a","n/a","n/a","n/a"
"13 Oct 98","5.1848","5.1743","n/a","n/a","n/a","n/a"
"12 Oct 98","5.2956","5.2488","n/a","n/a","n/a","n/a"
"09 Oct 98","5.212","5.1584","n/a","n/a","n/a","n/a"
"08 Oct 98","4.8736","4.8926","n/a","n/a","n/a","n/a"
"07 Oct 98","4.7144","4.8878","n/a","n/a","n/a","n/a"
"06 Oct 98","4.6875","4.8361","n/a","n/a","n/a","n/a"
"05 Oct 98","4.5827","4.7369","n/a","n/a","n/a","n/a"
"02 Oct 98","4.6272","4.7922","n/a","n/a","n/a","n/a"
"01 Oct 98","4.7181","4.9196","n/a","n/a","n/a","n/a"
"30 Sep 98","4.9019","5.1432","5.521","5.8876","4.9019","5.1432"
"29 Sep 98","4.9695","5.2286","n/a","n/a","n/a","n/a"
"28 Sep 98","4.9511","5.2103","n/a","n/a","n/a","n/a"
"25 Sep 98","5.0206","5.2512","n/a","n/a","n/a","n/a"
"24 Sep 98","5.0679","5.3208","n/a","n/a","n/a","n/a"
"23 Sep 98","5.0568","5.3369","n/a","n/a","n/a","n/a"
"22 Sep 98","4.9873","5.2814","n/a","n/a","n/a","n/a"
"21 Sep 98","4.9426","5.2233","n/a","n/a","n/a","n/a"
"18 Sep 98","5.0145","5.3132","n/a","n/a","n/a","n/a"
"17 Sep 98","5.0106","5.3057","n/a","n/a","n/a","n/a"
"16 Sep 98","5.1281","5.4156","n/a","n/a","n/a","n/a"
"15 Sep 98","5.1456","5.4118","n/a","n/a","n/a","n/a"
"14 Sep 98","5.2017","5.475","n/a","n/a","n/a","n/a"
"11 Sep 98","5.1851","5.4504","n/a","n/a","n/a","n/a"
"10 Sep 98","5.1579","5.4296","n/a","n/a","n/a","n/a"
"09 Sep 98","5.3051","5.5952","n/a","n/a","n/a","n/a"
"08 Sep 98","5.3695","5.7032","n/a","n/a","n/a","n/a"
"07 Sep 98","5.3278","5.6362","n/a","n/a","n/a","n/a"
"04 Sep 98","5.3703","5.7024","n/a","n/a","n/a","n/a"
"03 Sep 98","5.3661","5.7035","n/a","n/a","n/a","n/a"
"02 Sep 98","5.4228","5.7501","n/a","n/a","n/a","n/a"
"01 Sep 98","5.4181","5.7097","n/a","n/a","n/a","n/a"
"28 Aug 98","5.3344","5.6569","n/a","n/a","n/a","n/a"
"27 Aug 98","5.3556","5.7332","n/a","n/a","n/a","n/a"
"26 Aug 98","5.4821","5.8357","n/a","n/a","n/a","n/a"
"25 Aug 98","5.4623","5.8204","n/a","n/a","n/a","n/a"
"24 Aug 98","5.4881","5.8546","n/a","n/a","n/a","n/a"
"21 Aug 98","5.465","5.8511","n/a","n/a","n/a","n/a"
"20 Aug 98","5.5558","5.948","n/a","n/a","n/a","n/a"
"19 Aug 98","5.6228","6.0029","n/a","n/a","n/a","n/a"
"18 Aug 98","5.5997","5.9667","n/a","n/a","n/a","n/a"
"17 Aug 98","5.5972","5.9623","n/a","n/a","n/a","n/a"
"14 Aug 98","5.6093","5.9776","n/a","n/a","n/a","n/a"
"13 Aug 98","5.6436","5.9942","n/a","n/a","n/a","n/a"
"12 Aug 98","5.564","5.9006","n/a","n/a","n/a","n/a"
"11 Aug 98","5.5799","5.9497","n/a","n/a","n/a","n/a"
"10 Aug 98","5.6179","5.9922","n/a","n/a","n/a","n/a"
"07 Aug 98","5.6578","6.0303","n/a","n/a","n/a","n/a"
"06 Aug 98","5.6746","6.0585","n/a","n/a","n/a","n/a"
"05 Aug 98","5.7161","6.1278","n/a","n/a","n/a","n/a"
"04 Aug 98","5.6883","6.1232","n/a","n/a","n/a","n/a"
"03 Aug 98","5.6969","6.1329","n/a","n/a","n/a","n/a"
"31 Jul 98","5.7552","6.1972","n/a","n/a","n/a","n/a"
"30 Jul 98","5.8042","6.2339","n/a","n/a","n/a","n/a"
"29 Jul 98","5.7651","6.1862","n/a","n/a","n/a","n/a"
"28 Jul 98","5.8317","6.2256","n/a","n/a","n/a","n/a"
"27 Jul 98","5.9318","6.349","n/a","n/a","n/a","n/a"
"24 Jul 98","5.9398","6.3674","n/a","n/a","n/a","n/a"
"23 Jul 98","5.9008","6.3312","n/a","n/a","n/a","n/a"
"22 Jul 98","5.9044","6.3339","n/a","n/a","n/a","n/a"
"21 Jul 98","5.8576","6.2774","n/a","n/a","n/a","n/a"
"20 Jul 98","5.859","6.2717","n/a","n/a","n/a","n/a"
"17 Jul 98","5.8386","6.2394","n/a","n/a","n/a","n/a"
"16 Jul 98","5.8472","6.2624","n/a","n/a","n/a","n/a"
"15 Jul 98","5.8603","6.2948","n/a","n/a","n/a","n/a"
"14 Jul 98","5.794","6.2043","n/a","n/a","n/a","n/a"
"13 Jul 98","5.808","6.2504","n/a","n/a","n/a","n/a"
"10 Jul 98","5.7744","6.2179","n/a","n/a","n/a","n/a"
"09 Jul 98","5.7715","6.2044","n/a","n/a","n/a","n/a"
"08 Jul 98","5.8462","6.3169","n/a","n/a","n/a","n/a"
"07 Jul 98","5.8119","6.2868","n/a","n/a","n/a","n/a"
"06 Jul 98","5.7771","6.2489","n/a","n/a","n/a","n/a"
"03 Jul 98","5.8187","6.2954","n/a","n/a","n/a","n/a"
"02 Jul 98","5.8087","6.2812","n/a","n/a","n/a","n/a"
"01 Jul 98","5.8285","6.2996","n/a","n/a","n/a","n/a"
"30 Jun 98","5.8412","6.313","5.8191","6.1066","5.8412","6.313"
"29 Jun 98","5.8664","6.3287","n/a","n/a","n/a","n/a"
"26 Jun 98","5.8562","6.3052","n/a","n/a","n/a","n/a"
"25 Jun 98","5.8376","6.2813","n/a","n/a","n/a","n/a"
"24 Jun 98","5.8099","6.2677","n/a","n/a","n/a","n/a"
"23 Jun 98","5.8511","6.3297","n/a","n/a","n/a","n/a"
"22 Jun 98","5.8655","6.3561","n/a","n/a","n/a","n/a"
"19 Jun 98","5.9222","6.4351","n/a","n/a","n/a","n/a"
"18 Jun 98","5.8643","6.4147","n/a","n/a","n/a","n/a"
"17 Jun 98","5.8592","6.4051","n/a","n/a","n/a","n/a"
"16 Jun 98","5.7338","6.2362","n/a","n/a","n/a","n/a"
"15 Jun 98","5.6136","6.0265","n/a","n/a","n/a","n/a"
"12 Jun 98","5.618","6.0317","n/a","n/a","n/a","n/a"
"11 Jun 98","5.6218","6.0161","n/a","n/a","n/a","n/a"
"10 Jun 98","5.7002","6.0774","n/a","n/a","n/a","n/a"
"09 Jun 98","5.7802","6.1298","n/a","n/a","n/a","n/a"
"08 Jun 98","5.7679","6.1041","n/a","n/a","n/a","n/a"
"05 Jun 98","5.7673","6.0969","n/a","n/a","n/a","n/a"
"04 Jun 98","5.774","6.0872","n/a","n/a","n/a","n/a"
"03 Jun 98","5.7074","5.9534","n/a","n/a","n/a","n/a"
"02 Jun 98","5.6995","5.9431","n/a","n/a","n/a","n/a"
"01 Jun 98","5.6777","5.9172","n/a","n/a","n/a","n/a"
"29 May 98","5.7194","5.9458","n/a","n/a","n/a","n/a"
"28 May 98","5.7932","6.0158","n/a","n/a","n/a","n/a"
"27 May 98","5.7909","6.0237","n/a","n/a","n/a","n/a"
"26 May 98","5.786","6.0213","n/a","n/a","n/a","n/a"
"22 May 98","5.8496","6.0736","n/a","n/a","n/a","n/a"
"21 May 98","5.8687","6.0876","n/a","n/a","n/a","n/a"
"20 May 98","5.9077","6.1485","n/a","n/a","n/a","n/a"
"19 May 98","5.9511","6.1722","n/a","n/a","n/a","n/a"
"18 May 98","5.9651","6.1747","n/a","n/a","n/a","n/a"
"15 May 98","5.981","6.1822","n/a","n/a","n/a","n/a"
"14 May 98","5.9312","6.1379","n/a","n/a","n/a","n/a"
"13 May 98","5.9178","6.1034","n/a","n/a","n/a","n/a"
"12 May 98","5.9072","6.0842","n/a","n/a","n/a","n/a"
"11 May 98","5.8732","6.069","n/a","n/a","n/a","n/a"
"08 May 98","5.8708","6.0657","n/a","n/a","n/a","n/a"
"07 May 98","5.896","6.083","n/a","n/a","n/a","n/a"
"06 May 98","5.8315","6.0329","n/a","n/a","n/a","n/a"
"05 May 98","5.8286","6.0274","n/a","n/a","n/a","n/a"
"01 May 98","5.7623","5.943","n/a","n/a","n/a","n/a"
"30 Apr 98","5.8503","6.0307","n/a","n/a","n/a","n/a"
"29 Apr 98","5.8951","6.0626","n/a","n/a","n/a","n/a"
"28 Apr 98","5.9135","6.075","n/a","n/a","n/a","n/a"
"27 Apr 98","5.9334","6.1054","n/a","n/a","n/a","n/a"
"24 Apr 98","5.8265","6.0232","n/a","n/a","n/a","n/a"
"23 Apr 98","5.8649","6.0683","n/a","n/a","n/a","n/a"
"22 Apr 98","5.8644","6.0878","n/a","n/a","n/a","n/a"
"21 Apr 98","5.7922","6.049","n/a","n/a","n/a","n/a"
"20 Apr 98","5.7826","6.0491","n/a","n/a","n/a","n/a"
"17 Apr 98","5.7834","6.0529","n/a","n/a","n/a","n/a"
"16 Apr 98","5.787","6.0481","n/a","n/a","n/a","n/a"
"15 Apr 98","5.763","6.0107","n/a","n/a","n/a","n/a"
"14 Apr 98","5.7558","6.0031","n/a","n/a","n/a","n/a"
"09 Apr 98","5.7695","6.0019","n/a","n/a","n/a","n/a"
"08 Apr 98","5.7728","6.0236","n/a","n/a","n/a","n/a"
"07 Apr 98","5.7936","6.025","n/a","n/a","n/a","n/a"
"06 Apr 98","5.7789","6.0111","n/a","n/a","n/a","n/a"
"03 Apr 98","5.7863","6.0495","n/a","n/a","n/a","n/a"
"02 Apr 98","5.8488","6.1026","n/a","n/a","n/a","n/a"
"01 Apr 98","5.9351","6.1769","n/a","n/a","n/a","n/a"
"31 Mar 98","5.9203","6.1745","6.0444","6.2538","5.9203","6.1745"
"30 Mar 98","5.9735","6.2428","n/a","n/a","n/a","n/a"
"27 Mar 98","5.9636","6.2336","n/a","n/a","n/a","n/a"
"26 Mar 98","5.9405","6.2075","n/a","n/a","n/a","n/a"
"25 Mar 98","5.9252","6.1846","n/a","n/a","n/a","n/a"
"24 Mar 98","5.9219","6.1605","n/a","n/a","n/a","n/a"
"23 Mar 98","5.9441","6.1822","n/a","n/a","n/a","n/a"
"20 Mar 98","5.9249","6.1781","n/a","n/a","n/a","n/a"
"19 Mar 98","5.9903","6.2221","n/a","n/a","n/a","n/a"
"18 Mar 98","5.9443","6.1848","n/a","n/a","n/a","n/a"
"17 Mar 98","5.9397","6.1824","n/a","n/a","n/a","n/a"
"16 Mar 98","5.9397","6.1824","n/a","n/a","n/a","n/a"
"13 Mar 98","5.9855","6.2271","n/a","n/a","n/a","n/a"
"12 Mar 98","5.9668","6.1946","n/a","n/a","n/a","n/a"
"11 Mar 98","6.0077","6.2062","n/a","n/a","n/a","n/a"
"10 Mar 98","6.0104","6.2052","n/a","n/a","n/a","n/a"
"09 Mar 98","6.0109","6.1745","n/a","n/a","n/a","n/a"
"06 Mar 98","6.0745","6.27","n/a","n/a","n/a","n/a"
"05 Mar 98","6.108","6.2945","n/a","n/a","n/a","n/a"
"04 Mar 98","6.1421","6.3513","n/a","n/a","n/a","n/a"
"03 Mar 98","6.1309","6.3471","n/a","n/a","n/a","n/a"
"02 Mar 98","6.0594","6.2964","n/a","n/a","n/a","n/a"
"27 Feb 98","6.1238","6.345","n/a","n/a","n/a","n/a"
"26 Feb 98","6.071","6.2782","n/a","n/a","n/a","n/a"
"25 Feb 98","6.0688","6.2714","n/a","n/a","n/a","n/a"
"24 Feb 98","6.0625","6.2624","n/a","n/a","n/a","n/a"
"23 Feb 98","6.0312","6.2132","n/a","n/a","n/a","n/a"
"20 Feb 98","5.9958","6.1868","n/a","n/a","n/a","n/a"
"19 Feb 98","5.9789","6.169","n/a","n/a","n/a","n/a"
"18 Feb 98","5.9796","6.1965","n/a","n/a","n/a","n/a"
"17 Feb 98","5.9418","6.1696","n/a","n/a","n/a","n/a"
"16 Feb 98","5.9508","6.1483","n/a","n/a","n/a","n/a"
"13 Feb 98","5.9677","6.1536","n/a","n/a","n/a","n/a"
"12 Feb 98","5.9715","6.1586","n/a","n/a","n/a","n/a"
"11 Feb 98","5.9938","6.1576","n/a","n/a","n/a","n/a"
"10 Feb 98","6.0539","6.1669","n/a","n/a","n/a","n/a"
"09 Feb 98","6.1259","6.2502","n/a","n/a","n/a","n/a"
"06 Feb 98","6.127","6.2636","n/a","n/a","n/a","n/a"
"05 Feb 98","6.1237","6.2726","n/a","n/a","n/a","n/a"
"04 Feb 98","6.1458","6.3155","n/a","n/a","n/a","n/a"
"03 Feb 98","6.1007","6.2797","n/a","n/a","n/a","n/a"
"02 Feb 98","6.1071","6.2756","n/a","n/a","n/a","n/a"
"30 Jan 98","6.0762","6.2507","n/a","n/a","n/a","n/a"
"29 Jan 98","6.111","6.2943","n/a","n/a","n/a","n/a"
"28 Jan 98","6.1485","6.3433","n/a","n/a","n/a","n/a"
"27 Jan 98","6.1058","6.302","n/a","n/a","n/a","n/a"
"26 Jan 98","6.1092","6.3226","n/a","n/a","n/a","n/a"
"23 Jan 98","6.0811","6.2756","n/a","n/a","n/a","n/a"
"22 Jan 98","6.0709","6.2809","n/a","n/a","n/a","n/a"
"21 Jan 98","6.0993","6.3486","n/a","n/a","n/a","n/a"
"20 Jan 98","6.089","6.3562","n/a","n/a","n/a","n/a"
"19 Jan 98","6.1082","6.3719","n/a","n/a","n/a","n/a"
"16 Jan 98","6.0996","6.3538","n/a","n/a","n/a","n/a"
"15 Jan 98","6.0868","6.3392","n/a","n/a","n/a","n/a"
"14 Jan 98","6.0565","6.3141","n/a","n/a","n/a","n/a"
"13 Jan 98","6.0042","6.2038","n/a","n/a","n/a","n/a"
"12 Jan 98","5.9923","6.1608","n/a","n/a","n/a","n/a"
"09 Jan 98","6.027","6.2341","n/a","n/a","n/a","n/a"
"08 Jan 98","6.0786","6.2828","n/a","n/a","n/a","n/a"
"07 Jan 98","6.1176","6.3206","n/a","n/a","n/a","n/a"
"06 Jan 98","6.1203","6.3184","n/a","n/a","n/a","n/a"
"05 Jan 98","6.16","6.358","n/a","n/a","n/a","n/a"
"02 Jan 98","6.3126","6.5185","n/a","n/a","n/a","n/a"
"31 Dec 97","6.3244","6.5319","6.5013","6.6891","6.3244","6.5319"
"30 Dec 97","6.3663","6.5648","n/a","n/a","n/a","n/a"
"29 Dec 97","6.2377","6.4559","n/a","n/a","n/a","n/a"
"24 Dec 97","6.2327","6.4445","n/a","n/a","n/a","n/a"
"23 Dec 97","6.2513","6.4473","n/a","n/a","n/a","n/a"
"22 Dec 97","6.2982","6.4927","n/a","n/a","n/a","n/a"
"19 Dec 97","6.2844","6.4804","n/a","n/a","n/a","n/a"
"18 Dec 97","6.3293","6.5325","n/a","n/a","n/a","n/a"
"17 Dec 97","6.3515","6.5517","n/a","n/a","n/a","n/a"
"16 Dec 97","6.3128","6.5154","n/a","n/a","n/a","n/a"
"15 Dec 97","6.2932","6.5234","n/a","n/a","n/a","n/a"
"12 Dec 97","6.3067","6.5486","n/a","n/a","n/a","n/a"
"11 Dec 97","6.3157","6.5745","n/a","n/a","n/a","n/a"
"10 Dec 97","6.4214","6.6868","n/a","n/a","n/a","n/a"
"09 Dec 97","6.4507","6.6865","n/a","n/a","n/a","n/a"
"08 Dec 97","6.5093","6.7511","n/a","n/a","n/a","n/a"
"05 Dec 97","6.5553","6.7762","n/a","n/a","n/a","n/a"
"04 Dec 97","6.4795","6.7159","n/a","n/a","n/a","n/a"
"03 Dec 97","6.5125","6.7799","n/a","n/a","n/a","n/a"
"02 Dec 97","6.4962","6.7784","n/a","n/a","n/a","n/a"
"01 Dec 97","6.523","6.7843","n/a","n/a","n/a","n/a"
"28 Nov 97","6.5159","6.7919","n/a","n/a","n/a","n/a"
"27 Nov 97","6.5752","6.8372","n/a","n/a","n/a","n/a"
"26 Nov 97","6.546","6.8043","n/a","n/a","n/a","n/a"
"25 Nov 97","6.5365","6.7513","n/a","n/a","n/a","n/a"
"24 Nov 97","6.5561","6.7525","n/a","n/a","n/a","n/a"
"21 Nov 97","6.5733","6.7839","n/a","n/a","n/a","n/a"
"20 Nov 97","6.5541","6.7693","n/a","n/a","n/a","n/a"
"19 Nov 97","6.6338","6.8588","n/a","n/a","n/a","n/a"
"18 Nov 97","6.6933","6.9042","n/a","n/a","n/a","n/a"
"17 Nov 97","6.6503","6.8637","n/a","n/a","n/a","n/a"
"14 Nov 97","6.6636","6.8812","n/a","n/a","n/a","n/a"
"13 Nov 97","6.7624","6.9815","n/a","n/a","n/a","n/a"
"12 Nov 97","6.8121","7.0191","n/a","n/a","n/a","n/a"
"11 Nov 97","6.6962","6.9496","n/a","n/a","n/a","n/a"
"10 Nov 97","6.6163","6.8262","n/a","n/a","n/a","n/a"
"07 Nov 97","6.6078","6.7994","n/a","n/a","n/a","n/a"
"06 Nov 97","6.6779","6.8522","n/a","n/a","n/a","n/a"
"05 Nov 97","6.616","6.7698","n/a","n/a","n/a","n/a"
"04 Nov 97","6.5932","6.7318","n/a","n/a","n/a","n/a"
"03 Nov 97","6.6009","6.7245","n/a","n/a","n/a","n/a"
"31 Oct 97","6.5745","6.6807","n/a","n/a","n/a","n/a"
"30 Oct 97","6.589","6.7019","n/a","n/a","n/a","n/a"
"29 Oct 97","6.6213","6.7316","n/a","n/a","n/a","n/a"
"28 Oct 97","6.6283","6.7259","n/a","n/a","n/a","n/a"
"27 Oct 97","6.593","6.7177","n/a","n/a","n/a","n/a"
"24 Oct 97","6.5651","6.6953","n/a","n/a","n/a","n/a"
"23 Oct 97","6.5766","6.7042","n/a","n/a","n/a","n/a"
"22 Oct 97","6.6502","6.7689","n/a","n/a","n/a","n/a"
"21 Oct 97","6.6454","6.7694","n/a","n/a","n/a","n/a"
"20 Oct 97","6.6214","6.7637","n/a","n/a","n/a","n/a"
"17 Oct 97","6.531","6.6417","n/a","n/a","n/a","n/a"
"16 Oct 97","6.5347","6.6404","n/a","n/a","n/a","n/a"
"15 Oct 97","6.4944","6.6024","n/a","n/a","n/a","n/a"
"14 Oct 97","6.4565","6.6061","n/a","n/a","n/a","n/a"
"13 Oct 97","6.4778","6.6584","n/a","n/a","n/a","n/a"
"10 Oct 97","6.5488","6.7404","n/a","n/a","n/a","n/a"
"09 Oct 97","6.5386","6.715","n/a","n/a","n/a","n/a"
"08 Oct 97","6.4681","6.646","n/a","n/a","n/a","n/a"
"07 Oct 97","6.3505","6.5251","n/a","n/a","n/a","n/a"
"06 Oct 97","6.3174","6.4718","n/a","n/a","n/a","n/a"
"03 Oct 97","6.2301","6.3701","n/a","n/a","n/a","n/a"
"02 Oct 97","6.3603","6.473","n/a","n/a","n/a","n/a"
"01 Oct 97","6.3774","6.4807","n/a","n/a","n/a","n/a"
"30 Sep 97","6.4798","6.5472","6.9875","7.0218","6.4798","6.5472"
"29 Sep 97","6.5033","6.5348","n/a","n/a","n/a","n/a"
"26 Sep 97","6.45","6.4597","n/a","n/a","n/a","n/a"
"25 Sep 97","6.6541","6.7312","n/a","n/a","n/a","n/a"
"24 Sep 97","6.6653","6.7507","n/a","n/a","n/a","n/a"
"23 Sep 97","6.6993","6.789","n/a","n/a","n/a","n/a"
"22 Sep 97","6.6796","6.7658","n/a","n/a","n/a","n/a"
"19 Sep 97","6.722","6.7991","n/a","n/a","n/a","n/a"
"18 Sep 97","6.6734","6.747","n/a","n/a","n/a","n/a"
"17 Sep 97","6.7624","6.7888","n/a","n/a","n/a","n/a"
"16 Sep 97","6.7475","6.7516","n/a","n/a","n/a","n/a"
"15 Sep 97","6.9093","6.9272","n/a","n/a","n/a","n/a"
"12 Sep 97","6.9507","6.9631","n/a","n/a","n/a","n/a"
"11 Sep 97","6.9935","6.9958","n/a","n/a","n/a","n/a"
"10 Sep 97","7.0066","7.0005","n/a","n/a","n/a","n/a"
"09 Sep 97","7.0056","6.9898","n/a","n/a","n/a","n/a"
"08 Sep 97","6.9821","6.9612","n/a","n/a","n/a","n/a"
"05 Sep 97","7.0192","7.0057","n/a","n/a","n/a","n/a"
"04 Sep 97","7.025","7.0142","n/a","n/a","n/a","n/a"
"03 Sep 97","7.0323","7.0145","n/a","n/a","n/a","n/a"
"02 Sep 97","7.0464","7.0343","n/a","n/a","n/a","n/a"
"01 Sep 97","7.068","7.0601","n/a","n/a","n/a","n/a"
"29 Aug 97","7.1059","7.1013","n/a","n/a","n/a","n/a"
"28 Aug 97","7.1029","7.1026","n/a","n/a","n/a","n/a"
"27 Aug 97","7.1267","7.1142","n/a","n/a","n/a","n/a"
"26 Aug 97","7.1142","7.1","n/a","n/a","n/a","n/a"
"22 Aug 97","7.1395","7.1187","n/a","n/a","n/a","n/a"
"21 Aug 97","7.0481","7.0447","n/a","n/a","n/a","n/a"
"20 Aug 97","7.0324","7.0386","n/a","n/a","n/a","n/a"
"19 Aug 97","7.0407","7.0619","n/a","n/a","n/a","n/a"
"18 Aug 97","7.042","7.0581","n/a","n/a","n/a","n/a"
"15 Aug 97","7.0928","7.091","n/a","n/a","n/a","n/a"
"14 Aug 97","7.072","7.0776","n/a","n/a","n/a","n/a"
"13 Aug 97","7.1187","7.1155","n/a","n/a","n/a","n/a"
"12 Aug 97","7.0749","7.0779","n/a","n/a","n/a","n/a"
"11 Aug 97","7.1338","7.1134","n/a","n/a","n/a","n/a"
"08 Aug 97","7.1334","7.106","n/a","n/a","n/a","n/a"
"07 Aug 97","7.0231","6.9921","n/a","n/a","n/a","n/a"
"06 Aug 97","7.0891","7.1113","n/a","n/a","n/a","n/a"
"05 Aug 97","7.1411","7.1697","n/a","n/a","n/a","n/a"
"04 Aug 97","7.0975","7.151","n/a","n/a","n/a","n/a"
"01 Aug 97","7.0574","7.106","n/a","n/a","n/a","n/a"
"31 Jul 97","6.9965","7.0523","n/a","n/a","n/a","n/a"
"30 Jul 97","6.9424","7.0122","n/a","n/a","n/a","n/a"
"29 Jul 97","7.014","7.077","n/a","n/a","n/a","n/a"
"28 Jul 97","7.0293","7.0905","n/a","n/a","n/a","n/a"
"25 Jul 97","6.9851","7.0516","n/a","n/a","n/a","n/a"
"24 Jul 97","7.0149","7.0835","n/a","n/a","n/a","n/a"
"23 Jul 97","6.9961","7.0956","n/a","n/a","n/a","n/a"
"22 Jul 97","7.0641","7.1424","n/a","n/a","n/a","n/a"
"21 Jul 97","7.1104","7.1926","n/a","n/a","n/a","n/a"
"18 Jul 97","7.0784","7.175","n/a","n/a","n/a","n/a"
"17 Jul 97","7.0865","7.1529","n/a","n/a","n/a","n/a"
"16 Jul 97","7.1069","7.1582","n/a","n/a","n/a","n/a"
"15 Jul 97","7.1401","7.1926","n/a","n/a","n/a","n/a"
"14 Jul 97","7.1196","7.1772","n/a","n/a","n/a","n/a"
"11 Jul 97","7.0512","7.1244","n/a","n/a","n/a","n/a"
"10 Jul 97","7.1249","7.2116","n/a","n/a","n/a","n/a"
"09 Jul 97","7.1178","7.229","n/a","n/a","n/a","n/a"
"08 Jul 97","7.0708","7.1852","n/a","n/a","n/a","n/a"
"07 Jul 97","7.0494","7.1435","n/a","n/a","n/a","n/a"
"04 Jul 97","7.0613","7.1498","n/a","n/a","n/a","n/a"
"03 Jul 97","7.0834","7.1589","n/a","n/a","n/a","n/a"
"02 Jul 97","7.0321","7.0334","n/a","n/a","n/a","n/a"
"01 Jul 97","7.0532","7.0468","n/a","n/a","n/a","n/a"
"30 Jun 97","7.1313","7.1071","7.3234","7.1653","7.1313","7.1071"
"27 Jun 97","7.0735","7.0515","n/a","n/a","n/a","n/a"
"26 Jun 97","7.1316","7.0992","n/a","n/a","n/a","n/a"
"25 Jun 97","7.1249","7.0973","n/a","n/a","n/a","n/a"
"24 Jun 97","7.1734","7.1589","n/a","n/a","n/a","n/a"
"23 Jun 97","7.2124","7.1831","n/a","n/a","n/a","n/a"
"20 Jun 97","7.1666","7.1094","n/a","n/a","n/a","n/a"
"19 Jun 97","7.224","7.1466","n/a","n/a","n/a","n/a"
"18 Jun 97","7.1721","7.0927","n/a","n/a","n/a","n/a"
"17 Jun 97","7.0973","6.9985","n/a","n/a","n/a","n/a"
"16 Jun 97","7.0625","6.9699","n/a","n/a","n/a","n/a"
"13 Jun 97","7.0867","6.9815","n/a","n/a","n/a","n/a"
"12 Jun 97","7.0891","7.0096","n/a","n/a","n/a","n/a"
"11 Jun 97","7.1464","7.075","n/a","n/a","n/a","n/a"
"10 Jun 97","7.1592","7.0901","n/a","n/a","n/a","n/a"
"09 Jun 97","7.1554","7.0905","n/a","n/a","n/a","n/a"
"06 Jun 97","7.0907","7.0174","n/a","n/a","n/a","n/a"
"05 Jun 97","7.162","7.0655","n/a","n/a","n/a","n/a"
"04 Jun 97","7.1682","7.0615","n/a","n/a","n/a","n/a"
"03 Jun 97","7.1258","7.028","n/a","n/a","n/a","n/a"
"02 Jun 97","7.2258","7.1133","n/a","n/a","n/a","n/a"
"30 May 97","7.2317","7.1133","n/a","n/a","n/a","n/a"
"29 May 97","7.2726","7.1424","n/a","n/a","n/a","n/a"
"28 May 97","7.2585","7.137","n/a","n/a","n/a","n/a"
"27 May 97","7.2593","7.1264","n/a","n/a","n/a","n/a"
"23 May 97","7.2428","7.1107","n/a","n/a","n/a","n/a"
"22 May 97","7.3286","7.1794","n/a","n/a","n/a","n/a"
"21 May 97","7.1839","7.0644","n/a","n/a","n/a","n/a"
"20 May 97","7.122","7.0085","n/a","n/a","n/a","n/a"
"19 May 97","7.1241","7.0087","n/a","n/a","n/a","n/a"
"16 May 97","7.0822","6.9705","n/a","n/a","n/a","n/a"
"15 May 97","7.0045","6.9072","n/a","n/a","n/a","n/a"
"14 May 97","6.9957","6.9135","n/a","n/a","n/a","n/a"
"13 May 97","7.03","6.9337","n/a","n/a","n/a","n/a"
"12 May 97","7.0051","6.8814","n/a","n/a","n/a","n/a"
"09 May 97","7.0378","6.9461","n/a","n/a","n/a","n/a"
"08 May 97","7.07","6.971","n/a","n/a","n/a","n/a"
"07 May 97","7.1388","7.023","n/a","n/a","n/a","n/a"
"06 May 97","7.1181","6.9709","n/a","n/a","n/a","n/a"
"02 May 97","7.41","7.1591","n/a","n/a","n/a","n/a"
"01 May 97","7.4468","7.1953","n/a","n/a","n/a","n/a"
"30 Apr 97","7.4768","7.2182","n/a","n/a","n/a","n/a"
"29 Apr 97","7.5818","7.3143","n/a","n/a","n/a","n/a"
"28 Apr 97","7.6681","7.4053","n/a","n/a","n/a","n/a"
"25 Apr 97","7.7035","7.4278","n/a","n/a","n/a","n/a"
"24 Apr 97","7.6706","7.3988","n/a","n/a","n/a","n/a"
"23 Apr 97","7.6075","7.3502","n/a","n/a","n/a","n/a"
"22 Apr 97","7.6126","7.3477","n/a","n/a","n/a","n/a"
"21 Apr 97","7.606","7.3415","n/a","n/a","n/a","n/a"
"18 Apr 97","7.5688","7.2922","n/a","n/a","n/a","n/a"
"17 Apr 97","7.5144","7.2436","n/a","n/a","n/a","n/a"
"16 Apr 97","7.5725","7.2971","n/a","n/a","n/a","n/a"
"15 Apr 97","7.5698","7.2969","n/a","n/a","n/a","n/a"
"14 Apr 97","7.6796","7.3832","n/a","n/a","n/a","n/a"
"11 Apr 97","7.7185","7.4249","n/a","n/a","n/a","n/a"
"10 Apr 97","7.6684","7.3669","n/a","n/a","n/a","n/a"
"09 Apr 97","7.6349","7.3526","n/a","n/a","n/a","n/a"
"08 Apr 97","7.6416","7.3759","n/a","n/a","n/a","n/a"
"07 Apr 97","7.6453","7.3914","n/a","n/a","n/a","n/a"
"04 Apr 97","7.7024","7.443","n/a","n/a","n/a","n/a"
"03 Apr 97","7.7323","7.4668","n/a","n/a","n/a","n/a"
"02 Apr 97","7.7135","7.4633","n/a","n/a","n/a","n/a"
"01 Apr 97","7.7465","7.5021","n/a","n/a","n/a","n/a"
"31 Mar 97","n/a","n/a","7.4061","7.1011","7.6647","7.4248"
"27 Mar 97","7.6647","7.4248","n/a","n/a","n/a","n/a"
"26 Mar 97","7.634","7.3892","n/a","n/a","n/a","n/a"
"25 Mar 97","7.5982","7.3617","n/a","n/a","n/a","n/a"
"24 Mar 97","7.619","7.3803","n/a","n/a","n/a","n/a"
"21 Mar 97","7.6357","7.3811","n/a","n/a","n/a","n/a"
"20 Mar 97","7.6624","7.4055","n/a","n/a","n/a","n/a"
"19 Mar 97","7.6154","7.3397","n/a","n/a","n/a","n/a"
"18 Mar 97","7.5028","7.1884","n/a","n/a","n/a","n/a"
"17 Mar 97","7.4749","7.1408","n/a","n/a","n/a","n/a"
"14 Mar 97","7.3775","7.0432","n/a","n/a","n/a","n/a"
"13 Mar 97","7.3798","7.0405","n/a","n/a","n/a","n/a"
"12 Mar 97","7.3365","7.0016","n/a","n/a","n/a","n/a"
"11 Mar 97","7.2983","6.9617","n/a","n/a","n/a","n/a"
"10 Mar 97","7.2833","6.9512","n/a","n/a","n/a","n/a"
"07 Mar 97","7.3358","6.9961","n/a","n/a","n/a","n/a"
"06 Mar 97","7.343","7.0137","n/a","n/a","n/a","n/a"
"05 Mar 97","7.3506","7.0308","n/a","n/a","n/a","n/a"
"04 Mar 97","7.2577","6.9653","n/a","n/a","n/a","n/a"
"03 Mar 97","7.2649","6.9816","n/a","n/a","n/a","n/a"
"28 Feb 97","7.2744","6.9974","n/a","n/a","n/a","n/a"
"27 Feb 97","7.1824","6.8922","n/a","n/a","n/a","n/a"
"26 Feb 97","7.2452","6.9242","n/a","n/a","n/a","n/a"
"25 Feb 97","7.1875","6.8733","n/a","n/a","n/a","n/a"
"24 Feb 97","7.1942","6.8853","n/a","n/a","n/a","n/a"
"21 Feb 97","7.1587","6.8588","n/a","n/a","n/a","n/a"
"20 Feb 97","7.1308","6.8338","n/a","n/a","n/a","n/a"
"19 Feb 97","7.1579","6.8616","n/a","n/a","n/a","n/a"
"18 Feb 97","7.1161","6.8215","n/a","n/a","n/a","n/a"
"17 Feb 97","7.1615","6.8812","n/a","n/a","n/a","n/a"
"14 Feb 97","7.1459","6.8701","n/a","n/a","n/a","n/a"
"13 Feb 97","7.1481","6.8722","n/a","n/a","n/a","n/a"
"12 Feb 97","7.1301","6.8636","n/a","n/a","n/a","n/a"
"11 Feb 97","7.1476","6.881","n/a","n/a","n/a","n/a"
"10 Feb 97","7.1886","6.9052","n/a","n/a","n/a","n/a"
"07 Feb 97","7.1549","6.864","n/a","n/a","n/a","n/a"
"06 Feb 97","7.288","7.0028","n/a","n/a","n/a","n/a"
"05 Feb 97","7.2963","7.0179","n/a","n/a","n/a","n/a"
"04 Feb 97","7.2725","6.9848","n/a","n/a","n/a","n/a"
"03 Feb 97","7.3438","7.0303","n/a","n/a","n/a","n/a"
"31 Jan 97","7.4339","7.1082","n/a","n/a","n/a","n/a"
"30 Jan 97","7.5289","7.1835","n/a","n/a","n/a","n/a"
"29 Jan 97","7.5608","7.2171","n/a","n/a","n/a","n/a"
"28 Jan 97","7.4759","7.145","n/a","n/a","n/a","n/a"
"27 Jan 97","7.5151","7.1768","n/a","n/a","n/a","n/a"
"24 Jan 97","7.4814","7.158","n/a","n/a","n/a","n/a"
"23 Jan 97","7.3888","7.0702","n/a","n/a","n/a","n/a"
"22 Jan 97","7.3493","7.0218","n/a","n/a","n/a","n/a"
"21 Jan 97","7.4429","7.1188","n/a","n/a","n/a","n/a"
"20 Jan 97","7.4355","7.1098","n/a","n/a","n/a","n/a"
"17 Jan 97","7.4125","7.0793","n/a","n/a","n/a","n/a"
"16 Jan 97","7.45","7.1147","n/a","n/a","n/a","n/a"
"15 Jan 97","7.5451","7.2209","n/a","n/a","n/a","n/a"
"14 Jan 97","7.5679","7.2286","n/a","n/a","n/a","n/a"
"13 Jan 97","7.5898","7.2381","n/a","n/a","n/a","n/a"
"10 Jan 97","7.6709","7.3174","n/a","n/a","n/a","n/a"
"09 Jan 97","7.6679","7.3394","n/a","n/a","n/a","n/a"
"08 Jan 97","7.7389","7.4147","n/a","n/a","n/a","n/a"
"07 Jan 97","7.7581","7.4512","n/a","n/a","n/a","n/a"
"06 Jan 97","7.7538","7.4543","n/a","n/a","n/a","n/a"
"03 Jan 97","7.7101","7.4253","n/a","n/a","n/a","n/a"
"02 Jan 97","7.7369","7.4579","n/a","n/a","n/a","n/a"
"31 Dec 96","7.535","7.296","7.5685","7.1911","7.535","7.296"
"30 Dec 96","7.5354","7.2961","n/a","n/a","n/a","n/a"
"27 Dec 96","7.5252","7.2841","n/a","n/a","n/a","n/a"
"24 Dec 96","7.5248","7.2795","n/a","n/a","n/a","n/a"
"23 Dec 96","7.5375","7.2921","n/a","n/a","n/a","n/a"
"20 Dec 96","7.6229","7.3509","n/a","n/a","n/a","n/a"
"19 Dec 96","7.6436","7.3762","n/a","n/a","n/a","n/a"
"18 Dec 96","7.6971","7.4117","n/a","n/a","n/a","n/a"
"17 Dec 96","7.686","7.3444","n/a","n/a","n/a","n/a"
"16 Dec 96","7.6471","7.3156","n/a","n/a","n/a","n/a"
"13 Dec 96","7.647","7.317","n/a","n/a","n/a","n/a"
"12 Dec 96","7.6978","7.3712","n/a","n/a","n/a","n/a"
"11 Dec 96","7.6133","7.305","n/a","n/a","n/a","n/a"
"10 Dec 96","7.5101","7.2023","n/a","n/a","n/a","n/a"
"09 Dec 96","7.5901","7.2631","n/a","n/a","n/a","n/a"
"06 Dec 96","7.6777","7.3476","n/a","n/a","n/a","n/a"
"05 Dec 96","7.5673","7.2822","n/a","n/a","n/a","n/a"
"04 Dec 96","7.4479","7.2093","n/a","n/a","n/a","n/a"
"03 Dec 96","7.3705","7.1112","n/a","n/a","n/a","n/a"
"02 Dec 96","7.3549","7.0929","n/a","n/a","n/a","n/a"
"29 Nov 96","7.3681","7.0798","n/a","n/a","n/a","n/a"
"28 Nov 96","7.4693","7.1522","n/a","n/a","n/a","n/a"
"27 Nov 96","7.5185","7.1878","n/a","n/a","n/a","n/a"
"26 Nov 96","7.4697","7.1607","n/a","n/a","n/a","n/a"
"25 Nov 96","7.4648","7.1662","n/a","n/a","n/a","n/a"
"22 Nov 96","7.4893","7.1904","n/a","n/a","n/a","n/a"
"21 Nov 96","7.5237","7.2362","n/a","n/a","n/a","n/a"
"20 Nov 96","7.5719","7.2696","n/a","n/a","n/a","n/a"
"19 Nov 96","7.5315","7.2426","n/a","n/a","n/a","n/a"
"18 Nov 96","7.5455","7.2604","n/a","n/a","n/a","n/a"
"15 Nov 96","7.5904","7.2995","n/a","n/a","n/a","n/a"
"14 Nov 96","7.6185","7.3322","n/a","n/a","n/a","n/a"
"13 Nov 96","7.7195","7.3969","n/a","n/a","n/a","n/a"
"12 Nov 96","7.6493","7.2967","n/a","n/a","n/a","n/a"
"11 Nov 96","7.6626","7.3061","n/a","n/a","n/a","n/a"
"08 Nov 96","7.7124","7.3594","n/a","n/a","n/a","n/a"
"07 Nov 96","7.7617","7.3986","n/a","n/a","n/a","n/a"
"06 Nov 96","7.659","7.3011","n/a","n/a","n/a","n/a"
"05 Nov 96","7.6653","7.2668","n/a","n/a","n/a","n/a"
"04 Nov 96","7.7709","7.3792","n/a","n/a","n/a","n/a"
"01 Nov 96","7.7381","7.3403","n/a","n/a","n/a","n/a"
"31 Oct 96","7.6621","7.2687","n/a","n/a","n/a","n/a"
"30 Oct 96","7.6264","7.2347","n/a","n/a","n/a","n/a"
"29 Oct 96","7.5858","7.1147","n/a","n/a","n/a","n/a"
"28 Oct 96","7.5849","7.117","n/a","n/a","n/a","n/a"
"25 Oct 96","7.5424","7.069","n/a","n/a","n/a","n/a"
"24 Oct 96","7.6388","7.15","n/a","n/a","n/a","n/a"
"23 Oct 96","7.582","7.0905","n/a","n/a","n/a","n/a"
"22 Oct 96","7.5477","7.0597","n/a","n/a","n/a","n/a"
"21 Oct 96","7.6185","7.1437","n/a","n/a","n/a","n/a"
"18 Oct 96","7.6087","7.1337","n/a","n/a","n/a","n/a"
"17 Oct 96","7.5726","7.0557","n/a","n/a","n/a","n/a"
"16 Oct 96","7.5802","7.0568","n/a","n/a","n/a","n/a"
"15 Oct 96","7.4465","6.9067","n/a","n/a","n/a","n/a"
"14 Oct 96","7.4928","6.9534","n/a","n/a","n/a","n/a"
"11 Oct 96","7.4991","6.9601","n/a","n/a","n/a","n/a"
"10 Oct 96","7.496","6.9537","n/a","n/a","n/a","n/a"
"09 Oct 96","7.3957","6.8538","n/a","n/a","n/a","n/a"
"08 Oct 96","7.4406","6.8863","n/a","n/a","n/a","n/a"
"07 Oct 96","7.4494","6.9148","n/a","n/a","n/a","n/a"
"04 Oct 96","7.4217","6.8909","n/a","n/a","n/a","n/a"
"03 Oct 96","7.5219","6.9797","n/a","n/a","n/a","n/a"
"02 Oct 96","7.5141","6.9816","n/a","n/a","n/a","n/a"
"01 Oct 96","7.6218","7.0812","n/a","n/a","n/a","n/a"
"30 Sep 96","7.6844","7.1265","7.8531","7.2702","7.6844","7.1265"
"27 Sep 96","7.6827","7.1172","n/a","n/a","n/a","n/a"
"26 Sep 96","7.6954","7.1415","n/a","n/a","n/a","n/a"
"25 Sep 96","7.7513","7.2081","n/a","n/a","n/a","n/a"
"24 Sep 96","7.8175","7.2842","n/a","n/a","n/a","n/a"
"23 Sep 96","7.8224","7.2841","n/a","n/a","n/a","n/a"
"20 Sep 96","7.7768","7.2238","n/a","n/a","n/a","n/a"
"19 Sep 96","7.7927","7.2225","n/a","n/a","n/a","n/a"
"18 Sep 96","7.7986","7.2237","n/a","n/a","n/a","n/a"
"17 Sep 96","7.7481","7.1499","n/a","n/a","n/a","n/a"
"16 Sep 96","7.7318","7.1292","n/a","n/a","n/a","n/a"
"13 Sep 96","7.734","7.1373","n/a","n/a","n/a","n/a"
"12 Sep 96","7.858","7.2442","n/a","n/a","n/a","n/a"
"11 Sep 96","7.8895","7.2744","n/a","n/a","n/a","n/a"
"10 Sep 96","7.8891","7.2758","n/a","n/a","n/a","n/a"
"09 Sep 96","7.8878","7.2663","n/a","n/a","n/a","n/a"
"06 Sep 96","7.9037","7.2992","n/a","n/a","n/a","n/a"
"05 Sep 96","7.9147","7.2991","n/a","n/a","n/a","n/a"
"04 Sep 96","7.9311","7.2967","n/a","n/a","n/a","n/a"
"03 Sep 96","7.917","7.2839","n/a","n/a","n/a","n/a"
"02 Sep 96","7.8906","7.2488","n/a","n/a","n/a","n/a"
"30 Aug 96","7.9088","7.2676","n/a","n/a","n/a","n/a"
"29 Aug 96","7.8741","7.2269","n/a","n/a","n/a","n/a"
"28 Aug 96","7.885","7.2416","n/a","n/a","n/a","n/a"
"27 Aug 96","7.8928","7.2503","n/a","n/a","n/a","n/a"
"23 Aug 96","7.8506","7.2087","n/a","n/a","n/a","n/a"
"22 Aug 96","7.796","7.1729","n/a","n/a","n/a","n/a"
"21 Aug 96","7.8516","7.2418","n/a","n/a","n/a","n/a"
"20 Aug 96","7.801","7.2143","n/a","n/a","n/a","n/a"
"19 Aug 96","7.7852","7.2108","n/a","n/a","n/a","n/a"
"16 Aug 96","7.767","7.1996","n/a","n/a","n/a","n/a"
"15 Aug 96","7.8355","7.2676","n/a","n/a","n/a","n/a"
"14 Aug 96","7.8443","7.2833","n/a","n/a","n/a","n/a"
"13 Aug 96","7.7832","7.2247","n/a","n/a","n/a","n/a"
"12 Aug 96","7.7987","7.2462","n/a","n/a","n/a","n/a"
"09 Aug 96","7.7961","7.2473","n/a","n/a","n/a","n/a"
"08 Aug 96","7.7898","7.2463","n/a","n/a","n/a","n/a"
"07 Aug 96","7.7595","7.1982","n/a","n/a","n/a","n/a"
"06 Aug 96","7.7756","7.2059","n/a","n/a","n/a","n/a"
"05 Aug 96","7.7931","7.2212","n/a","n/a","n/a","n/a"
"02 Aug 96","7.8131","7.2436","n/a","n/a","n/a","n/a"
"01 Aug 96","7.8578","7.3131","n/a","n/a","n/a","n/a"
"31 Jul 96","7.908","7.348","n/a","n/a","n/a","n/a"
"30 Jul 96","7.9075","7.3485","n/a","n/a","n/a","n/a"
"29 Jul 96","7.9078","7.337","n/a","n/a","n/a","n/a"
"26 Jul 96","7.8931","7.3242","n/a","n/a","n/a","n/a"
"25 Jul 96","7.906","7.3395","n/a","n/a","n/a","n/a"
"24 Jul 96","7.8922","7.3283","n/a","n/a","n/a","n/a"
"23 Jul 96","7.9322","7.3654","n/a","n/a","n/a","n/a"
"22 Jul 96","7.9175","7.3532","n/a","n/a","n/a","n/a"
"19 Jul 96","7.9093","7.3325","n/a","n/a","n/a","n/a"
"18 Jul 96","7.887","7.3101","n/a","n/a","n/a","n/a"
"17 Jul 96","7.9358","7.343","n/a","n/a","n/a","n/a"
"16 Jul 96","7.9591","7.3621","n/a","n/a","n/a","n/a"
"15 Jul 96","7.9362","7.3401","n/a","n/a","n/a","n/a"
"12 Jul 96","7.8955","7.3095","n/a","n/a","n/a","n/a"
"11 Jul 96","7.8663","7.2832","n/a","n/a","n/a","n/a"
"10 Jul 96","7.8956","7.3115","n/a","n/a","n/a","n/a"
"09 Jul 96","7.9291","7.3446","n/a","n/a","n/a","n/a"
"08 Jul 96","7.9471","7.3796","n/a","n/a","n/a","n/a"
"05 Jul 96","7.9669","7.3931","n/a","n/a","n/a","n/a"
"04 Jul 96","7.8981","7.3215","n/a","n/a","n/a","n/a"
"03 Jul 96","7.9402","7.3747","n/a","n/a","n/a","n/a"
"02 Jul 96","7.917","7.3632","n/a","n/a","n/a","n/a"
"01 Jul 96","7.9249","7.3809","n/a","n/a","n/a","n/a"
"30 Jun 96","n/a","n/a","8.0674","7.5572","7.9046","7.3622"
"28 Jun 96","7.9046","7.3622","n/a","n/a","n/a","n/a"
"27 Jun 96","8.0111","7.4626","n/a","n/a","n/a","n/a"
"26 Jun 96","7.9777","7.4182","n/a","n/a","n/a","n/a"
"25 Jun 96","7.9985","7.4352","n/a","n/a","n/a","n/a"
"24 Jun 96","8.0221","7.4497","n/a","n/a","n/a","n/a"
"21 Jun 96","8.0355","7.4719","n/a","n/a","n/a","n/a"
"20 Jun 96","8.1143","7.5424","n/a","n/a","n/a","n/a"
"19 Jun 96","8.1059","7.5365","n/a","n/a","n/a","n/a"
"18 Jun 96","8.1098","7.5462","n/a","n/a","n/a","n/a"
"17 Jun 96","8.1307","7.5681","n/a","n/a","n/a","n/a"
"14 Jun 96","8.1212","7.5611","n/a","n/a","n/a","n/a"
"13 Jun 96","8.0832","7.5054","n/a","n/a","n/a","n/a"
"12 Jun 96","8.0527","7.5018","n/a","n/a","n/a","n/a"
"11 Jun 96","8.0402","7.4643","n/a","n/a","n/a","n/a"
"10 Jun 96","8.0769","7.5062","n/a","n/a","n/a","n/a"
"07 Jun 96","8.1019","7.5514","n/a","n/a","n/a","n/a"
"06 Jun 96","7.9963","7.465","n/a","n/a","n/a","n/a"
"05 Jun 96","8.0641","7.569","n/a","n/a","n/a","n/a"
"04 Jun 96","8.0479","7.542","n/a","n/a","n/a","n/a"
"03 Jun 96","8.0845","7.599","n/a","n/a","n/a","n/a"
"31 May 96","8.1536","7.6504","n/a","n/a","n/a","n/a"
"30 May 96","8.169","7.6537","n/a","n/a","n/a","n/a"
"29 May 96","8.064","7.5608","n/a","n/a","n/a","n/a"
"28 May 96","8.0561","7.5474","n/a","n/a","n/a","n/a"
"24 May 96","8.0525","7.5511","n/a","n/a","n/a","n/a"
"23 May 96","8.0374","7.5402","n/a","n/a","n/a","n/a"
"22 May 96","8.0547","7.5551","n/a","n/a","n/a","n/a"
"21 May 96","8.0214","7.5382","n/a","n/a","n/a","n/a"
"20 May 96","7.9809","7.4964","n/a","n/a","n/a","n/a"
"17 May 96","7.9836","7.4985","n/a","n/a","n/a","n/a"
"16 May 96","8.0558","7.5624","n/a","n/a","n/a","n/a"
"15 May 96","8.0593","7.5655","n/a","n/a","n/a","n/a"
"14 May 96","8.0098","7.5182","n/a","n/a","n/a","n/a"
"13 May 96","8.0659","7.5645","n/a","n/a","n/a","n/a"
"10 May 96","8.05","7.5618","n/a","n/a","n/a","n/a"
"09 May 96","8.1423","7.6399","n/a","n/a","n/a","n/a"
"08 May 96","8.1821","7.663","n/a","n/a","n/a","n/a"
"07 May 96","8.2447","7.7235","n/a","n/a","n/a","n/a"
"03 May 96","8.2402","7.7145","n/a","n/a","n/a","n/a"
"02 May 96","8.1605","7.6422","n/a","n/a","n/a","n/a"
"01 May 96","8.0449","7.532","n/a","n/a","n/a","n/a"
"30 Apr 96","8.047","7.5249","n/a","n/a","n/a","n/a"
"29 Apr 96","8.0117","7.4962","n/a","n/a","n/a","n/a"
"26 Apr 96","7.9898","7.4869","n/a","n/a","n/a","n/a"
"25 Apr 96","7.9877","7.4749","n/a","n/a","n/a","n/a"
"24 Apr 96","8.0403","7.5676","n/a","n/a","n/a","n/a"
"23 Apr 96","8.0106","7.5498","n/a","n/a","n/a","n/a"
"22 Apr 96","8.0058","7.56","n/a","n/a","n/a","n/a"
"19 Apr 96","8.029","7.5775","n/a","n/a","n/a","n/a"
"18 Apr 96","8.0823","7.6372","n/a","n/a","n/a","n/a"
"17 Apr 96","8.1319","7.6901","n/a","n/a","n/a","n/a"
"16 Apr 96","8.0451","7.5702","n/a","n/a","n/a","n/a"
"15 Apr 96","8.0894","7.6063","n/a","n/a","n/a","n/a"
"12 Apr 96","8.0738","7.6275","n/a","n/a","n/a","n/a"
"11 Apr 96","8.1795","7.7158","n/a","n/a","n/a","n/a"
"10 Apr 96","8.0921","7.6192","n/a","n/a","n/a","n/a"
"09 Apr 96","8.1171","7.6514","n/a","n/a","n/a","n/a"
"04 Apr 96","8.0451","7.5634","n/a","n/a","n/a","n/a"
"03 Apr 96","8.0679","7.5742","n/a","n/a","n/a","n/a"
"02 Apr 96","8.0537","7.5612","n/a","n/a","n/a","n/a"
"01 Apr 96","8.1038","7.5985","n/a","n/a","n/a","n/a"
"31 Mar 96","n/a","n/a","7.7483","7.188","8.1776","7.6681"
"29 Mar 96","8.1776","7.6681","n/a","n/a","n/a","n/a"
"28 Mar 96","8.2275","7.7129","n/a","n/a","n/a","n/a"
"27 Mar 96","8.1392","7.6236","n/a","n/a","n/a","n/a"
"26 Mar 96","8.1334","7.6144","n/a","n/a","n/a","n/a"
"25 Mar 96","8.0813","7.5707","n/a","n/a","n/a","n/a"
"22 Mar 96","8.1451","7.6129","n/a","n/a","n/a","n/a"
"21 Mar 96","8.0654","7.5337","n/a","n/a","n/a","n/a"
"20 Mar 96","8.0623","7.5435","n/a","n/a","n/a","n/a"
"19 Mar 96","8.1446","7.6061","n/a","n/a","n/a","n/a"
"18 Mar 96","8.107","7.5804","n/a","n/a","n/a","n/a"
"15 Mar 96","8.139","7.5829","n/a","n/a","n/a","n/a"
"14 Mar 96","8.0946","7.5475","n/a","n/a","n/a","n/a"
"13 Mar 96","8.1412","7.6079","n/a","n/a","n/a","n/a"
"12 Mar 96","8.1923","7.6913","n/a","n/a","n/a","n/a"
"11 Mar 96","8.1365","7.6342","n/a","n/a","n/a","n/a"
"08 Mar 96","8.0657","7.506","n/a","n/a","n/a","n/a"
"07 Mar 96","7.8634","7.2488","n/a","n/a","n/a","n/a"
"06 Mar 96","7.8345","7.2012","n/a","n/a","n/a","n/a"
"05 Mar 96","7.8316","7.1843","n/a","n/a","n/a","n/a"
"04 Mar 96","7.7749","7.1373","n/a","n/a","n/a","n/a"
"01 Mar 96","7.8396","7.2464","n/a","n/a","n/a","n/a"
"29 Feb 96","8.0099","7.4048","n/a","n/a","n/a","n/a"
"28 Feb 96","7.9356","7.3484","n/a","n/a","n/a","n/a"
"27 Feb 96","7.9509","7.3611","n/a","n/a","n/a","n/a"
"26 Feb 96","7.963","7.3794","n/a","n/a","n/a","n/a"
"23 Feb 96","7.8772","7.2802","n/a","n/a","n/a","n/a"
"22 Feb 96","7.8606","7.2757","n/a","n/a","n/a","n/a"
"21 Feb 96","7.8214","7.2593","n/a","n/a","n/a","n/a"
"20 Feb 96","7.8969","7.3169","n/a","n/a","n/a","n/a"
"19 Feb 96","7.8533","7.2237","n/a","n/a","n/a","n/a"
"16 Feb 96","7.6978","7.0503","n/a","n/a","n/a","n/a"
"15 Feb 96","7.69","7.0713","n/a","n/a","n/a","n/a"
"14 Feb 96","7.6931","7.0929","n/a","n/a","n/a","n/a"
"13 Feb 96","7.6293","7.0299","n/a","n/a","n/a","n/a"
"12 Feb 96","7.6449","7.0438","n/a","n/a","n/a","n/a"
"09 Feb 96","7.6411","7.0493","n/a","n/a","n/a","n/a"
"08 Feb 96","7.6519","7.0406","n/a","n/a","n/a","n/a"
"07 Feb 96","7.6494","7.0519","n/a","n/a","n/a","n/a"
"06 Feb 96","7.6983","7.1018","n/a","n/a","n/a","n/a"
"05 Feb 96","7.7477","7.1582","n/a","n/a","n/a","n/a"
"02 Feb 96","7.5938","7.0148","n/a","n/a","n/a","n/a"
"01 Feb 96","7.491","6.9248","n/a","n/a","n/a","n/a"
"31 Jan 96","7.5107","6.9356","n/a","n/a","n/a","n/a"
"30 Jan 96","7.4588","6.8851","n/a","n/a","n/a","n/a"
"29 Jan 96","7.4994","6.9283","n/a","n/a","n/a","n/a"
"26 Jan 96","7.4652","6.8849","n/a","n/a","n/a","n/a"
"25 Jan 96","7.3977","6.8278","n/a","n/a","n/a","n/a"
"24 Jan 96","7.3306","6.7817","n/a","n/a","n/a","n/a"
"23 Jan 96","7.3723","6.8221","n/a","n/a","n/a","n/a"
"22 Jan 96","7.3498","6.7846","n/a","n/a","n/a","n/a"
"19 Jan 96","7.3131","6.7395","n/a","n/a","n/a","n/a"
"18 Jan 96","7.2751","6.6859","n/a","n/a","n/a","n/a"
"17 Jan 96","7.3479","6.8098","n/a","n/a","n/a","n/a"
"16 Jan 96","7.3461","6.8126","n/a","n/a","n/a","n/a"
"15 Jan 96","7.442","6.9305","n/a","n/a","n/a","n/a"
"12 Jan 96","7.4974","6.9761","n/a","n/a","n/a","n/a"
"11 Jan 96","7.5291","7.0168","n/a","n/a","n/a","n/a"
"10 Jan 96","7.5318","7.0302","n/a","n/a","n/a","n/a"
"09 Jan 96","7.5069","7.0183","n/a","n/a","n/a","n/a"
"08 Jan 96","7.5265","7.0312","n/a","n/a","n/a","n/a"
"05 Jan 96","7.5256","7.0049","n/a","n/a","n/a","n/a"
"04 Jan 96","7.4485","6.9504","n/a","n/a","n/a","n/a"
"03 Jan 96","7.5405","7.0565","n/a","n/a","n/a","n/a"
"02 Jan 96","7.4815","6.9892","n/a","n/a","n/a","n/a"
"31 Dec 95","n/a","n/a","7.8023","7.2956","7.4437","6.899"
"29 Dec 95","7.4437","6.899","n/a","n/a","n/a","n/a"
"28 Dec 95","7.4584","6.9143","n/a","n/a","n/a","n/a"
"27 Dec 95","7.4357","6.8797","n/a","n/a","n/a","n/a"
"22 Dec 95","7.5555","6.9847","n/a","n/a","n/a","n/a"
"21 Dec 95","7.5838","7.012","n/a","n/a","n/a","n/a"
"20 Dec 95","7.5396","6.9531","n/a","n/a","n/a","n/a"
"19 Dec 95","7.5686","6.9807","n/a","n/a","n/a","n/a"
"18 Dec 95","7.4879","6.907","n/a","n/a","n/a","n/a"
"15 Dec 95","7.4301","6.8489","n/a","n/a","n/a","n/a"
"14 Dec 95","7.4316","6.869","n/a","n/a","n/a","n/a"
"13 Dec 95","7.4625","6.9309","n/a","n/a","n/a","n/a"
"12 Dec 95","7.4799","6.9601","n/a","n/a","n/a","n/a"
"11 Dec 95","7.4924","6.9669","n/a","n/a","n/a","n/a"
"08 Dec 95","7.5132","6.9867","n/a","n/a","n/a","n/a"
"07 Dec 95","7.4674","6.9238","n/a","n/a","n/a","n/a"
"06 Dec 95","7.4029","6.8747","n/a","n/a","n/a","n/a"
"05 Dec 95","7.5124","6.9558","n/a","n/a","n/a","n/a"
"04 Dec 95","7.5477","6.9708","n/a","n/a","n/a","n/a"
"01 Dec 95","7.5465","6.9694","n/a","n/a","n/a","n/a"
"30 Nov 95","7.5811","7.0323","n/a","n/a","n/a","n/a"
"29 Nov 95","7.618","7.0709","n/a","n/a","n/a","n/a"
"28 Nov 95","7.6461","7.127","n/a","n/a","n/a","n/a"
"27 Nov 95","7.5651","7.0459","n/a","n/a","n/a","n/a"
"24 Nov 95","7.6595","7.1449","n/a","n/a","n/a","n/a"
"23 Nov 95","7.684","7.1677","n/a","n/a","n/a","n/a"
"22 Nov 95","7.7199","7.209","n/a","n/a","n/a","n/a"
"21 Nov 95","7.7823","7.2729","n/a","n/a","n/a","n/a"
"20 Nov 95","7.7864","7.2725","n/a","n/a","n/a","n/a"
"17 Nov 95","7.7492","7.2331","n/a","n/a","n/a","n/a"
"16 Nov 95","7.7135","7.2059","n/a","n/a","n/a","n/a"
"15 Nov 95","7.822","7.3177","n/a","n/a","n/a","n/a"
"14 Nov 95","7.8399","7.3354","n/a","n/a","n/a","n/a"
"13 Nov 95","7.8563","7.3529","n/a","n/a","n/a","n/a"
"10 Nov 95","7.88","7.3973","n/a","n/a","n/a","n/a"
"09 Nov 95","7.852","7.3423","n/a","n/a","n/a","n/a"
"08 Nov 95","7.802","7.3078","n/a","n/a","n/a","n/a"
"07 Nov 95","7.8914","7.3932","n/a","n/a","n/a","n/a"
"06 Nov 95","7.8782","7.3913","n/a","n/a","n/a","n/a"
"03 Nov 95","7.9356","7.4485","n/a","n/a","n/a","n/a"
"02 Nov 95","7.8825","7.431","n/a","n/a","n/a","n/a"
"01 Nov 95","7.9095","7.4628","n/a","n/a","n/a","n/a"
"31 Oct 95","7.958","7.5014","n/a","n/a","n/a","n/a"
"30 Oct 95","8.0348","7.5604","n/a","n/a","n/a","n/a"
"27 Oct 95","8.0753","7.5908","n/a","n/a","n/a","n/a"
"26 Oct 95","8.0266","7.557","n/a","n/a","n/a","n/a"
"25 Oct 95","8.0445","7.5761","n/a","n/a","n/a","n/a"
"24 Oct 95","8.2206","7.7346","n/a","n/a","n/a","n/a"
"23 Oct 95","8.2161","7.74","n/a","n/a","n/a","n/a"
"20 Oct 95","8.1634","7.6952","n/a","n/a","n/a","n/a"
"19 Oct 95","8.0864","7.6194","n/a","n/a","n/a","n/a"
"18 Oct 95","8.0997","7.6283","n/a","n/a","n/a","n/a"
"17 Oct 95","8.1593","7.7117","n/a","n/a","n/a","n/a"
"16 Oct 95","8.1358","7.6969","n/a","n/a","n/a","n/a"
"13 Oct 95","8.0851","7.6791","n/a","n/a","n/a","n/a"
"12 Oct 95","8.1717","7.7539","n/a","n/a","n/a","n/a"
"11 Oct 95","8.1551","7.7079","n/a","n/a","n/a","n/a"
"10 Oct 95","8.1416","7.6757","n/a","n/a","n/a","n/a"
"09 Oct 95","8.128","7.6562","n/a","n/a","n/a","n/a"
"06 Oct 95","8.0651","7.5726","n/a","n/a","n/a","n/a"
"05 Oct 95","8.0462","7.5492","n/a","n/a","n/a","n/a"
"04 Oct 95","8.0149","7.5222","n/a","n/a","n/a","n/a"
"03 Oct 95","8.0318","7.5418","n/a","n/a","n/a","n/a"
"02 Oct 95","8.0672","7.6007","n/a","n/a","n/a","n/a"
"30 Sep 95","n/a","n/a","8.1091","7.7668","8.1479","7.7026"
"29 Sep 95","8.1479","7.7026","n/a","n/a","n/a","n/a"
"28 Sep 95","8.1695","7.7686","n/a","n/a","n/a","n/a"
"27 Sep 95","8.1689","7.7721","n/a","n/a","n/a","n/a"
"26 Sep 95","8.0264","7.6337","n/a","n/a","n/a","n/a"
"25 Sep 95","8.053","7.6718","n/a","n/a","n/a","n/a"
"22 Sep 95","8.0232","7.6448","n/a","n/a","n/a","n/a"
"21 Sep 95","7.8665","7.4758","n/a","n/a","n/a","n/a"
"20 Sep 95","7.8523","7.4472","n/a","n/a","n/a","n/a"
"19 Sep 95","7.8797","7.4642","n/a","n/a","n/a","n/a"
"18 Sep 95","7.8787","7.4616","n/a","n/a","n/a","n/a"
"15 Sep 95","7.8398","7.4109","n/a","n/a","n/a","n/a"
"14 Sep 95","7.7795","7.3394","n/a","n/a","n/a","n/a"
"13 Sep 95","7.7919","7.3774","n/a","n/a","n/a","n/a"
"12 Sep 95","7.8616","7.4455","n/a","n/a","n/a","n/a"
"11 Sep 95","7.9269","7.5168","n/a","n/a","n/a","n/a"
"08 Sep 95","7.9272","7.5186","n/a","n/a","n/a","n/a"
"07 Sep 95","7.9411","7.5431","n/a","n/a","n/a","n/a"
"06 Sep 95","7.9208","7.5296","n/a","n/a","n/a","n/a"
"05 Sep 95","7.9484","7.5375","n/a","n/a","n/a","n/a"
"04 Sep 95","7.9559","7.5358","n/a","n/a","n/a","n/a"
"01 Sep 95","7.9624","7.5769","n/a","n/a","n/a","n/a"
"31 Aug 95","8.1037","7.7043","n/a","n/a","n/a","n/a"
"30 Aug 95","8.0686","7.6773","n/a","n/a","n/a","n/a"
"29 Aug 95","8.0622","7.6766","n/a","n/a","n/a","n/a"
"25 Aug 95","8.0644","7.6999","n/a","n/a","n/a","n/a"
"24 Aug 95","8.0963","7.7253","n/a","n/a","n/a","n/a"
"23 Aug 95","8.0946","7.7395","n/a","n/a","n/a","n/a"
"22 Aug 95","8.0771","7.7204","n/a","n/a","n/a","n/a"
"21 Aug 95","8.0784","7.7259","n/a","n/a","n/a","n/a"
"18 Aug 95","8.1497","7.7962","n/a","n/a","n/a","n/a"
"17 Aug 95","8.1844","7.8357","n/a","n/a","n/a","n/a"
"16 Aug 95","8.2009","7.8818","n/a","n/a","n/a","n/a"
"15 Aug 95","8.267","7.9788","n/a","n/a","n/a","n/a"
"14 Aug 95","8.2197","7.9062","n/a","n/a","n/a","n/a"
"11 Aug 95","8.095","7.772","n/a","n/a","n/a","n/a"
"10 Aug 95","8.009","7.6873","n/a","n/a","n/a","n/a"
"09 Aug 95","8.0692","7.7396","n/a","n/a","n/a","n/a"
"08 Aug 95","8.0441","7.7303","n/a","n/a","n/a","n/a"
"07 Aug 95","8.048","7.75","n/a","n/a","n/a","n/a"
"04 Aug 95","8.0776","7.7836","n/a","n/a","n/a","n/a"
"03 Aug 95","8.1577","7.8488","n/a","n/a","n/a","n/a"
"02 Aug 95","8.1427","7.8382","n/a","n/a","n/a","n/a"
"01 Aug 95","8.261","7.9468","n/a","n/a","n/a","n/a"
"31 Jul 95","8.229","7.9202","n/a","n/a","n/a","n/a"
"28 Jul 95","8.2484","7.9253","n/a","n/a","n/a","n/a"
"27 Jul 95","8.1848","7.8605","n/a","n/a","n/a","n/a"
"26 Jul 95","8.1961","7.8711","n/a","n/a","n/a","n/a"
"25 Jul 95","8.2849","7.9549","n/a","n/a","n/a","n/a"
"24 Jul 95","8.3047","7.9909","n/a","n/a","n/a","n/a"
"21 Jul 95","8.3592","8.0455","n/a","n/a","n/a","n/a"
"20 Jul 95","8.3371","8.0414","n/a","n/a","n/a","n/a"
"19 Jul 95","8.2964","8.0101","n/a","n/a","n/a","n/a"
"18 Jul 95","8.2597","7.9818","n/a","n/a","n/a","n/a"
"17 Jul 95","8.2249","7.9496","n/a","n/a","n/a","n/a"
"14 Jul 95","8.2342","7.9735","n/a","n/a","n/a","n/a"
"13 Jul 95","8.1811","7.9134","n/a","n/a","n/a","n/a"
"12 Jul 95","8.1249","7.8453","n/a","n/a","n/a","n/a"
"11 Jul 95","8.1349","7.8659","n/a","n/a","n/a","n/a"
"10 Jul 95","8.1336","7.8518","n/a","n/a","n/a","n/a"
"07 Jul 95","8.1659","7.8982","n/a","n/a","n/a","n/a"
"06 Jul 95","8.3524","8.1115","n/a","n/a","n/a","n/a"
"05 Jul 95","8.3437","8.1035","n/a","n/a","n/a","n/a"
"04 Jul 95","8.4182","8.1861","n/a","n/a","n/a","n/a"
"03 Jul 95","8.4734","8.2344","n/a","n/a","n/a","n/a"
"30 Jun 95","8.4888","8.263","8.2308","8.0754","8.4888","8.263"
"29 Jun 95","8.5052","8.2772","n/a","n/a","n/a","n/a"
"28 Jun 95","8.4745","8.2338","n/a","n/a","n/a","n/a"
"27 Jun 95","8.4144","8.1914","n/a","n/a","n/a","n/a"
"26 Jun 95","8.3982","8.1247","n/a","n/a","n/a","n/a"
"23 Jun 95","8.1912","7.9061","n/a","n/a","n/a","n/a"
"22 Jun 95","8.0231","7.7759","n/a","n/a","n/a","n/a"
"21 Jun 95","8.1527","7.8971","n/a","n/a","n/a","n/a"
"20 Jun 95","8.1357","7.8841","n/a","n/a","n/a","n/a"
"19 Jun 95","8.129","7.8953","n/a","n/a","n/a","n/a"
"16 Jun 95","8.2144","7.9786","n/a","n/a","n/a","n/a"
"15 Jun 95","8.1256","7.8963","n/a","n/a","n/a","n/a"
"14 Jun 95","8.0823","7.8427","n/a","n/a","n/a","n/a"
"13 Jun 95","8.026","7.7786","n/a","n/a","n/a","n/a"
"12 Jun 95","8.1602","7.9366","n/a","n/a","n/a","n/a"
"09 Jun 95","8.1394","7.8946","n/a","n/a","n/a","n/a"
"08 Jun 95","7.9035","7.6559","n/a","n/a","n/a","n/a"
"07 Jun 95","7.7989","7.5274","n/a","n/a","n/a","n/a"
"06 Jun 95","7.715","7.4287","n/a","n/a","n/a","n/a"
"05 Jun 95","7.7341","7.4517","n/a","n/a","n/a","n/a"
"02 Jun 95","7.7483","7.4842","n/a","n/a","n/a","n/a"
"01 Jun 95","7.8527","7.638","n/a","n/a","n/a","n/a"
"31 May 95","7.9587","7.7613","n/a","n/a","n/a","n/a"
"30 May 95","7.9248","7.7495","n/a","n/a","n/a","n/a"
"26 May 95","7.9784","7.8051","n/a","n/a","n/a","n/a"
"25 May 95","7.9121","7.7434","n/a","n/a","n/a","n/a"
"24 May 95","7.9126","7.7503","n/a","n/a","n/a","n/a"
"23 May 95","8.0883","7.9446","n/a","n/a","n/a","n/a"
"22 May 95","8.1014","7.9673","n/a","n/a","n/a","n/a"
"19 May 95","8.1338","7.9802","n/a","n/a","n/a","n/a"
"18 May 95","8.1118","7.9725","n/a","n/a","n/a","n/a"
"17 May 95","8.1959","8.0776","n/a","n/a","n/a","n/a"
"16 May 95","8.1754","8.0788","n/a","n/a","n/a","n/a"
"15 May 95","8.2422","8.15","n/a","n/a","n/a","n/a"
"12 May 95","8.2378","8.1635","n/a","n/a","n/a","n/a"
"11 May 95","8.221","8.1365","n/a","n/a","n/a","n/a"
"10 May 95","8.162","8.0564","n/a","n/a","n/a","n/a"
"09 May 95","8.3687","8.2341","n/a","n/a","n/a","n/a"
"05 May 95","8.3339","8.2127","n/a","n/a","n/a","n/a"
"04 May 95","8.3617","8.2883","n/a","n/a","n/a","n/a"
"03 May 95","8.4035","8.3424","n/a","n/a","n/a","n/a"
"02 May 95","8.4773","8.4067","n/a","n/a","n/a","n/a"
"01 May 95","8.4831","8.4191","n/a","n/a","n/a","n/a"
"28 Apr 95","8.4876","8.4132","n/a","n/a","n/a","n/a"
"27 Apr 95","8.4388","8.3628","n/a","n/a","n/a","n/a"
"26 Apr 95","8.4024","8.3225","n/a","n/a","n/a","n/a"
"25 Apr 95","8.4562","8.3887","n/a","n/a","n/a","n/a"
"24 Apr 95","8.4006","8.3257","n/a","n/a","n/a","n/a"
"21 Apr 95","8.395","8.3072","n/a","n/a","n/a","n/a"
"20 Apr 95","8.4294","8.3617","n/a","n/a","n/a","n/a"
"19 Apr 95","8.482","8.391","n/a","n/a","n/a","n/a"
"18 Apr 95","8.3641","8.2682","n/a","n/a","n/a","n/a"
"13 Apr 95","8.3671","8.2765","n/a","n/a","n/a","n/a"
"12 Apr 95","8.4213","8.3056","n/a","n/a","n/a","n/a"
"11 Apr 95","8.4887","8.3813","n/a","n/a","n/a","n/a"
"10 Apr 95","8.4892","8.3795","n/a","n/a","n/a","n/a"
"07 Apr 95","8.424","8.3242","n/a","n/a","n/a","n/a"
"06 Apr 95","8.4602","8.3925","n/a","n/a","n/a","n/a"
"05 Apr 95","8.4353","8.3704","n/a","n/a","n/a","n/a"
"04 Apr 95","8.449","8.3941","n/a","n/a","n/a","n/a"
"03 Apr 95","8.4889","8.4306","n/a","n/a","n/a","n/a"
"31 Mar 95","8.5461","8.4858","8.6595","8.6426","8.5461","8.4858"
"30 Mar 95","8.4969","8.4135","n/a","n/a","n/a","n/a"
"29 Mar 95","8.5911","8.5322","n/a","n/a","n/a","n/a"
"28 Mar 95","8.5339","8.4774","n/a","n/a","n/a","n/a"
"27 Mar 95","8.5009","8.4444","n/a","n/a","n/a","n/a"
"24 Mar 95","8.4672","8.423","n/a","n/a","n/a","n/a"
"23 Mar 95","8.5049","8.4579","n/a","n/a","n/a","n/a"
"22 Mar 95","8.4784","8.4361","n/a","n/a","n/a","n/a"
"21 Mar 95","8.4698","8.4351","n/a","n/a","n/a","n/a"
"20 Mar 95","8.5043","8.4704","n/a","n/a","n/a","n/a"
"17 Mar 95","8.54","8.5122","n/a","n/a","n/a","n/a"
"16 Mar 95","8.453","8.4305","n/a","n/a","n/a","n/a"
"15 Mar 95","8.5677","8.5329","n/a","n/a","n/a","n/a"
"14 Mar 95","8.5827","8.5571","n/a","n/a","n/a","n/a"
"13 Mar 95","8.7249","8.7071","n/a","n/a","n/a","n/a"
"10 Mar 95","8.7117","8.6904","n/a","n/a","n/a","n/a"
"09 Mar 95","8.7754","8.7328","n/a","n/a","n/a","n/a"
"08 Mar 95","8.7931","8.7696","n/a","n/a","n/a","n/a"
"07 Mar 95","8.8607","8.8183","n/a","n/a","n/a","n/a"
"06 Mar 95","8.7112","8.6549","n/a","n/a","n/a","n/a"
"03 Mar 95","8.6148","8.5745","n/a","n/a","n/a","n/a"
"02 Mar 95","8.6075","8.5605","n/a","n/a","n/a","n/a"
"01 Mar 95","8.6218","8.6023","n/a","n/a","n/a","n/a"
"28 Feb 95","8.6862","8.6553","n/a","n/a","n/a","n/a"
"27 Feb 95","8.7059","8.6705","n/a","n/a","n/a","n/a"
"24 Feb 95","8.6863","8.6647","n/a","n/a","n/a","n/a"
"23 Feb 95","8.6305","8.5849","n/a","n/a","n/a","n/a"
"22 Feb 95","8.7149","8.6913","n/a","n/a","n/a","n/a"
"21 Feb 95","8.7701","8.7475","n/a","n/a","n/a","n/a"
"20 Feb 95","8.7193","8.704","n/a","n/a","n/a","n/a"
"17 Feb 95","8.6809","8.6483","n/a","n/a","n/a","n/a"
"16 Feb 95","8.6673","8.6368","n/a","n/a","n/a","n/a"
"15 Feb 95","8.6577","8.627","n/a","n/a","n/a","n/a"
"14 Feb 95","8.7569","8.7619","n/a","n/a","n/a","n/a"
"13 Feb 95","8.7663","8.7642","n/a","n/a","n/a","n/a"
"10 Feb 95","8.5654","8.5653","n/a","n/a","n/a","n/a"
"09 Feb 95","8.5454","8.5401","n/a","n/a","n/a","n/a"
"08 Feb 95","8.5576","8.5455","n/a","n/a","n/a","n/a"
"07 Feb 95","8.5336","8.5258","n/a","n/a","n/a","n/a"
"06 Feb 95","8.631","8.6285","n/a","n/a","n/a","n/a"
"03 Feb 95","8.6257","8.6204","n/a","n/a","n/a","n/a"
"02 Feb 95","8.6128","8.6252","n/a","n/a","n/a","n/a"
"01 Feb 95","8.5997","8.6031","n/a","n/a","n/a","n/a"
"31 Jan 95","8.6242","8.6214","n/a","n/a","n/a","n/a"
"30 Jan 95","8.6393","8.6425","n/a","n/a","n/a","n/a"
"27 Jan 95","8.6433","8.6687","n/a","n/a","n/a","n/a"
"26 Jan 95","8.7153","8.7381","n/a","n/a","n/a","n/a"
"25 Jan 95","8.7868","8.7932","n/a","n/a","n/a","n/a"
"24 Jan 95","8.783","8.7887","n/a","n/a","n/a","n/a"
"23 Jan 95","8.7858","8.792","n/a","n/a","n/a","n/a"
"20 Jan 95","8.7239","8.7458","n/a","n/a","n/a","n/a"
"19 Jan 95","8.7065","8.7316","n/a","n/a","n/a","n/a"
"18 Jan 95","8.7655","8.7754","n/a","n/a","n/a","n/a"
"17 Jan 95","8.6861","8.6887","n/a","n/a","n/a","n/a"
"16 Jan 95","8.694","8.6983","n/a","n/a","n/a","n/a"
"13 Jan 95","8.7439","8.7509","n/a","n/a","n/a","n/a"
"12 Jan 95","8.7501","8.7518","n/a","n/a","n/a","n/a"
"11 Jan 95","8.7679","8.7775","n/a","n/a","n/a","n/a"
"10 Jan 95","8.7701","8.7889","n/a","n/a","n/a","n/a"
"09 Jan 95","8.7806","8.7954","n/a","n/a","n/a","n/a"
"06 Jan 95","8.7151","8.7238","n/a","n/a","n/a","n/a"
"05 Jan 95","8.7741","8.7632","n/a","n/a","n/a","n/a"
"04 Jan 95","8.7643","8.7525","n/a","n/a","n/a","n/a"
"03 Jan 95","8.8134","8.8098","n/a","n/a","n/a","n/a"
"31 Dec 94","n/a","n/a","8.6666","8.6269","8.7508","8.7537"
"30 Dec 94","8.7508","8.7537","n/a","n/a","n/a","n/a"
"29 Dec 94","8.7714","8.7942","n/a","n/a","n/a","n/a"
"28 Dec 94","8.5201","8.5551","n/a","n/a","n/a","n/a"
"23 Dec 94","8.5367","8.5538","n/a","n/a","n/a","n/a"
"22 Dec 94","8.5357","8.5455","n/a","n/a","n/a","n/a"
"21 Dec 94","8.5379","8.5526","n/a","n/a","n/a","n/a"
"20 Dec 94","8.5592","8.5794","n/a","n/a","n/a","n/a"
"19 Dec 94","8.537","8.5638","n/a","n/a","n/a","n/a"
"16 Dec 94","8.5585","8.5756","n/a","n/a","n/a","n/a"
"15 Dec 94","8.5523","8.5573","n/a","n/a","n/a","n/a"
"14 Dec 94","8.5873","8.6009","n/a","n/a","n/a","n/a"
"13 Dec 94","8.6295","8.6284","n/a","n/a","n/a","n/a"
"12 Dec 94","8.5677","8.5778","n/a","n/a","n/a","n/a"
"09 Dec 94","8.5105","8.5152","n/a","n/a","n/a","n/a"
"08 Dec 94","8.5993","8.5854","n/a","n/a","n/a","n/a"
"07 Dec 94","8.6188","8.6141","n/a","n/a","n/a","n/a"
"06 Dec 94","8.6411","8.6362","n/a","n/a","n/a","n/a"
"05 Dec 94","8.5834","8.5707","n/a","n/a","n/a","n/a"
"02 Dec 94","8.5227","8.5025","n/a","n/a","n/a","n/a"
"01 Dec 94","8.5085","8.5038","n/a","n/a","n/a","n/a"
"30 Nov 94","8.5032","8.4882","n/a","n/a","n/a","n/a"
"29 Nov 94","8.5287","8.4874","n/a","n/a","n/a","n/a"
"28 Nov 94","8.4466","8.3931","n/a","n/a","n/a","n/a"
"25 Nov 94","8.4894","8.4308","n/a","n/a","n/a","n/a"
"24 Nov 94","8.4719","8.3899","n/a","n/a","n/a","n/a"
"23 Nov 94","8.4852","8.3956","n/a","n/a","n/a","n/a"
"22 Nov 94","8.5711","8.4857","n/a","n/a","n/a","n/a"
"21 Nov 94","8.5911","8.5068","n/a","n/a","n/a","n/a"
"18 Nov 94","8.605","8.4951","n/a","n/a","n/a","n/a"
"17 Nov 94","8.6557","8.5534","n/a","n/a","n/a","n/a"
"16 Nov 94","8.6191","8.5443","n/a","n/a","n/a","n/a"
"15 Nov 94","8.6465","8.5737","n/a","n/a","n/a","n/a"
"14 Nov 94","8.6854","8.6342","n/a","n/a","n/a","n/a"
"11 Nov 94","8.7263","8.6542","n/a","n/a","n/a","n/a"
"10 Nov 94","8.6935","8.6294","n/a","n/a","n/a","n/a"
"09 Nov 94","8.692","8.6403","n/a","n/a","n/a","n/a"
"08 Nov 94","8.7806","8.7254","n/a","n/a","n/a","n/a"
"07 Nov 94","8.7946","8.7302","n/a","n/a","n/a","n/a"
"04 Nov 94","8.7198","8.6458","n/a","n/a","n/a","n/a"
"03 Nov 94","8.7572","8.701","n/a","n/a","n/a","n/a"
"02 Nov 94","8.8083","8.7555","n/a","n/a","n/a","n/a"
"01 Nov 94","8.7241","8.6835","n/a","n/a","n/a","n/a"
"31 Oct 94","8.8014","8.7748","n/a","n/a","n/a","n/a"
"28 Oct 94","8.746","8.7137","n/a","n/a","n/a","n/a"
"27 Oct 94","8.8301","8.8023","n/a","n/a","n/a","n/a"
"26 Oct 94","8.9236","8.9094","n/a","n/a","n/a","n/a"
"25 Oct 94","8.9242","8.8635","n/a","n/a","n/a","n/a"
"24 Oct 94","8.7967","8.7304","n/a","n/a","n/a","n/a"
"21 Oct 94","8.7177","8.6634","n/a","n/a","n/a","n/a"
"20 Oct 94","8.6967","8.6372","n/a","n/a","n/a","n/a"
"19 Oct 94","8.6597","8.5911","n/a","n/a","n/a","n/a"
"18 Oct 94","8.6084","8.5565","n/a","n/a","n/a","n/a"
"17 Oct 94","8.5385","8.4821","n/a","n/a","n/a","n/a"
"14 Oct 94","8.6365","8.5942","n/a","n/a","n/a","n/a"
"13 Oct 94","8.6148","8.5482","n/a","n/a","n/a","n/a"
"12 Oct 94","8.6879","8.5961","n/a","n/a","n/a","n/a"
"11 Oct 94","8.7575","8.6746","n/a","n/a","n/a","n/a"
"10 Oct 94","8.7734","8.7001","n/a","n/a","n/a","n/a"
"07 Oct 94","8.8174","8.7495","n/a","n/a","n/a","n/a"
"06 Oct 94","8.9114","8.8298","n/a","n/a","n/a","n/a"
"05 Oct 94","8.986","8.9242","n/a","n/a","n/a","n/a"
"04 Oct 94","8.9507","8.9161","n/a","n/a","n/a","n/a"
"03 Oct 94","8.996","8.9291","n/a","n/a","n/a","n/a"
"30 Sep 94","8.8877","8.8394","8.6962","8.5406","8.8877","8.8394"
"29 Sep 94","8.9319","8.8574","n/a","n/a","n/a","n/a"
"28 Sep 94","8.8937","8.8171","n/a","n/a","n/a","n/a"
"27 Sep 94","8.9989","8.9021","n/a","n/a","n/a","n/a"
"26 Sep 94","8.9798","8.9061","n/a","n/a","n/a","n/a"
"23 Sep 94","8.9698","8.9202","n/a","n/a","n/a","n/a"
"22 Sep 94","9.0034","8.9331","n/a","n/a","n/a","n/a"
"21 Sep 94","9.1202","9.0385","n/a","n/a","n/a","n/a"
"20 Sep 94","9.1256","9.0119","n/a","n/a","n/a","n/a"
"19 Sep 94","9.0691","8.9609","n/a","n/a","n/a","n/a"
"16 Sep 94","9.0793","8.9363","n/a","n/a","n/a","n/a"
"15 Sep 94","8.8774","8.7416","n/a","n/a","n/a","n/a"
"14 Sep 94","8.9966","8.8703","n/a","n/a","n/a","n/a"
"13 Sep 94","8.8108","8.6923","n/a","n/a","n/a","n/a"
"12 Sep 94","8.8254","8.7014","n/a","n/a","n/a","n/a"
"09 Sep 94","8.8949","8.6714","n/a","n/a","n/a","n/a"
"08 Sep 94","8.6714","8.5088","n/a","n/a","n/a","n/a"
"07 Sep 94","8.7876","8.6484","n/a","n/a","n/a","n/a"
"06 Sep 94","8.8333","8.6881","n/a","n/a","n/a","n/a"
"05 Sep 94","8.6911","8.5598","n/a","n/a","n/a","n/a"
"02 Sep 94","8.6981","8.5662","n/a","n/a","n/a","n/a"
"01 Sep 94","8.5646","8.4532","n/a","n/a","n/a","n/a"
"31 Aug 94","8.61","8.5089","n/a","n/a","n/a","n/a"
"30 Aug 94","8.6228","8.5339","n/a","n/a","n/a","n/a"
"26 Aug 94","8.5801","8.509","n/a","n/a","n/a","n/a"
"25 Aug 94","8.6577","8.5787","n/a","n/a","n/a","n/a"
"24 Aug 94","8.7609","8.663","n/a","n/a","n/a","n/a"
"23 Aug 94","8.7505","8.6476","n/a","n/a","n/a","n/a"
"22 Aug 94","8.7669","8.6472","n/a","n/a","n/a","n/a"
"19 Aug 94","8.7775","8.6529","n/a","n/a","n/a","n/a"
"18 Aug 94","8.7769","8.6407","n/a","n/a","n/a","n/a"
"17 Aug 94","8.6722","8.5528","n/a","n/a","n/a","n/a"
"16 Aug 94","8.7243","8.597","n/a","n/a","n/a","n/a"
"15 Aug 94","8.7978","8.6629","n/a","n/a","n/a","n/a"
"12 Aug 94","8.7745","8.6391","n/a","n/a","n/a","n/a"
"11 Aug 94","8.769","8.6202","n/a","n/a","n/a","n/a"
"10 Aug 94","8.5682","8.4112","n/a","n/a","n/a","n/a"
"09 Aug 94","8.6046","8.4345","n/a","n/a","n/a","n/a"
"08 Aug 94","8.5071","8.3612","n/a","n/a","n/a","n/a"
"05 Aug 94","8.5528","8.4113","n/a","n/a","n/a","n/a"
"04 Aug 94","8.5481","8.4057","n/a","n/a","n/a","n/a"
"03 Aug 94","8.4543","8.3384","n/a","n/a","n/a","n/a"
"02 Aug 94","8.4314","8.316","n/a","n/a","n/a","n/a"
"01 Aug 94","8.6445","8.4967","n/a","n/a","n/a","n/a"
"29 Jul 94","8.6533","8.5094","n/a","n/a","n/a","n/a"
"28 Jul 94","8.7059","8.4958","n/a","n/a","n/a","n/a"
"27 Jul 94","8.6756","8.4786","n/a","n/a","n/a","n/a"
"26 Jul 94","8.4281","8.1879","n/a","n/a","n/a","n/a"
"25 Jul 94","8.3857","8.1753","n/a","n/a","n/a","n/a"
"22 Jul 94","8.4272","8.1575","n/a","n/a","n/a","n/a"
"21 Jul 94","8.3955","8.1168","n/a","n/a","n/a","n/a"
"20 Jul 94","8.406","8.1176","n/a","n/a","n/a","n/a"
"19 Jul 94","8.3132","8.0376","n/a","n/a","n/a","n/a"
"18 Jul 94","8.3127","8.046","n/a","n/a","n/a","n/a"
"15 Jul 94","8.3526","8.0682","n/a","n/a","n/a","n/a"
"14 Jul 94","8.2839","8.057","n/a","n/a","n/a","n/a"
"13 Jul 94","8.3934","8.1477","n/a","n/a","n/a","n/a"
"12 Jul 94","8.4296","8.238","n/a","n/a","n/a","n/a"
"11 Jul 94","8.6082","8.3988","n/a","n/a","n/a","n/a"
"08 Jul 94","8.677","8.4901","n/a","n/a","n/a","n/a"
"07 Jul 94","8.7283","8.5125","n/a","n/a","n/a","n/a"
"06 Jul 94","8.7359","8.489","n/a","n/a","n/a","n/a"
"05 Jul 94","8.7579","8.51","n/a","n/a","n/a","n/a"
"04 Jul 94","8.7374","8.5039","n/a","n/a","n/a","n/a"
"01 Jul 94","8.7853","8.5476","n/a","n/a","n/a","n/a"
"30 Jun 94","8.7971","8.5639","8.2991","8.0419","8.7971","8.5639"
"29 Jun 94","8.5873","8.3797","n/a","n/a","n/a","n/a"
"28 Jun 94","8.6558","8.4392","n/a","n/a","n/a","n/a"
"27 Jun 94","8.614","8.4202","n/a","n/a","n/a","n/a"
"24 Jun 94","8.7945","8.5595","n/a","n/a","n/a","n/a"
"23 Jun 94","8.7062","8.4523","n/a","n/a","n/a","n/a"
"22 Jun 94","8.8224","8.5661","n/a","n/a","n/a","n/a"
"21 Jun 94","9.021","8.7529","n/a","n/a","n/a","n/a"
"20 Jun 94","8.9637","8.7086","n/a","n/a","n/a","n/a"
"17 Jun 94","8.7951","8.5268","n/a","n/a","n/a","n/a"
"16 Jun 94","8.7993","8.5393","n/a","n/a","n/a","n/a"
"15 Jun 94","8.6429","8.3429","n/a","n/a","n/a","n/a"
"14 Jun 94","8.7089","8.4799","n/a","n/a","n/a","n/a"
"13 Jun 94","8.7467","8.4864","n/a","n/a","n/a","n/a"
"10 Jun 94","8.5276","8.3","n/a","n/a","n/a","n/a"
"09 Jun 94","8.5861","8.3483","n/a","n/a","n/a","n/a"
"08 Jun 94","8.5121","8.2871","n/a","n/a","n/a","n/a"
"07 Jun 94","8.6612","8.3887","n/a","n/a","n/a","n/a"
"06 Jun 94","8.5157","8.2454","n/a","n/a","n/a","n/a"
"03 Jun 94","8.4889","8.2223","n/a","n/a","n/a","n/a"
"02 Jun 94","8.6978","8.5042","n/a","n/a","n/a","n/a"
"01 Jun 94","8.9858","8.7108","n/a","n/a","n/a","n/a"
"31 May 94","8.6686","8.347","n/a","n/a","n/a","n/a"
"27 May 94","8.5667","8.2283","n/a","n/a","n/a","n/a"
"26 May 94","8.4272","8.0938","n/a","n/a","n/a","n/a"
"25 May 94","8.4261","8.0565","n/a","n/a","n/a","n/a"
"24 May 94","8.241","7.9136","n/a","n/a","n/a","n/a"
"23 May 94","8.0919","7.7719","n/a","n/a","n/a","n/a"
"20 May 94","7.9981","7.705","n/a","n/a","n/a","n/a"
"19 May 94","7.9799","7.6964","n/a","n/a","n/a","n/a"
"18 May 94","8.0847","7.8143","n/a","n/a","n/a","n/a"
"17 May 94","8.1423","7.8423","n/a","n/a","n/a","n/a"
"16 May 94","8.1818","7.879","n/a","n/a","n/a","n/a"
"13 May 94","8.1779","7.8851","n/a","n/a","n/a","n/a"
"12 May 94","8.3132","8.006","n/a","n/a","n/a","n/a"
"11 May 94","8.3623","8.0689","n/a","n/a","n/a","n/a"
"10 May 94","8.4084","8.1516","n/a","n/a","n/a","n/a"
"09 May 94","8.4414","8.1956","n/a","n/a","n/a","n/a"
"06 May 94","8.3866","8.1106","n/a","n/a","n/a","n/a"
"05 May 94","8.2691","8.0394","n/a","n/a","n/a","n/a"
"04 May 94","8.3355","8.1036","n/a","n/a","n/a","n/a"
"03 May 94","8.1474","7.8941","n/a","n/a","n/a","n/a"
"29 Apr 94","7.9937","7.7653","n/a","n/a","n/a","n/a"
"28 Apr 94","8.0247","7.8026","n/a","n/a","n/a","n/a"
"27 Apr 94","7.9166","7.7461","n/a","n/a","n/a","n/a"
"26 Apr 94","7.9333","7.773","n/a","n/a","n/a","n/a"
"25 Apr 94","8.0042","7.8436","n/a","n/a","n/a","n/a"
"22 Apr 94","7.8502","7.6796","n/a","n/a","n/a","n/a"
"21 Apr 94","7.9381","7.7513","n/a","n/a","n/a","n/a"
"20 Apr 94","8.0306","7.7732","n/a","n/a","n/a","n/a"
"19 Apr 94","7.9326","7.6668","n/a","n/a","n/a","n/a"
"18 Apr 94","7.9134","7.6344","n/a","n/a","n/a","n/a"
"15 Apr 94","7.6523","7.4081","n/a","n/a","n/a","n/a"
"14 Apr 94","7.7635","7.4789","n/a","n/a","n/a","n/a"
"13 Apr 94","7.7706","7.4782","n/a","n/a","n/a","n/a"
"12 Apr 94","7.7017","7.4428","n/a","n/a","n/a","n/a"
"11 Apr 94","7.6802","7.4283","n/a","n/a","n/a","n/a"
"08 Apr 94","7.7752","7.4843","n/a","n/a","n/a","n/a"
"07 Apr 94","7.7009","7.4463","n/a","n/a","n/a","n/a"
"06 Apr 94","7.6621","7.4152","n/a","n/a","n/a","n/a"
"05 Apr 94","7.718","7.5133","n/a","n/a","n/a","n/a"
"31 Mar 94","7.6467","7.3976","6.8781","6.4126","7.6467","7.3976"
"30 Mar 94","7.746","7.5051","n/a","n/a","n/a","n/a"
"29 Mar 94","7.939","7.6114","n/a","n/a","n/a","n/a"
"28 Mar 94","7.84","7.4541","n/a","n/a","n/a","n/a"
"25 Mar 94","7.9129","7.4727","n/a","n/a","n/a","n/a"
"24 Mar 94","7.7668","7.3093","n/a","n/a","n/a","n/a"
"23 Mar 94","7.4994","7.0163","n/a","n/a","n/a","n/a"
"22 Mar 94","7.4044","6.9066","n/a","n/a","n/a","n/a"
"21 Mar 94","7.4851","6.9729","n/a","n/a","n/a","n/a"
"18 Mar 94","7.4753","7.0045","n/a","n/a","n/a","n/a"
"17 Mar 94","7.3438","6.8749","n/a","n/a","n/a","n/a"
"16 Mar 94","7.3162","6.8755","n/a","n/a","n/a","n/a"
"15 Mar 94","7.1485","6.7136","n/a","n/a","n/a","n/a"
"14 Mar 94","7.2957","6.8166","n/a","n/a","n/a","n/a"
"11 Mar 94","7.3583","6.8724","n/a","n/a","n/a","n/a"
"10 Mar 94","7.1522","6.6923","n/a","n/a","n/a","n/a"
"09 Mar 94","7.168","6.7143","n/a","n/a","n/a","n/a"
"08 Mar 94","7.1382","6.6453","n/a","n/a","n/a","n/a"
"07 Mar 94","7.0535","6.6112","n/a","n/a","n/a","n/a"
"04 Mar 94","7.1688","6.6958","n/a","n/a","n/a","n/a"
"03 Mar 94","7.2698","6.7664","n/a","n/a","n/a","n/a"
"02 Mar 94","7.237","6.7395","n/a","n/a","n/a","n/a"
"01 Mar 94","7.2264","6.7094","n/a","n/a","n/a","n/a"
"28 Feb 94","7.0417","6.567","n/a","n/a","n/a","n/a"
"25 Feb 94","7.1299","6.6547","n/a","n/a","n/a","n/a"
"24 Feb 94","7.1853","6.7426","n/a","n/a","n/a","n/a"
"23 Feb 94","6.9295","6.465","n/a","n/a","n/a","n/a"
"22 Feb 94","6.925","6.4396","n/a","n/a","n/a","n/a"
"21 Feb 94","6.9008","6.3082","n/a","n/a","n/a","n/a"
"18 Feb 94","6.7592","6.2056","n/a","n/a","n/a","n/a"
"17 Feb 94","6.6651","6.1685","n/a","n/a","n/a","n/a"
"16 Feb 94","6.6989","6.2149","n/a","n/a","n/a","n/a"
"15 Feb 94","6.7299","6.245","n/a","n/a","n/a","n/a"
"14 Feb 94","6.7187","6.228","n/a","n/a","n/a","n/a"
"11 Feb 94","6.7111","6.2084","n/a","n/a","n/a","n/a"
"10 Feb 94","6.7394","6.2164","n/a","n/a","n/a","n/a"
"09 Feb 94","6.717","6.1698","n/a","n/a","n/a","n/a"
"08 Feb 94","6.6817","6.1241","n/a","n/a","n/a","n/a"
"07 Feb 94","6.6729","6.1961","n/a","n/a","n/a","n/a"
"04 Feb 94","6.5761","6.0544","n/a","n/a","n/a","n/a"
"03 Feb 94","6.5087","5.9936","n/a","n/a","n/a","n/a"
"02 Feb 94","6.4304","5.9266","n/a","n/a","n/a","n/a"
"01 Feb 94","6.4219","5.9027","n/a","n/a","n/a","n/a"
"31 Jan 94","6.355","5.9006","n/a","n/a","n/a","n/a"
"28 Jan 94","6.4011","5.9174","n/a","n/a","n/a","n/a"
"27 Jan 94","6.4568","5.9592","n/a","n/a","n/a","n/a"
"26 Jan 94","6.379","5.9147","n/a","n/a","n/a","n/a"
"25 Jan 94","6.3312","5.8774","n/a","n/a","n/a","n/a"
"24 Jan 94","6.3085","5.8728","n/a","n/a","n/a","n/a"
"21 Jan 94","6.3178","5.8931","n/a","n/a","n/a","n/a"
"20 Jan 94","6.2949","5.8619","n/a","n/a","n/a","n/a"
"19 Jan 94","6.2832","5.8332","n/a","n/a","n/a","n/a"
"18 Jan 94","6.4074","5.9412","n/a","n/a","n/a","n/a"
"17 Jan 94","6.484","6.0152","n/a","n/a","n/a","n/a"
"14 Jan 94","6.5078","6.0592","n/a","n/a","n/a","n/a"
"13 Jan 94","6.4733","6.0252","n/a","n/a","n/a","n/a"
"12 Jan 94","6.3891","5.9674","n/a","n/a","n/a","n/a"
"11 Jan 94","6.3978","5.9549","n/a","n/a","n/a","n/a"
"10 Jan 94","6.3332","5.9038","n/a","n/a","n/a","n/a"
"07 Jan 94","6.3164","5.8961","n/a","n/a","n/a","n/a"
"06 Jan 94","6.3942","5.9384","n/a","n/a","n/a","n/a"
"05 Jan 94","6.4026","5.9479","n/a","n/a","n/a","n/a"
"04 Jan 94","6.3541","5.9028","n/a","n/a","n/a","n/a"
"31 Dec 93","6.2391","5.8114","6.7783","6.25","6.2391","5.8114"
"30 Dec 93","6.2466","5.8095","n/a","n/a","n/a","n/a"
"29 Dec 93","6.2317","5.8059","n/a","n/a","n/a","n/a"
"24 Dec 93","6.3002","5.8461","n/a","n/a","n/a","n/a"
"23 Dec 93","6.316","5.8634","n/a","n/a","n/a","n/a"
"22 Dec 93","6.3673","5.9156","n/a","n/a","n/a","n/a"
"21 Dec 93","6.3604","5.8902","n/a","n/a","n/a","n/a"
"20 Dec 93","6.3068","5.8613","n/a","n/a","n/a","n/a"
"17 Dec 93","6.313","5.8355","n/a","n/a","n/a","n/a"
"16 Dec 93","6.3723","5.8646","n/a","n/a","n/a","n/a"
"15 Dec 93","6.4148","5.8883","n/a","n/a","n/a","n/a"
"14 Dec 93","6.4443","5.8834","n/a","n/a","n/a","n/a"
"13 Dec 93","6.4414","5.8846","n/a","n/a","n/a","n/a"
"10 Dec 93","6.4692","5.9049","n/a","n/a","n/a","n/a"
"09 Dec 93","6.492","5.9031","n/a","n/a","n/a","n/a"
"08 Dec 93","6.521","5.9411","n/a","n/a","n/a","n/a"
"07 Dec 93","6.5847","5.998","n/a","n/a","n/a","n/a"
"06 Dec 93","6.5792","5.9834","n/a","n/a","n/a","n/a"
"03 Dec 93","6.6224","6.0633","n/a","n/a","n/a","n/a"
"02 Dec 93","6.6665","6.1375","n/a","n/a","n/a","n/a"
"01 Dec 93","6.6427","6.1628","n/a","n/a","n/a","n/a"
"30 Nov 93","6.7668","n/a","n/a","n/a","n/a","n/a"
"29 Nov 93","6.8219","n/a","n/a","n/a","n/a","n/a"
"26 Nov 93","6.8467","n/a","n/a","n/a","n/a","n/a"
"25 Nov 93","6.8631","n/a","n/a","n/a","n/a","n/a"
"24 Nov 93","6.8902","n/a","n/a","n/a","n/a","n/a"
"23 Nov 93","6.8827","n/a","n/a","n/a","n/a","n/a"
"22 Nov 93","6.903","n/a","n/a","n/a","n/a","n/a"
"19 Nov 93","6.8253","n/a","n/a","n/a","n/a","n/a"
"18 Nov 93","6.8315","n/a","n/a","n/a","n/a","n/a"
"17 Nov 93","6.8378","n/a","n/a","n/a","n/a","n/a"
"16 Nov 93","6.9236","n/a","n/a","n/a","n/a","n/a"
"15 Nov 93","6.9444","n/a","n/a","n/a","n/a","n/a"
"12 Nov 93","6.9468","n/a","n/a","n/a","n/a","n/a"
"11 Nov 93","7.0342","n/a","n/a","n/a","n/a","n/a"
"10 Nov 93","7.0279","n/a","n/a","n/a","n/a","n/a"
"09 Nov 93","7.0071","n/a","n/a","n/a","n/a","n/a"
"08 Nov 93","7.083","n/a","n/a","n/a","n/a","n/a"
"05 Nov 93","7.1002","n/a","n/a","n/a","n/a","n/a"
"04 Nov 93","6.9859","n/a","n/a","n/a","n/a","n/a"
"03 Nov 93","6.985","n/a","n/a","n/a","n/a","n/a"
"02 Nov 93","7.0289","n/a","n/a","n/a","n/a","n/a"
"01 Nov 93","7.0536","n/a","n/a","n/a","n/a","n/a"
"30 Sep 93","n/a","n/a","7.3236","6.7742","7.0833","6.6285"
"30 Jun 93","n/a","n/a","8.0837","7.3748","7.8062","7.1754"
"31 Mar 93","n/a","n/a","8.0831","7.1691","7.8787","7.0893"
"31 Dec 92","n/a","n/a","8.4937","7.8012","8.269","7.6028"
"30 Sep 92","n/a","n/a","9.2197","9.4524","9.0393","8.7108"
"30 Jun 92","n/a","n/a","9.2368","9.4561","9.1577","9.3426"
"31 Mar 92","n/a","n/a","9.534","9.7675","9.909","10.2317"
"31 Dec 91","n/a","n/a","9.7633","9.9116","9.7807","10.0732"
"30 Sep 91","n/a","n/a","10.0204","10.1194","9.6377","9.736"
"30 Jun 91","n/a","n/a","10.4031","10.4209","10.5603","10.6139"
"31 Mar 91","n/a","n/a","10.3594","10.4733","10.2052","10.2617"
"31 Dec 90","n/a","n/a","11.27","11.283","10.994","11.1752"
"30 Sep 90","n/a","n/a","11.9184","12.0881","12.0154","12.1074"
"30 Jun 90","n/a","n/a","12.1725","12.5996","11.5427","11.9023"
"31 Mar 90","n/a","n/a","11.5444","12.1415","12.3806","12.9508"

